name,position,team,pass_yds,pass_td,rush_yds,rush_td,rec,rec_yds,rec_td,return_td,off_fumble_return_td,two_pt,fg_0_19,fg_20_29,fg_30_39,fg_40_49,fg_50_plus,pat_made,def_td,def_safety,def_return_td,def_xp_returned,def_points_allowed
A.J. Brown,WR,TEN,0.0,0.0,0.0,0.0,70.0,1075.0,11.0,1.0,0,0.0,,,,,,,,,,,
A.J. Green,WR,ARI,0.0,0.0,0.0,0.0,47.0,523.0,2.0,0.0,0,0.0,,,,,,,,,,,
AJ Dillon,RB,GB,0.0,0.0,242.0,2.0,2.0,21.0,0.0,0.0,0,0.0,,,,,,,,,,,
AJ McCarron,QB,HOU,20.0,0.0,0.0,0.0,0.0,0.0,0.0,0.0,0,0.0,,,,,,,,,,,
Aaron Jones Sr.,RB,GB,0.0,0.0,1104.0,9.0,47.0,355.0,2.0,0.0,0,0.0,,,,,,,,,,,
Aaron Rodgers,QB,GB,4299.0,48.0,149.0,3.0,1.0,-6.0,0.0,0.0,0,0.0,,,,,,,,,,,
Adam Humphries,WR,TEN,0.0,0.0,0.0,0.0,23.0,228.0,2.0,0.0,0,0.0,,,,,,,,,,,
Adam Shaheen,TE,MIA,0.0,0.0,0.0,0.0,12.0,150.0,3.0,0.0,0,0.0,,,,,,,,,,,
Adam Thielen,WR,MIN,0.0,0.0,15.0,0.0,74.0,925.0,14.0,0.0,0,1.0,,,,,,,,,,,
Adam Trautman,TE,NO,0.0,0.0,0.0,0.0,15.0,171.0,1.0,0.0,0,0.0,,,,,,,,,,,
Adrian Peterson,RB,DET,0.0,0.0,604.0,7.0,12.0,101.0,0.0,0.0,0,0.0,,,,,,,,,,,
Albert Okwuegbunam Jr.,TE,DEN,0.0,0.0,0.0,0.0,11.0,121.0,1.0,0.0,0,0.0,,,,,,,,,,,
Aldrick Rosas,K,JAX,0.0,0.0,0.0,0.0,0.0,0.0,0.0,0.0,0,0.0,0.0,3.0,2.0,0.0,3.0,9.0,,,,,
Alex Collins,RB,SEA,0.0,0.0,77.0,2.0,1.0,4.0,0.0,0.0,0,0.0,,,,,,,,,,,
Alex Erickson,WR,CIN,0.0,0.0,7.0,0.0,12.0,139.0,0.0,0.0,0,0.0,,,,,,,,,,,
Alex Smith,QB,WSH,1582.0,6.0,3.0,0.0,0.0,0.0,0.0,0.0,0,0.0,,,,,,,,,,,
Alexander Mattison,RB,MIN,0.0,0.0,434.0,2.0,13.0,125.0,1.0,0.0,0,0.0,,,,,,,,,,,
Alfred Morris,RB,NYG,0.0,0.0,238.0,1.0,3.0,19.0,1.0,0.0,0,0.0,,,,,,,,,,,
Allen Lazard,WR,GB,0.0,0.0,17.0,0.0,33.0,451.0,3.0,0.0,0,0.0,,,,,,,,,,,
Alshon Jeffery,WR,PHI,0.0,0.0,0.0,0.0,6.0,115.0,1.0,0.0,0,0.0,,,,,,,,,,,
Alvin Kamara,RB,NO,0.0,0.0,932.0,16.0,83.0,756.0,5.0,0.0,0,0.0,,,,,,,,,,,
Amari Cooper,WR,DAL,0.0,0.0,14.0,0.0,92.0,1114.0,5.0,0.0,0,1.0,,,,,,,,,,,
Ameer Abdullah,RB,MIN,0.0,0.0,42.0,0.0,8.0,58.0,2.0,0.0,0,0.0,,,,,,,,,,,
Andy Dalton,QB,PHI,2169.0,14.0,114.0,0.0,1.0,-3.0,0.0,0.0,0,0.0,,,,,,,,,,,
Andy Isabella,WR,ARI,0.0,0.0,-6.0,0.0,21.0,224.0,2.0,0.0,0,0.0,,,,,,,,,,,
Anthony McFarland Jr.,RB,PIT,0.0,0.0,113.0,0.0,6.0,54.0,0.0,0.0,0,0.0,,,,,,,,,,,
Anthony Miller,WR,CHI,0.0,0.0,12.0,0.0,49.0,485.0,2.0,0.0,0,0.0,,,,,,,,,,,
Antonio Brown,WR,TB,0.0,0.0,-2.0,0.0,45.0,483.0,4.0,0.0,0,0.0,,,,,,,,,,,
Antonio Gandy-Golden,TE,WSH,0.0,0.0,22.0,0.0,1.0,3.0,0.0,0.0,0,0.0,,,,,,,,,,,
Antonio Gibson,RB,WSH,0.0,0.0,795.0,11.0,36.0,247.0,0.0,0.0,0,0.0,,,,,,,,,,,
Antonio Williams,RB,BUF,0.0,0.0,63.0,2.0,1.0,20.0,0.0,0.0,0,0.0,,,,,,,,,,,
Arizona Cardinals,DEF,ARI,,,,,,,,,,,,,,,,,0,0,0,0,367.0
Artavis Pierce,RB,CHI,0.0,0.0,34.0,1.0,0.0,0.0,0.0,0.0,0,0.0,,,,,,,,,,,
Atlanta Falcons,DEF,ATL,,,,,,,,,,,,,,,,,0,0,0,0,414.0
Auden Tate,WR,CIN,0.0,0.0,0.0,0.0,14.0,150.0,0.0,0.0,0,0.0,,,,,,,,,,,
Austin Ekeler,RB,LAC,0.0,0.0,530.0,1.0,54.0,403.0,2.0,0.0,0,0.0,,,,,,,,,,,
Austin Mack,WR,NYG,0.0,0.0,0.0,0.0,7.0,91.0,0.0,0.0,0,0.0,,,,,,,,,,,
Austin Seibert,K,CIN,,,,0.0,,,0.0,0.0,0,0.0,0.0,0.0,5.0,1.0,0.0,8.0,,,,,
Baker Mayfield,QB,CLE,3563.0,26.0,165.0,1.0,1.0,6.0,0.0,0.0,0,0.0,,,,,,,,,,,
Baltimore Ravens,DEF,BAL,,,,,,,,,,,,,,,,,0,0,0,0,303.0
Ben DiNucci,QB,DAL,219.0,0.0,22.0,0.0,0.0,0.0,0.0,0.0,0,0.0,,,,,,,,,,,
Ben Roethlisberger,QB,PIT,3803.0,33.0,11.0,0.0,0.0,0.0,0.0,0.0,0,0.0,,,,,,,,,,,
Benny Snell Jr.,RB,PIT,0.0,0.0,368.0,4.0,10.0,61.0,0.0,0.0,0,0.0,,,,,,,,,,,
Bisi Johnson,WR,MIN,0.0,0.0,0.0,0.0,14.0,189.0,0.0,0.0,0,1.0,,,,,,,,,,,
Blaine Gabbert,QB,TB,143.0,2.0,16.0,0.0,0.0,0.0,0.0,0.0,0,0.0,,,,,,,,,,,
Blake Bell,TE,DAL,0.0,0.0,2.0,0.0,11.0,110.0,0.0,0.0,0,0.0,,,,,,,,,,,
Bo Scarbrough,RB,SEA,0.0,0.0,31.0,0.0,0.0,0.0,0.0,0.0,0,0.0,,,,,,,,,,,
Boston Scott,RB,PHI,0.0,0.0,374.0,1.0,25.0,212.0,1.0,0.0,0,0.0,,,,,,,,,,,
Brandin Cooks,WR,HOU,0.0,0.0,0.0,0.0,81.0,1150.0,6.0,0.0,0,0.0,,,,,,,,,,,
Brandon Aiyuk,WR,SF,0.0,0.0,77.0,2.0,60.0,748.0,5.0,0.0,0,0.0,,,,,,,,,,,
Brandon Allen,QB,CIN,925.0,5.0,27.0,0.0,0.0,0.0,0.0,0.0,0,0.0,,,,,,,,,,,
Brandon McManus,K,DEN,,,,0.0,,,0.0,0.0,0,0.0,0.0,6.0,4.0,8.0,10.0,24.0,,,,,
Braxton Berrios,WR,NYJ,0.0,0.0,29.0,0.0,37.0,394.0,3.0,0.0,0,0.0,,,,,,,,,,,
Breshad Perriman,WR,NYJ,0.0,0.0,6.0,0.0,30.0,505.0,3.0,0.0,0,0.0,,,,,,,,,,,
Brett Rypien,QB,DEN,295.0,2.0,-5.0,0.0,0.0,0.0,0.0,0.0,0,0.0,,,,,,,,,,,
Brian Hill,RB,ATL,0.0,0.0,465.0,1.0,25.0,199.0,0.0,0.0,0,0.0,,,,,,,,,,,
Brian Hoyer,QB,NE,130.0,0.0,8.0,0.0,0.0,0.0,0.0,0.0,0,0.0,,,,,,,,,,,
Bryan Edwards,WR,LV,0.0,0.0,0.0,0.0,11.0,193.0,1.0,0.0,0,0.0,,,,,,,,,,,
Buddy Howell,RB,HOU,0.0,0.0,64.0,0.0,1.0,3.0,0.0,0.0,0,0.0,,,,,,,,,,,
Buffalo Bills,DEF,BUF,,,,,,,,,,,,,,,,,0,0,0,0,375.0
Byron Pringle,WR,KC,0.0,0.0,0.0,0.0,13.0,160.0,1.0,1.0,0,0.0,,,,,,,,,,,
C.J. Beathard,QB,SF,787.0,6.0,28.0,0.0,0.0,0.0,0.0,0.0,0,0.0,,,,,,,,,,,
C.J. Board,WR,NYG,0.0,0.0,3.0,0.0,11.0,101.0,0.0,0.0,0,0.0,,,,,,,,,,,
C.J. Prosise,RB,HOU,0.0,0.0,19.0,0.0,5.0,18.0,1.0,0.0,0,0.0,,,,,,,,,,,
Cairo Santos,K,CHI,,,,0.0,,,0.0,0.0,0,0.0,0.0,9.0,10.0,9.0,2.0,36.0,,,,,
Calvin Ridley,WR,ATL,0.0,0.0,1.0,0.0,90.0,1374.0,9.0,0.0,0,1.0,,,,,,,,,,,
Cam Akers,RB,LAR,0.0,0.0,625.0,2.0,11.0,123.0,1.0,0.0,0,0.0,,,,,,,,,,,
Cam Newton,QB,NE,2657.0,8.0,592.0,12.0,2.0,35.0,1.0,0.0,0,0.0,,,,,,,,,,,
Cam Sims,WR,WSH,0.0,0.0,5.0,0.0,32.0,477.0,1.0,0.0,0,0.0,,,,,,,,,,,
Cameron Batson,WR,TEN,0.0,0.0,20.0,0.0,12.0,100.0,1.0,0.0,0,0.0,,,,,,,,,,,
Cameron Brate,TE,TB,0.0,0.0,0.0,0.0,28.0,282.0,2.0,0.0,0,0.0,,,,,,,,,,,
Carlos Hyde,RB,SEA,0.0,0.0,356.0,4.0,16.0,93.0,0.0,0.0,0,0.0,,,,,,,,,,,
Carolina Panthers,DEF,CAR,,,,,,,,,,,,,,,,,0,0,0,0,402.0
Carson Wentz,QB,PHI,2620.0,16.0,276.0,5.0,0.0,0.0,0.0,0.0,0,0.0,,,,,,,,,,,
Case Keenum,QB,CLE,46.0,0.0,0.0,0.0,0.0,0.0,0.0,0.0,0,0.0,,,,,,,,,,,
Cedrick Wilson Jr.,WR,DAL,23.0,1.0,-12.0,0.0,17.0,189.0,2.0,0.0,0,0.0,,,,,,,,,,,
CeeDee Lamb,WR,DAL,0.0,0.0,82.0,1.0,74.0,935.0,5.0,1.0,0,1.0,,,,,,,,,,,
Chad Beebe,WR,MIN,0.0,0.0,0.0,0.0,20.0,201.0,2.0,0.0,0,0.0,,,,,,,,,,,
Chad Hansen,WR,HOU,0.0,0.0,0.0,0.0,17.0,236.0,1.0,0.0,0,0.0,,,,,,,,,,,
Chad Henne,QB,KC,248.0,2.0,-2.0,1.0,0.0,0.0,0.0,0.0,0,0.0,,,,,,,,,,,
Chase Claypool,WR,PIT,0.0,0.0,16.0,2.0,62.0,873.0,9.0,0.0,0,0.0,,,,,,,,,,,
Chase Daniel,QB,DET,264.0,1.0,16.0,0.0,0.0,0.0,0.0,0.0,0,0.0,,,,,,,,,,,
Chase Edmonds,RB,ARI,0.0,0.0,448.0,1.0,53.0,402.0,4.0,0.0,0,0.0,,,,,,,,,,,
Chase McLaughlin,K,NYJ,,,,0.0,,,0.0,0.0,0,0.0,0.0,1.0,1.0,1.0,1.0,5.0,,,,,
Chicago Bears,DEF,CHI,,,,,,,,,,,,,,,,,0,0,0,0,370.0
Chris Boswell,K,PIT,,,,0.0,,,0.0,0.0,0,0.0,0.0,5.0,6.0,7.0,1.0,34.0,,,,,
Chris Carson,RB,SEA,0.0,0.0,681.0,5.0,37.0,287.0,4.0,0.0,0,0.0,,,,,,,,,,,
Chris Conley,WR,JAX,0.0,0.0,0.0,0.0,40.0,471.0,1.0,0.0,0,0.0,,,,,,,,,,,
Chris Godwin Jr.,WR,TB,0.0,0.0,0.0,0.0,65.0,840.0,7.0,0.0,0,0.0,,,,,,,,,,,
Chris Herndon,TE,NYJ,0.0,0.0,0.0,0.0,31.0,287.0,3.0,0.0,0,0.0,,,,,,,,,,,
Chris Hogan,WR,NYJ,0.0,0.0,0.0,0.0,14.0,118.0,0.0,0.0,0,0.0,,,,,,,,,,,
Chris Streveler,QB,ARI,105.0,1.0,15.0,0.0,0.0,0.0,0.0,0.0,0,0.0,,,,,,,,,,,
Chris Thompson,RB,JAX,0.0,0.0,20.0,0.0,20.0,146.0,1.0,0.0,0,0.0,,,,,,,,,,,
Christian Blake,WR,ATL,0.0,0.0,0.0,0.0,13.0,141.0,0.0,0.0,0,0.0,,,,,,,,,,,
Christian Kirk,WR,ARI,0.0,0.0,3.0,0.0,48.0,621.0,6.0,0.0,0,0.0,,,,,,,,,,,
Christian McCaffrey,RB,CAR,0.0,0.0,225.0,5.0,17.0,149.0,1.0,0.0,0,0.0,,,,,,,,,,,
Cincinnati Bengals,DEF,CIN,,,,,,,,,,,,,,,,,0,0,0,0,424.0
Cleveland Browns,DEF,CLE,,,,,,,,,,,,,,,,,0,0,0,0,419.0
Clyde Edwards-Helaire,RB,KC,0.0,0.0,803.0,4.0,36.0,297.0,1.0,0.0,0,0.0,,,,,,,,,,,
Cody Parkey,K,CLE,,,,0.0,,,0.0,0.0,0,0.0,0.0,5.0,4.0,10.0,0.0,43.0,,,,,
Cole Beasley,WR,BUF,20.0,1.0,0.0,0.0,82.0,967.0,4.0,0.0,0,0.0,,,,,,,,,,,
Cole Kmet,TE,CHI,0.0,0.0,-3.0,0.0,28.0,243.0,2.0,0.0,0,0.0,,,,,,,,,,,
Collin Johnson,WR,JAX,0.0,0.0,0.0,0.0,18.0,272.0,2.0,0.0,0,1.0,,,,,,,,,,,
Cooper Kupp,WR,LAR,0.0,0.0,33.0,0.0,92.0,974.0,3.0,0.0,0,0.0,,,,,,,,,,,
Cordarrelle Patterson,RB,CHI,0.0,0.0,232.0,1.0,21.0,132.0,0.0,1.0,0,0.0,,,,,,,,,,,
Corey Clement,RB,PHI,0.0,0.0,75.0,1.0,5.0,25.0,0.0,0.0,0,0.0,,,,,,,,,,,
Corey Davis,WR,TEN,0.0,0.0,0.0,0.0,65.0,984.0,5.0,0.0,0,0.0,,,,,,,,,,,
Curtis Samuel,WR,CAR,0.0,0.0,200.0,2.0,77.0,851.0,3.0,0.0,0,0.0,,,,,,,,,,,
D'Andre Swift,RB,DET,0.0,0.0,521.0,8.0,46.0,357.0,2.0,0.0,0,0.0,,,,,,,,,,,
D'Ernest Johnson,RB,CLE,0.0,0.0,166.0,0.0,3.0,14.0,0.0,0.0,0,0.0,,,,,,,,,,,
D'Onta Foreman,RB,TEN,0.0,0.0,95.0,0.0,1.0,5.0,1.0,0.0,0,0.0,,,,,,,,,,,
DJ Chark,WR,JAX,0.0,0.0,0.0,0.0,53.0,706.0,5.0,0.0,0,0.0,,,,,,,,,,,
DJ Moore,WR,CAR,0.0,0.0,22.0,0.0,66.0,1193.0,4.0,0.0,0,0.0,,,,,,,,,,,
DK Metcalf,WR,SEA,0.0,0.0,0.0,0.0,83.0,1303.0,10.0,0.0,0,0.0,,,,,,,,,,,
DaeSean Hamilton,WR,DEN,0.0,0.0,0.0,0.0,23.0,293.0,2.0,0.0,0,0.0,,,,,,,,,,,
Dak Prescott,QB,DAL,1856.0,9.0,93.0,3.0,1.0,11.0,1.0,0.0,0,1.0,,,,,,,,,,,
Dallas Cowboys,DEF,DAL,,,,,,,,,,,,,,,,,0,0,0,0,473.0
Dallas Goedert,TE,PHI,0.0,0.0,0.0,0.0,46.0,524.0,3.0,0.0,0,0.0,,,,,,,,,,,
Dalton Schultz,TE,DAL,0.0,0.0,0.0,0.0,63.0,615.0,4.0,0.0,0,0.0,,,,,,,,,,,
Dalvin Cook,RB,MIN,0.0,0.0,1557.0,16.0,44.0,361.0,1.0,0.0,0,3.0,,,,,,,,,,,
Damien Harris,RB,NE,0.0,0.0,691.0,2.0,5.0,52.0,0.0,0.0,0,0.0,,,,,,,,,,,
Damiere Byrd,WR,NE,0.0,0.0,15.0,0.0,47.0,604.0,1.0,0.0,0,0.0,,,,,,,,,,,
Dan Bailey,K,MIN,,,,0.0,,,0.0,0.0,0,0.0,0.0,6.0,3.0,4.0,2.0,37.0,,,,,
Daniel Carlson,K,LV,,,,0.0,,,0.0,0.0,0,0.0,0.0,18.0,8.0,3.0,4.0,45.0,,,,,
Daniel Jones,QB,NYG,2943.0,11.0,423.0,1.0,0.0,0.0,0.0,0.0,0,0.0,,,,,,,,,,,
Danny Amendola,WR,DET,0.0,0.0,2.0,0.0,46.0,602.0,0.0,0.0,0,0.0,,,,,,,,,,,
Dare Ogunbowale,RB,JAX,0.0,0.0,145.0,0.0,10.0,54.0,0.0,0.0,0,0.0,,,,,,,,,,,
Darius Slayton,WR,NYG,0.0,0.0,-1.0,0.0,50.0,751.0,3.0,0.0,0,0.0,,,,,,,,,,,
Darnell Mooney,WR,CHI,0.0,0.0,20.0,0.0,61.0,631.0,4.0,0.0,0,1.0,,,,,,,,,,,
Darrel Williams,RB,KC,0.0,0.0,169.0,1.0,18.0,116.0,0.0,0.0,0,1.0,,,,,,,,,,,
Darrell Daniels,TE,ARI,0.0,0.0,0.0,0.0,8.0,92.0,1.0,0.0,0,0.0,,,,,,,,,,,
Darrell Henderson Jr.,RB,LAR,0.0,0.0,624.0,5.0,16.0,159.0,1.0,0.0,0,0.0,,,,,,,,,,,
Darren Waller,TE,LV,0.0,0.0,0.0,0.0,107.0,1196.0,9.0,0.0,0,1.0,,,,,,,,,,,
Darrynton Evans,RB,TEN,0.0,0.0,54.0,0.0,2.0,27.0,1.0,0.0,0,0.0,,,,,,,,,,,
Darwin Thompson,RB,KC,0.0,0.0,97.0,1.0,7.0,65.0,1.0,0.0,0,0.0,,,,,,,,,,,
Davante Adams,WR,GB,0.0,0.0,0.0,0.0,115.0,1374.0,18.0,0.0,0,0.0,,,,,,,,,,,
David Blough,QB,DET,49.0,0.0,18.0,0.0,0.0,0.0,0.0,0.0,0,0.0,,,,,,,,,,,
David Johnson,RB,HOU,0.0,0.0,691.0,6.0,33.0,314.0,2.0,0.0,0,0.0,,,,,,,,,,,
David Montgomery,RB,CHI,0.0,0.0,1070.0,8.0,54.0,438.0,2.0,0.0,0,1.0,,,,,,,,,,,
David Moore,WR,SEA,0.0,0.0,61.0,0.0,35.0,417.0,6.0,0.0,0,0.0,,,,,,,,,,,
David Njoku,TE,CLE,0.0,0.0,0.0,0.0,19.0,213.0,2.0,0.0,0,0.0,,,,,,,,,,,
Dawson Knox,TE,BUF,0.0,0.0,0.0,0.0,24.0,288.0,3.0,0.0,0,0.0,,,,,,,,,,,
DeAndre Hopkins,WR,ARI,0.0,0.0,1.0,0.0,115.0,1407.0,6.0,0.0,0,0.0,,,,,,,,,,,
DeAndre Washington,RB,MIA,0.0,0.0,91.0,0.0,5.0,30.0,0.0,0.0,0,0.0,,,,,,,,,,,
DeMichael Harris,WR,IND,0.0,0.0,46.0,0.0,10.0,79.0,0.0,0.0,0,0.0,,,,,,,,,,,
DeSean Jackson,WR,PHI,0.0,0.0,12.0,0.0,14.0,236.0,1.0,0.0,0,0.0,,,,,,,,,,,
DeVante Parker,WR,MIA,0.0,0.0,0.0,0.0,63.0,793.0,4.0,0.0,0,0.0,,,,,,,,,,,
DeeJay Dallas,RB,SEA,0.0,0.0,108.0,2.0,17.0,111.0,1.0,0.0,0,0.0,,,,,,,,,,,
Deebo Samuel,WR,SF,0.0,0.0,26.0,0.0,33.0,391.0,1.0,0.0,0,0.0,,,,,,,,,,,
Demarcus Robinson,WR,KC,0.0,0.0,0.0,0.0,45.0,466.0,3.0,0.0,0,0.0,,,,,,,,,,,
Denver Broncos,DEF,DEN,,,,,,,,,,,,,,,,,0,0,0,0,446.0
Deonte Harty,WR,NO,0.0,0.0,51.0,0.0,20.0,186.0,1.0,0.0,0,0.0,,,,,,,,,,,
Derek Carr,QB,LV,4103.0,27.0,140.0,3.0,0.0,0.0,0.0,0.0,0,0.0,,,,,,,,,,,
Derrick Henry,RB,TEN,0.0,0.0,2027.0,17.0,19.0,114.0,0.0,0.0,0,1.0,,,,,,,,,,,
Deshaun Watson,QB,HOU,4823.0,33.0,444.0,3.0,0.0,0.0,0.0,0.0,0,0.0,,,,,,,,,,,
Detroit Lions,DEF,DET,,,,,,,,,,,,,,,,,0,0,0,0,519.0
Devin Duvernay,WR,BAL,0.0,0.0,70.0,0.0,20.0,201.0,0.0,1.0,0,0.0,,,,,,,,,,,
Devin Singletary,RB,BUF,0.0,0.0,687.0,2.0,38.0,269.0,0.0,0.0,0,0.0,,,,,,,,,,,
Devonta Freeman,RB,NYG,0.0,0.0,172.0,1.0,7.0,58.0,0.0,0.0,0,0.0,,,,,,,,,,,
Devontae Booker,RB,LV,0.0,0.0,423.0,3.0,17.0,84.0,0.0,0.0,0,0.0,,,,,,,,,,,
Dion Lewis,RB,NYG,0.0,0.0,115.0,2.0,19.0,127.0,1.0,0.0,0,0.0,,,,,,,,,,,
Diontae Johnson,WR,PIT,0.0,0.0,15.0,0.0,88.0,923.0,7.0,0.0,0,0.0,,,,,,,,,,,
Diontae Spencer,WR,DEN,0.0,0.0,19.0,0.0,3.0,26.0,0.0,1.0,0,0.0,,,,,,,,,,,
Donald Parham Jr.,TE,LAC,0.0,0.0,0.0,0.0,10.0,159.0,2.0,0.0,0,0.0,,,,,,,,,,,
Donovan Peoples-Jones,WR,CLE,0.0,0.0,0.0,0.0,14.0,304.0,2.0,0.0,0,1.0,,,,,,,,,,,
Dontrell Hilliard,RB,HOU,0.0,0.0,48.0,0.0,1.0,2.0,0.0,0.0,0,0.0,,,,,,,,,,,
Dontrelle Inman,WR,WSH,0.0,0.0,0.0,0.0,18.0,163.0,2.0,0.0,0,0.0,,,,,,,,,,,
Drew Brees,QB,NO,2942.0,24.0,-2.0,2.0,0.0,0.0,0.0,0.0,0,0.0,,,,,,,,,,,
Drew Lock,QB,DEN,2933.0,16.0,160.0,3.0,0.0,0.0,0.0,0.0,0,0.0,,,,,,,,,,,
Duke Johnson,RB,HOU,0.0,0.0,235.0,1.0,28.0,249.0,1.0,0.0,0,0.0,,,,,,,,,,,
Durham Smythe,TE,MIA,0.0,0.0,0.0,0.0,26.0,208.0,2.0,0.0,0,0.0,,,,,,,,,,,
Dustin Hopkins,K,WSH,,,,0.0,,,0.0,0.0,0,0.0,0.0,5.0,7.0,13.0,2.0,30.0,,,,,
Dwayne Haskins,QB,WSH,1439.0,5.0,46.0,1.0,0.0,0.0,0.0,0.0,0,0.0,,,,,,,,,,,
Dwayne Washington,RB,NO,0.0,0.0,15.0,0.0,0.0,0.0,0.0,0.0,0,0.0,,,,,,,,,,,
Easton Stick,QB,LAC,4.0,0.0,-2.0,0.0,0.0,0.0,0.0,0.0,0,0.0,,,,,,,,,,,
Elijhaa Penny,RB,NYG,0.0,0.0,15.0,0.0,2.0,20.0,0.0,0.0,0,0.0,,,,,,,,,,,
Elliott Fry,K,ATL,,,,0.0,,,0.0,0.0,0,0.0,0.0,1.0,0.0,0.0,0.0,1.0,,,,,
Emmanuel Sanders,WR,NO,0.0,0.0,12.0,0.0,61.0,726.0,5.0,0.0,0,0.0,,,,,,,,,,,
Equanimeous St. Brown,WR,GB,0.0,0.0,7.0,0.0,7.0,117.0,1.0,0.0,0,0.0,,,,,,,,,,,
Eric Ebron,TE,PIT,0.0,0.0,0.0,0.0,56.0,558.0,5.0,0.0,0,1.0,,,,,,,,,,,
Evan Engram,TE,NYG,0.0,0.0,26.0,1.0,63.0,654.0,1.0,0.0,0,0.0,,,,,,,,,,,
Ezekiel Elliott,RB,DAL,0.0,0.0,979.0,6.0,52.0,338.0,2.0,0.0,0,1.0,,,,,,,,,,,
Foster Moreau,TE,LV,0.0,0.0,0.0,0.0,7.0,140.0,2.0,0.0,0,0.0,,,,,,,,,,,
Frank Gore,RB,NYJ,0.0,0.0,653.0,2.0,16.0,89.0,0.0,0.0,0,0.0,,,,,,,,,,,
Freddie Swain,WR,SEA,0.0,0.0,0.0,0.0,13.0,159.0,2.0,0.0,0,0.0,,,,,,,,,,,
Gabe Davis,WR,BUF,0.0,0.0,0.0,0.0,35.0,599.0,7.0,0.0,0,0.0,,,,,,,,,,,
Gardner Minshew II,QB,JAX,2259.0,16.0,153.0,1.0,1.0,0.0,0.0,0.0,0,0.0,,,,,,,,,,,
Garrett Gilbert,QB,DAL,243.0,1.0,28.0,0.0,0.0,0.0,0.0,0.0,0,0.0,,,,,,,,,,,
Geno Smith,QB,SEA,33.0,0.0,-2.0,0.0,0.0,0.0,0.0,0.0,0,0.0,,,,,,,,,,,
George Kittle,TE,SF,0.0,0.0,17.0,0.0,48.0,634.0,2.0,0.0,0,0.0,,,,,,,,,,,
Golden Tate,WR,NYG,18.0,0.0,0.0,0.0,35.0,388.0,2.0,0.0,0,0.0,,,,,,,,,,,
Graham Gano,K,NYG,,,,0.0,,,0.0,0.0,0,0.0,0.0,4.0,13.0,9.0,5.0,21.0,,,,,
Green Bay Packers,DEF,GB,,,,,,,,,,,,,,,,,0,0,0,0,369.0
Greg Olsen,TE,SEA,0.0,0.0,0.0,0.0,24.0,239.0,1.0,0.0,0,0.0,,,,,,,,,,,
Greg Ward,WR,PHI,15.0,0.0,-4.0,0.0,53.0,419.0,6.0,0.0,0,1.0,,,,,,,,,,,
Greg Zuerlein,K,DAL,,,,0.0,,,0.0,0.0,0,0.0,1.0,5.0,13.0,12.0,3.0,33.0,,,,,
Gunner Olszewski,WR,NE,0.0,0.0,23.0,0.0,5.0,62.0,1.0,1.0,0,0.0,,,,,,,,,,,
Gus Edwards,RB,BAL,0.0,0.0,723.0,6.0,9.0,129.0,0.0,0.0,0,0.0,,,,,,,,,,,
Harrison Bryant,TE,CLE,0.0,0.0,0.0,0.0,24.0,238.0,3.0,0.0,0,0.0,,,,,,,,,,,
Harrison Butker,K,KC,,,,0.0,,,0.0,0.0,0,0.0,2.0,7.0,9.0,3.0,4.0,48.0,,,,,
Hayden Hurst,TE,ATL,0.0,0.0,0.0,0.0,56.0,571.0,6.0,0.0,0,0.0,,,,,,,,,,,
Henry Ruggs III,WR,LV,0.0,0.0,49.0,0.0,26.0,452.0,2.0,0.0,0,0.0,,,,,,,,,,,
Hollywood Brown,WR,BAL,0.0,0.0,1.0,0.0,58.0,769.0,8.0,0.0,0,0.0,,,,,,,,,,,
Houston Texans,DEF,HOU,,,,,,,,,,,,,,,,,0,0,0,0,464.0
Hunter Henry,TE,LAC,0.0,0.0,0.0,0.0,60.0,613.0,4.0,0.0,0,0.0,,,,,,,,,,,
Hunter Renfrow,WR,LV,0.0,0.0,0.0,0.0,56.0,656.0,2.0,0.0,0,0.0,,,,,,,,,,,
Ian Thomas,TE,CAR,0.0,0.0,0.0,0.0,20.0,145.0,1.0,0.0,0,0.0,,,,,,,,,,,
Indianapolis Colts,DEF,IND,,,,,,,,,,,,,,,,,0,0,0,0,362.0
Isaiah Ford,WR,NE,0.0,0.0,0.0,0.0,28.0,276.0,0.0,0.0,0,0.0,,,,,,,,,,,
Isaiah McKenzie,WR,BUF,12.0,1.0,9.0,0.0,30.0,282.0,5.0,1.0,0,0.0,,,,,,,,,,,
Isaiah Wright,WR,WSH,0.0,0.0,16.0,0.0,27.0,197.0,0.0,0.0,0,0.0,,,,,,,,,,,
Isaiah Zuber,WR,NE,0.0,0.0,21.0,0.0,2.0,29.0,0.0,0.0,0,0.0,,,,,,,,,,,
Ito Smith,RB,ATL,0.0,0.0,268.0,1.0,17.0,75.0,0.0,0.0,0,0.0,,,,,,,,,,,
J.D. McKissic,RB,WSH,0.0,0.0,365.0,1.0,80.0,589.0,2.0,0.0,0,0.0,,,,,,,,,,,
J.J. Taylor,RB,NE,0.0,0.0,110.0,0.0,1.0,4.0,0.0,0.0,0,0.0,,,,,,,,,,,
J.K. Dobbins,RB,BAL,0.0,0.0,805.0,9.0,18.0,120.0,0.0,0.0,0,2.0,,,,,,,,,,,
JaMycal Hasty,RB,SF,0.0,0.0,148.0,1.0,7.0,33.0,0.0,0.0,0,0.0,,,,,,,,,,,
Jace Sternberger,TE,GB,0.0,0.0,0.0,0.0,12.0,114.0,1.0,0.0,0,0.0,,,,,,,,,,,
Jack Doyle,TE,IND,0.0,0.0,0.0,0.0,23.0,251.0,3.0,0.0,0,0.0,,,,,,,,,,,
Jacksonville Jaguars,DEF,JAX,,,,,,,,,,,,,,,,,0,0,0,0,492.0
Jacob Hollister,TE,SEA,0.0,0.0,0.0,0.0,25.0,209.0,3.0,0.0,0,1.0,,,,,,,,,,,
Jacoby Brissett,QB,IND,17.0,0.0,19.0,3.0,0.0,0.0,0.0,0.0,0,0.0,,,,,,,,,,,
Jake Elliott,K,PHI,,,,0.0,,,0.0,0.0,0,0.0,0.0,1.0,6.0,5.0,2.0,24.0,,,,,
Jake Luton,QB,JAX,624.0,2.0,13.0,1.0,0.0,0.0,0.0,0.0,0,0.0,,,,,,,,,,,
Jakeem Grant Sr.,WR,MIA,0.0,0.0,20.0,0.0,36.0,373.0,1.0,1.0,0,0.0,,,,,,,,,,,
Jakobi Meyers,WR,NE,43.0,2.0,9.0,0.0,59.0,729.0,0.0,0.0,0,1.0,,,,,,,,,,,
Jalen Guyton,WR,LAC,0.0,0.0,0.0,0.0,28.0,511.0,2.0,0.0,0,0.0,,,,,,,,,,,
Jalen Hurts,QB,PHI,1061.0,6.0,354.0,3.0,1.0,3.0,0.0,0.0,0,0.0,,,,,,,,,,,
Jalen Reagor,WR,PHI,0.0,0.0,26.0,0.0,31.0,396.0,1.0,1.0,0,1.0,,,,,,,,,,,
Jalen Richard,RB,LV,0.0,0.0,123.0,1.0,19.0,138.0,0.0,0.0,0,0.0,,,,,,,,,,,
Jamaal Williams,RB,GB,0.0,0.0,505.0,2.0,31.0,236.0,1.0,0.0,0,2.0,,,,,,,,,,,
Jamal Agnew,WR,DET,0.0,0.0,33.0,0.0,13.0,89.0,0.0,1.0,0,0.0,,,,,,,,,,,
Jameis Winston,QB,NO,75.0,0.0,-6.0,0.0,0.0,0.0,0.0,0.0,0,0.0,,,,,,,,,,,
James Conner,RB,PIT,0.0,0.0,721.0,6.0,35.0,215.0,0.0,0.0,0,0.0,,,,,,,,,,,
James O'Shaughnessy,TE,JAX,0.0,0.0,0.0,0.0,28.0,262.0,0.0,0.0,0,0.0,,,,,,,,,,,
James Robinson,RB,JAX,0.0,0.0,1070.0,6.0,49.0,344.0,2.0,0.0,0,0.0,,,,,,,,,,,
Jamison Crowder,WR,NYJ,43.0,1.0,14.0,0.0,59.0,699.0,6.0,0.0,0,0.0,,,,,,,,,,,
Jared Cook,TE,NO,0.0,0.0,0.0,0.0,37.0,504.0,7.0,0.0,0,0.0,,,,,,,,,,,
Jared Goff,QB,LAR,3952.0,20.0,99.0,4.0,0.0,0.0,0.0,0.0,0,0.0,,,,,,,,,,,
Jarrett Stidham,QB,NE,256.0,2.0,7.0,0.0,0.0,0.0,0.0,0.0,0,0.0,,,,,,,,,,,
Jason Huntley,RB,PHI,0.0,0.0,19.0,0.0,1.0,0.0,0.0,0.0,0,0.0,,,,,,,,,,,
Jason Myers,K,SEA,,,,0.0,,,0.0,0.0,0,0.0,0.0,2.0,7.0,13.0,2.0,49.0,,,,,
Jason Sanders,K,MIA,,,,0.0,,,0.0,0.0,0,0.0,1.0,8.0,7.0,12.0,8.0,36.0,,,,,
Jaylen Samuels,RB,PIT,0.0,0.0,28.0,0.0,9.0,46.0,0.0,0.0,0,0.0,,,,,,,,,,,
Jeff Driskel,QB,DEN,432.0,3.0,28.0,0.0,0.0,0.0,0.0,0.0,0,0.0,,,,,,,,,,,
Jeff Smith,WR,NYJ,0.0,0.0,0.0,0.0,17.0,167.0,0.0,0.0,0,0.0,,,,,,,,,,,
Jeff Wilson Jr.,RB,SF,0.0,0.0,600.0,7.0,13.0,133.0,3.0,0.0,0,0.0,,,,,,,,,,,
Jeremy McNichols,RB,TEN,0.0,0.0,204.0,1.0,12.0,55.0,0.0,0.0,0,0.0,,,,,,,,,,,
Jerick McKinnon,RB,SF,0.0,0.0,319.0,5.0,33.0,253.0,1.0,0.0,0,0.0,,,,,,,,,,,
Jerry Jeudy,WR,DEN,0.0,0.0,0.0,0.0,52.0,856.0,3.0,0.0,0,1.0,,,,,,,,,,,
Jesse James,TE,DET,0.0,0.0,0.0,0.0,14.0,129.0,2.0,0.0,0,0.0,,,,,,,,,,,
Jimmy Garoppolo,QB,LAR,1096.0,7.0,25.0,0.0,0.0,0.0,0.0,0.0,0,0.0,,,,,,,,,,,
Jimmy Graham,TE,CHI,0.0,0.0,0.0,0.0,50.0,456.0,8.0,0.0,0,0.0,,,,,,,,,,,
Joe Burrow,QB,CIN,2688.0,13.0,142.0,3.0,0.0,0.0,0.0,0.0,0,0.0,,,,,,,,,,,
Joe Flacco,QB,NYJ,864.0,6.0,22.0,0.0,0.0,0.0,0.0,0.0,0,0.0,,,,,,,,,,,
Joe Mixon,RB,CIN,0.0,0.0,428.0,3.0,21.0,138.0,1.0,0.0,0,0.0,,,,,,,,,,,
Joe Reed,WR,LAC,0.0,0.0,29.0,0.0,0.0,0.0,0.0,0.0,0,0.0,,,,,,,,,,,
Joey Slye,K,CAR,,,,0.0,,,0.0,0.0,0,0.0,0.0,11.0,10.0,7.0,1.0,33.0,,,,,
John Hightower,WR,PHI,0.0,0.0,1.0,0.0,10.0,167.0,0.0,0.0,0,1.0,,,,,,,,,,,
John Wolford,QB,LAR,231.0,0.0,56.0,0.0,0.0,0.0,0.0,0.0,0,0.0,,,,,,,,,,,
Jon Brown,K,JAX,,,,0.0,,,0.0,0.0,0,0.0,0.0,0.0,1.0,0.0,0.0,1.0,,,,,
Jonathan Taylor,RB,IND,0.0,0.0,1169.0,11.0,36.0,299.0,1.0,0.0,0,0.0,,,,,,,,,,,
Jordan Howard,RB,PHI,0.0,0.0,60.0,4.0,1.0,-3.0,0.0,0.0,0,0.0,,,,,,,,,,,
Jordan Reed,TE,SF,0.0,0.0,0.0,0.0,26.0,231.0,4.0,0.0,0,0.0,,,,,,,,,,,
Jordan Wilkins,RB,IND,0.0,0.0,308.0,1.0,12.0,105.0,0.0,0.0,0,1.0,,,,,,,,,,,
Josh Adams,RB,NYJ,0.0,0.0,157.0,2.0,6.0,29.0,0.0,0.0,0,0.0,,,,,,,,,,,
Josh Allen,QB,BUF,4544.0,37.0,421.0,8.0,1.0,12.0,1.0,0.0,0,0.0,,,,,,,,,,,
Josh Jacobs,RB,LV,0.0,0.0,1065.0,12.0,33.0,238.0,0.0,0.0,0,0.0,,,,,,,,,,,
Josh Lambo,K,JAX,,,,0.0,,,0.0,0.0,0,0.0,0.0,0.0,2.0,1.0,2.0,8.0,,,,,
Josh Reynolds,WR,LAR,0.0,0.0,5.0,0.0,52.0,618.0,2.0,0.0,0,0.0,,,,,,,,,,,
Joshua Dobbs,QB,PIT,2.0,0.0,20.0,0.0,0.0,0.0,0.0,0.0,0,0.0,,,,,,,,,,,
Joshua Kelley,RB,LAC,0.0,0.0,354.0,2.0,23.0,148.0,0.0,0.0,0,0.0,,,,,,,,,,,
JuJu Smith-Schuster,WR,PIT,0.0,0.0,0.0,0.0,97.0,831.0,9.0,0.0,0,1.0,,,,,,,,,,,
Julian Edelman,WR,NE,38.0,0.0,22.0,0.0,21.0,315.0,0.0,0.0,0,0.0,,,,,,,,,,,
Julio Jones,WR,ATL,0.0,0.0,0.0,0.0,51.0,771.0,3.0,0.0,0,0.0,,,,,,,,,,,
Justice Hill,RB,BAL,0.0,0.0,60.0,0.0,5.0,20.0,0.0,0.0,0,0.0,,,,,,,,,,,
Justin Herbert,QB,LAC,4336.0,31.0,234.0,4.0,0.0,0.0,0.0,0.0,0,0.0,,,,,,,,,,,
Justin Jackson,RB,LAC,0.0,0.0,270.0,0.0,19.0,173.0,0.0,0.0,0,1.0,,,,,,,,,,,
Justin Jefferson,WR,MIN,0.0,0.0,2.0,0.0,88.0,1400.0,7.0,0.0,0,2.0,,,,,,,,,,,
Justin Watson,WR,TB,0.0,0.0,0.0,0.0,7.0,94.0,0.0,0.0,0,0.0,,,,,,,,,,,
KJ Hamler,WR,DEN,0.0,0.0,40.0,0.0,30.0,381.0,3.0,0.0,0,0.0,,,,,,,,,,,
Ka'imi Fairbairn,K,HOU,,,,0.0,,,0.0,0.0,0,0.0,0.0,8.0,9.0,6.0,4.0,37.0,,,,,
Kaden Smith,TE,NYG,0.0,0.0,0.0,0.0,18.0,112.0,0.0,0.0,0,0.0,,,,,,,,,,,
Kai Forbath,K,LAR,,,,0.0,,,0.0,0.0,0,0.0,0.0,2.0,0.0,0.0,0.0,4.0,,,,,
Kalen Ballage,RB,LAC,0.0,0.0,303.0,3.0,29.0,166.0,0.0,0.0,0,0.0,,,,,,,,,,,
Kalif Raymond,WR,TEN,0.0,0.0,-3.0,0.0,9.0,187.0,0.0,0.0,0,0.0,,,,,,,,,,,
Kansas City Chiefs,DEF,KC,,,,,,,,,,,,,,,,,0,0,0,0,362.0
Kareem Hunt,RB,CLE,0.0,0.0,841.0,6.0,38.0,304.0,5.0,0.0,0,0.0,,,,,,,,,,,
Ke'Shawn Vaughn,RB,TB,0.0,0.0,109.0,0.0,5.0,34.0,1.0,0.0,0,0.0,,,,,,,,,,,
KeeSean Johnson,WR,ARI,0.0,0.0,0.0,0.0,15.0,173.0,0.0,0.0,0,0.0,,,,,,,,,,,
Keelan Cole Sr.,WR,JAX,0.0,0.0,2.0,0.0,55.0,642.0,5.0,1.0,0,0.0,0.0,0.0,0.0,0.0,0.0,0.0,,,,,
Keenan Allen,WR,LAC,0.0,0.0,-1.0,0.0,100.0,992.0,8.0,0.0,0,1.0,,,,,,,,,,,
Kendall Hinton,WR,DEN,13.0,0.0,7.0,0.0,0.0,0.0,0.0,0.0,0,0.0,,,,,,,,,,,
Kendrick Bourne,WR,SF,0.0,0.0,0.0,0.0,49.0,667.0,2.0,0.0,0,1.0,,,,,,,,,,,
Kenny Stills,WR,BUF,0.0,0.0,0.0,0.0,11.0,144.0,1.0,0.0,0,0.0,,,,,,,,,,,
Kenyan Drake,RB,ARI,0.0,0.0,955.0,10.0,25.0,137.0,0.0,0.0,0,0.0,,,,,,,,,,,
Kerryon Johnson,RB,DET,0.0,0.0,181.0,2.0,19.0,187.0,1.0,0.0,0,0.0,,,,,,,,,,,
KhaDarel Hodge,WR,CLE,0.0,0.0,0.0,0.0,11.0,180.0,0.0,0.0,0,0.0,,,,,,,,,,,
Kirk Cousins,QB,MIN,4265.0,35.0,156.0,1.0,0.0,0.0,0.0,0.0,0,0.0,,,,,,,,,,,
Kyle Allen,QB,WSH,610.0,4.0,26.0,1.0,0.0,0.0,0.0,0.0,0,0.0,,,,,,,,,,,
Kyler Murray,QB,ARI,3971.0,26.0,819.0,11.0,0.0,0.0,0.0,0.0,0,0.0,,,,,,,,,,,
La'Mical Perine,RB,NYJ,0.0,0.0,232.0,2.0,11.0,63.0,0.0,0.0,0,0.0,,,,,,,,,,,
Lamar Jackson,QB,BAL,2757.0,26.0,1005.0,7.0,0.0,0.0,0.0,0.0,0,0.0,,,,,,,,,,,
Larry Fitzgerald,WR,ARI,0.0,0.0,0.0,0.0,54.0,409.0,1.0,0.0,0,0.0,,,,,,,,,,,
Las Vegas Raiders,DEF,LV,,,,,,,,,,,,,,,,,0,0,0,0,478.0
Laviska Shenault Jr.,WR,JAX,0.0,0.0,91.0,0.0,58.0,600.0,5.0,0.0,0,0.0,,,,,,,,,,,
Le'Veon Bell,RB,KC,0.0,0.0,328.0,2.0,16.0,138.0,0.0,0.0,0,0.0,,,,,,,,,,,
LeSean McCoy,RB,TB,0.0,0.0,31.0,0.0,15.0,101.0,0.0,0.0,0,0.0,,,,,,,,,,,
Leonard Fournette,RB,TB,0.0,0.0,367.0,6.0,36.0,233.0,0.0,0.0,0,0.0,,,,,,,,,,,
Logan Thomas,TE,SF,28.0,0.0,5.0,0.0,72.0,670.0,6.0,0.0,0,0.0,,,,,,,,,,,
Logan Woodside,QB,TEN,7.0,0.0,10.0,0.0,0.0,0.0,0.0,0.0,0,0.0,,,,,,,,,,,
Los Angeles Chargers,DEF,LAC,,,,,,,,,,,,,,,,,0,0,0,0,426.0
Los Angeles Rams,DEF,LAR,,,,,,,,,,,,,,,,,0,0,0,0,296.0
Lynn Bowden Jr.,WR,MIA,32.0,0.0,32.0,0.0,28.0,211.0,0.0,0.0,0,0.0,,,,,,,,,,,
Mack Hollins,WR,MIA,0.0,0.0,0.0,0.0,16.0,176.0,1.0,0.0,0,0.0,,,,,,,,,,,
Malcolm Brown,RB,LAR,0.0,0.0,419.0,5.0,23.0,162.0,0.0,0.0,0,0.0,,,,,,,,,,,
Malcolm Perry,RB,MIA,0.0,0.0,5.0,0.0,9.0,92.0,1.0,0.0,0,0.0,,,,,,,,,,,
Marcedes Lewis,TE,GB,0.0,0.0,0.0,0.0,10.0,107.0,3.0,0.0,0,0.0,,,,,,,,,,,
Marcus Johnson,WR,IND,0.0,0.0,0.0,0.0,14.0,255.0,0.0,0.0,0,0.0,,,,,,,,,,,
Marcus Mariota,QB,LV,226.0,1.0,88.0,1.0,0.0,0.0,0.0,0.0,0,0.0,,,,,,,,,,,
Mark Andrews,TE,BAL,0.0,0.0,0.0,0.0,58.0,701.0,7.0,0.0,0,0.0,,,,,,,,,,,
Mark Ingram II,RB,BAL,0.0,0.0,299.0,2.0,6.0,50.0,0.0,0.0,0,0.0,,,,,,,,,,,
Marlon Mack,RB,IND,0.0,0.0,26.0,0.0,3.0,30.0,0.0,0.0,0,0.0,,,,,,,,,,,
Marquez Callaway,WR,NO,0.0,0.0,0.0,0.0,21.0,213.0,0.0,0.0,0,0.0,,,,,,,,,,,
Marquez Valdes-Scantling,WR,GB,0.0,0.0,13.0,0.0,33.0,690.0,6.0,0.0,0,0.0,,,,,,,,,,,
Marvin Hall,WR,CLE,0.0,0.0,1.0,0.0,18.0,302.0,2.0,0.0,0,0.0,,,,,,,,,,,
Marvin Jones Jr.,WR,DET,0.0,0.0,0.0,0.0,76.0,978.0,9.0,0.0,0,0.0,,,,,,,,,,,
Mason Crosby,K,GB,,,,0.0,,,0.0,0.0,0,0.0,1.0,1.0,5.0,5.0,4.0,59.0,,,,,
Mason Rudolph,QB,PIT,324.0,2.0,-6.0,0.0,0.0,0.0,0.0,0.0,0,0.0,,,,,,,,,,,
Matt Barkley,QB,BUF,197.0,1.0,-6.0,0.0,0.0,0.0,0.0,0.0,0,0.0,,,,,,,,,,,
Matt Breida,RB,MIA,0.0,0.0,254.0,0.0,9.0,96.0,0.0,0.0,0,0.0,,,,,,,,,,,
Matt Gay,K,LAR,,,,0.0,,,0.0,0.0,0,0.0,0.0,2.0,5.0,6.0,1.0,16.0,,,,,
Matt Prater,K,DET,,,,0.0,,,0.0,0.0,0,0.0,0.0,4.0,7.0,4.0,6.0,38.0,,,,,
Matt Ryan,QB,ATL,4581.0,26.0,92.0,2.0,0.0,0.0,0.0,0.0,0,0.0,,,,,,,,,,,
Matthew Slater,WR,NE,,,,0.0,,,0.0,0.0,0,0.0,,,,,,,,,,,
Matthew Stafford,QB,DET,4084.0,26.0,112.0,0.0,0.0,0.0,0.0,0.0,0,0.0,,,,,,,,,,,
Matthew Wright,K,PIT,,,,0.0,,,0.0,0.0,0,0.0,0.0,1.0,1.0,2.0,0.0,7.0,,,,,
Maxx Williams,TE,ARI,0.0,0.0,0.0,0.0,8.0,102.0,1.0,0.0,0,0.0,,,,,,,,,,,
Mecole Hardman Jr.,WR,KC,0.0,0.0,31.0,0.0,41.0,560.0,4.0,1.0,0,1.0,,,,,,,,,,,
Melvin Gordon III,RB,DEN,0.0,0.0,986.0,9.0,32.0,158.0,1.0,0.0,0,0.0,,,,,,,,,,,
Miami Dolphins,DEF,MIA,,,,,,,,,,,,,,,,,0,0,0,0,338.0
Michael Badgley,K,LAC,,,,0.0,,,0.0,0.0,0,0.0,0.0,8.0,6.0,8.0,2.0,36.0,,,,,
Michael Gallup,WR,DAL,0.0,0.0,0.0,0.0,59.0,843.0,5.0,0.0,0,0.0,,,,,,,,,,,
Michael Pittman Jr.,WR,IND,0.0,0.0,26.0,0.0,40.0,503.0,1.0,0.0,0,0.0,,,,,,,,,,,
Mike Boone,RB,MIN,0.0,0.0,59.0,1.0,2.0,10.0,0.0,0.0,0,0.0,,,,,,,,,,,
Mike Davis,RB,CAR,0.0,0.0,642.0,6.0,59.0,373.0,2.0,0.0,0,0.0,,,,,,,,,,,
Mike Evans,WR,TB,0.0,0.0,0.0,0.0,70.0,1006.0,13.0,0.0,0,0.0,,,,,,,,,,,
Mike Gesicki,TE,MIA,0.0,0.0,0.0,0.0,53.0,703.0,6.0,0.0,0,0.0,,,,,,,,,,,
Mike Glennon,QB,JAX,1072.0,7.0,17.0,0.0,0.0,0.0,0.0,0.0,0,0.0,,,,,,,,,,,
Mike Nugent,K,ARI,,,,0.0,,,0.0,0.0,0,0.0,0.0,1.0,4.0,2.0,0.0,7.0,,,,,
Mike Thomas,WR,CIN,0.0,0.0,1.0,0.0,13.0,132.0,1.0,0.0,0,0.0,,,,,,,,,,,
Mike Williams,WR,LAC,0.0,0.0,1.0,0.0,48.0,756.0,5.0,0.0,0,0.0,,,,,,,,,,,
Miles Boykin,WR,BAL,0.0,0.0,0.0,0.0,19.0,266.0,4.0,0.0,0,0.0,,,,,,,,,,,
Miles Sanders,RB,PHI,0.0,0.0,867.0,6.0,28.0,197.0,0.0,0.0,0,2.0,,,,,,,,,,,
Minnesota Vikings,DEF,MIN,,,,,,,,,,,,,,,,,0,0,0,0,475.0
Mitchell Trubisky,QB,CHI,2055.0,16.0,195.0,1.0,0.0,0.0,0.0,0.0,0,0.0,,,,,,,,,,,
Mohamed Sanu,WR,DET,0.0,0.0,3.0,0.0,17.0,187.0,1.0,0.0,0,1.0,,,,,,,,,,,
Myles Gaskin,RB,MIA,0.0,0.0,584.0,3.0,41.0,388.0,2.0,0.0,0,0.0,,,,,,,,,,,
N'Keal Harry,TE,NE,0.0,0.0,0.0,0.0,33.0,309.0,2.0,0.0,0,0.0,,,,,,,,,,,
Nate Sudfeld,QB,PHI,32.0,0.0,12.0,0.0,0.0,0.0,0.0,0.0,0,0.0,,,,,,,,,,,
Nathan Peterman,QB,LV,25.0,0.0,9.0,0.0,0.0,0.0,0.0,0.0,0,0.0,,,,,,,,,,,
Nelson Agholor,WR,LV,0.0,0.0,0.0,0.0,48.0,896.0,8.0,0.0,0,0.0,,,,,,,,,,,
New England Patriots,DEF,NE,,,,,,,,,,,,,,,,,0,0,0,0,353.0
New Orleans Saints,DEF,NO,,,,,,,,,,,,,,,,,0,0,0,0,337.0
New York Giants,DEF,NYG,,,,,,,,,,,,,,,,,0,0,0,0,357.0
New York Jets,DEF,NYJ,,,,,,,,,,,,,,,,,0,0,0,0,457.0
Nick Boyle,TE,BAL,0.0,0.0,0.0,0.0,14.0,113.0,2.0,0.0,0,0.0,,,,,,,,,,,
Nick Chubb,RB,CLE,0.0,0.0,1067.0,12.0,16.0,150.0,0.0,0.0,0,0.0,,,,,,,,,,,
Nick Foles,QB,CHI,1852.0,10.0,1.0,1.0,0.0,0.0,0.0,0.0,0,0.0,,,,,,,,,,,
Nick Folk,K,NE,,,,0.0,,,0.0,0.0,0,0.0,0.0,6.0,7.0,11.0,2.0,30.0,,,,,
Nick Mullens,QB,SF,2437.0,12.0,8.0,0.0,0.0,0.0,0.0,0.0,0,0.0,,,,,,,,,,,
Nick Vannett,TE,DEN,0.0,0.0,0.0,0.0,14.0,95.0,1.0,0.0,0,0.0,,,,,,,,,,,
Noah Brown,WR,DAL,0.0,0.0,4.0,0.0,14.0,154.0,0.0,0.0,0,0.0,,,,,,,,,,,
Noah Fant,TE,DEN,0.0,0.0,0.0,0.0,62.0,673.0,3.0,0.0,0,1.0,,,,,,,,,,,
Nyheim Hines,RB,IND,0.0,0.0,380.0,3.0,63.0,482.0,4.0,0.0,0,1.0,,,,,,,,,,,
O.J. Howard,TE,TB,0.0,0.0,0.0,0.0,11.0,146.0,2.0,0.0,0,0.0,,,,,,,,,,,
Odell Beckham Jr.,WR,CLE,18.0,0.0,72.0,1.0,23.0,319.0,3.0,0.0,0,0.0,,,,,,,,,,,
Olamide Zaccheaus,WR,ATL,0.0,0.0,0.0,0.0,20.0,274.0,1.0,0.0,0,0.0,,,,,,,,,,,
PJ Walker,QB,CAR,368.0,1.0,-2.0,0.0,0.0,0.0,0.0,0.0,0,0.0,,,,,,,,,,,
Parris Campbell,WR,IND,0.0,0.0,16.0,0.0,6.0,71.0,0.0,0.0,0,0.0,,,,,,,,,,,
Patrick Laird,RB,MIA,0.0,0.0,72.0,0.0,10.0,68.0,0.0,0.0,0,0.0,,,,,,,,,,,
Patrick Mahomes,QB,KC,4740.0,38.0,308.0,2.0,0.0,0.0,0.0,0.0,0,0.0,,,,,,,,,,,
Penny Hart,WR,SEA,0.0,0.0,19.0,0.0,1.0,3.0,0.0,0.0,0,0.0,,,,,,,,,,,
Peyton Barber,RB,WSH,0.0,0.0,258.0,4.0,4.0,12.0,0.0,0.0,0,0.0,,,,,,,,,,,
Pharaoh Brown,TE,HOU,0.0,0.0,0.0,0.0,14.0,163.0,2.0,0.0,0,0.0,,,,,,,,,,,
Philadelphia Eagles,DEF,PHI,,,,,,,,,,,,,,,,,0,0,0,0,418.0
Philip Rivers,QB,IND,4169.0,24.0,-8.0,0.0,0.0,0.0,0.0,0.0,0,0.0,,,,,,,,,,,
Phillip Lindsay,RB,DEN,0.0,0.0,502.0,1.0,7.0,28.0,0.0,0.0,0,0.0,,,,,,,,,,,
Pittsburgh Steelers,DEF,PIT,,,,,,,,,,,,,,,,,0,0,0,0,312.0
Preston Williams,WR,MIA,0.0,0.0,0.0,0.0,18.0,288.0,4.0,0.0,0,2.0,,,,,,,,,,,
Quez Watkins,WR,PHI,0.0,0.0,0.0,0.0,7.0,106.0,1.0,0.0,0,0.0,,,,,,,,,,,
Raheem Mostert,RB,SF,0.0,0.0,521.0,2.0,16.0,156.0,1.0,0.0,0,0.0,,,,,,,,,,,
Randy Bullock,K,CIN,,,,0.0,,,0.0,0.0,0,0.0,0.0,3.0,8.0,7.0,3.0,24.0,,,,,
Rashaad Penny,RB,SEA,0.0,0.0,34.0,0.0,0.0,0.0,0.0,0.0,0,0.0,,,,,,,,,,,
Rashard Higgins,WR,CLE,0.0,0.0,0.0,0.0,37.0,599.0,4.0,0.0,0,0.0,,,,,,,,,,,
Ray-Ray McCloud III,WR,PIT,0.0,0.0,65.0,0.0,20.0,77.0,0.0,0.0,0,0.0,,,,,,,,,,,
Reggie Bonnafon,RB,CAR,0.0,0.0,69.0,0.0,2.0,18.0,1.0,0.0,0,0.0,,,,,,,,,,,
Rex Burkhead,RB,NE,0.0,0.0,274.0,3.0,25.0,192.0,3.0,0.0,0,0.0,,,,,,,,,,,
Rico Dowdle,RB,DAL,0.0,0.0,24.0,0.0,0.0,0.0,0.0,0.0,0,0.0,,,,,,,,,,,
Robbie Chosen,WR,CAR,0.0,0.0,15.0,0.0,95.0,1096.0,3.0,0.0,0,1.0,,,,,,,,,,,
Robbie Gould,K,SF,,,,0.0,,,0.0,0.0,0,0.0,0.0,3.0,5.0,9.0,2.0,36.0,,,,,
Robert Griffin III,QB,BAL,42.0,0.0,69.0,0.0,0.0,0.0,0.0,0.0,0,0.0,,,,,,,,,,,
Robert Tonyan,TE,GB,0.0,0.0,0.0,0.0,52.0,586.0,11.0,0.0,0,0.0,,,,,,,,,,,
Robert Woods,WR,LAR,0.0,0.0,155.0,2.0,90.0,936.0,6.0,0.0,0,0.0,,,,,,,,,,,
Rodney Smith,RB,CAR,0.0,0.0,156.0,1.0,9.0,59.0,0.0,0.0,0,0.0,,,,,,,,,,,
Rodrigo Blankenship,K,IND,,,,0.0,,,0.0,0.0,0,0.0,0.0,10.0,12.0,9.0,1.0,43.0,,,,,
Ronald Jones,RB,TB,0.0,0.0,978.0,7.0,28.0,165.0,1.0,0.0,0,0.0,,,,,,,,,,,
Ross Dwelley,TE,SF,0.0,0.0,0.0,0.0,19.0,245.0,1.0,0.0,0,0.0,,,,,,,,,,,
Royce Freeman,RB,DEN,0.0,0.0,170.0,0.0,12.0,81.0,0.0,0.0,0,0.0,,,,,,,,,,,
Russell Gage Jr.,WR,ATL,39.0,1.0,9.0,0.0,72.0,786.0,4.0,0.0,0,0.0,,,,,,,,,,,
Russell Wilson,QB,SEA,4212.0,40.0,513.0,2.0,0.0,0.0,0.0,0.0,0,0.0,,,,,,,,,,,
Ryan Finley,QB,CIN,164.0,1.0,66.0,1.0,0.0,0.0,0.0,0.0,0,0.0,,,,,,,,,,,
Ryan Fitzpatrick,QB,MIA,2091.0,13.0,151.0,2.0,1.0,0.0,0.0,0.0,0,1.0,,,,,,,,,,,
Ryan Izzo,TE,NE,0.0,0.0,0.0,0.0,13.0,199.0,0.0,0.0,0,0.0,,,,,,,,,,,
Ryan Succop,K,TB,,,,0.0,,,0.0,0.0,0,0.0,1.0,10.0,9.0,7.0,1.0,52.0,,,,,
Ryan Tannehill,QB,TEN,3819.0,33.0,266.0,7.0,1.0,0.0,0.0,0.0,0,2.0,,,,,,,,,,,
Salvon Ahmed,RB,MIA,0.0,0.0,319.0,3.0,11.0,61.0,0.0,0.0,0,1.0,,,,,,,,,,,
Sam Darnold,QB,NYJ,2208.0,9.0,217.0,2.0,0.0,0.0,0.0,0.0,0,0.0,,,,,,,,,,,
Sam Ficken,K,NYJ,,,,0.0,,,0.0,0.0,0,0.0,0.0,5.0,6.0,1.0,1.0,12.0,,,,,
Sam Sloman,K,TEN,,,,0.0,,,0.0,0.0,0,0.0,0.0,2.0,6.0,2.0,0.0,23.0,,,,,
Samaje Perine,RB,CIN,0.0,0.0,301.0,3.0,11.0,66.0,0.0,0.0,0,0.0,,,,,,,,,,,
San Francisco 49ers,DEF,SF,,,,,,,,,,,,,,,,,0,0,0,0,390.0
Saquon Barkley,RB,NYG,0.0,0.0,34.0,0.0,6.0,60.0,0.0,0.0,0,0.0,,,,,,,,,,,
Scotty Miller,WR,TB,0.0,0.0,14.0,0.0,33.0,501.0,3.0,0.0,0,0.0,,,,,,,,,,,
Seattle Seahawks,DEF,SEA,,,,,,,,,,,,,,,,,0,0,0,0,371.0
Sergio Castillo,K,NYJ,,,,0.0,,,0.0,0.0,0,0.0,0.0,1.0,3.0,2.0,2.0,6.0,,,,,
Sony Michel,RB,NE,0.0,0.0,449.0,1.0,7.0,114.0,1.0,0.0,0,0.0,,,,,,,,,,,
Stefon Diggs,WR,BUF,0.0,0.0,1.0,0.0,127.0,1535.0,8.0,0.0,0,0.0,,,,,,,,,,,
Stephen Anderson,TE,LAC,0.0,0.0,0.0,0.0,8.0,106.0,0.0,0.0,0,0.0,,,,,,,,,,,
Stephen Gostkowski,K,TEN,,,,0.0,,,0.0,0.0,0,0.0,0.0,2.0,4.0,5.0,7.0,46.0,,,,,
Stephen Hauschka,K,JAX,,,,0.0,,,0.0,0.0,0,0.0,0.0,0.0,0.0,0.0,0.0,2.0,,,,,
Sterling Shepard,WR,NYG,0.0,0.0,49.0,1.0,66.0,656.0,3.0,0.0,0,1.0,,,,,,,,,,,
Steven Sims,WR,WSH,0.0,0.0,18.0,0.0,27.0,265.0,1.0,0.0,0,0.0,,,,,,,,,,,
T.J. Hockenson,TE,DET,0.0,0.0,0.0,0.0,67.0,723.0,6.0,0.0,0,1.0,,,,,,,,,,,
T.J. Yeldon,RB,BUF,0.0,0.0,70.0,0.0,1.0,22.0,1.0,0.0,0,0.0,,,,,,,,,,,
Tampa Bay Buccaneers,DEF,TB,,,,,,,,,,,,,,,,,0,0,0,0,355.0
Tarik Cohen,RB,CHI,0.0,0.0,74.0,0.0,6.0,41.0,0.0,0.0,0,0.0,,,,,,,,,,,
Taylor Heinicke,QB,WSH,137.0,1.0,22.0,0.0,0.0,0.0,0.0,0.0,0,0.0,,,,,,,,,,,
Taylor Russolino,K,DEN,,,,0.0,,,0.0,0.0,0,0.0,0.0,0.0,0.0,0.0,0.0,1.0,,,,,
Taysom Hill,QB,NO,928.0,4.0,457.0,8.0,8.0,98.0,1.0,0.0,0,0.0,,,,,,,,,,,
Ted Ginn Jr.,WR,CHI,0.0,0.0,0.0,0.0,3.0,40.0,0.0,0.0,0,0.0,,,,,,,,,,,
Teddy Bridgewater,QB,DET,3733.0,15.0,279.0,5.0,0.0,0.0,0.0,0.0,0,0.0,,,,,,,,,,,
Tee Higgins,WR,CIN,0.0,0.0,28.0,0.0,67.0,908.0,6.0,0.0,0,0.0,,,,,,,,,,,
Tennessee Titans,DEF,TEN,,,,,,,,,,,,,,,,,0,0,0,0,439.0
Terry McLaurin,WR,WSH,0.0,0.0,30.0,0.0,87.0,1118.0,4.0,0.0,0,0.0,,,,,,,,,,,
Tevin Coleman,RB,SF,0.0,0.0,53.0,0.0,4.0,34.0,0.0,0.0,0,0.0,,,,,,,,,,,
Theo Riddick,RB,LV,0.0,0.0,14.0,0.0,5.0,43.0,0.0,0.0,0,0.0,,,,,,,,,,,
Tim Patrick,WR,DEN,0.0,0.0,0.0,0.0,51.0,742.0,6.0,0.0,0,0.0,,,,,,,,,,,
Todd Gurley,RB,ATL,0.0,0.0,678.0,9.0,25.0,164.0,0.0,0.0,0,0.0,,,,,,,,,,,
Tom Brady,QB,TB,4633.0,40.0,6.0,3.0,0.0,0.0,0.0,0.0,0,0.0,,,,,,,,,,,
Tommy Stevens,TE,CAR,0.0,0.0,24.0,0.0,0.0,0.0,0.0,0.0,0,0.0,,,,,,,,,,,
Tommylee Lewis,WR,NO,0.0,0.0,14.0,0.0,1.0,5.0,0.0,0.0,0,0.0,,,,,,,,,,,
Tony Jones Jr.,RB,NO,0.0,0.0,13.0,0.0,0.0,0.0,0.0,0.0,0,0.0,,,,,,,,,,,
Tony Pollard,RB,DAL,0.0,0.0,435.0,4.0,28.0,192.0,1.0,0.0,0,0.0,,,,,,,,,,,
Trace McSorley,QB,BAL,90.0,1.0,17.0,0.0,0.0,0.0,0.0,0.0,0,0.0,,,,,,,,,,,
Travis Fulgham,WR,DET,0.0,0.0,0.0,0.0,38.0,539.0,4.0,0.0,0,0.0,,,,,,,,,,,
Travis Homer,RB,SEA,0.0,0.0,88.0,0.0,9.0,90.0,1.0,0.0,0,0.0,,,,,,,,,,,
Travis Kelce,TE,KC,4.0,0.0,0.0,0.0,105.0,1416.0,11.0,0.0,0,1.0,,,,,,,,,,,
Trayveon Williams,RB,CIN,0.0,0.0,157.0,0.0,5.0,30.0,0.0,0.0,0,0.0,,,,,,,,,,,
Trenton Cannon,RB,CAR,0.0,0.0,33.0,0.0,3.0,16.0,0.0,0.0,0,0.0,,,,,,,,,,,
Trey Burton,TE,IND,0.0,0.0,3.0,2.0,28.0,250.0,3.0,0.0,0,0.0,,,,,,,,,,,
Tristan Vizcaino,K,SF,,,,0.0,,,0.0,0.0,0,0.0,0.0,0.0,2.0,1.0,0.0,2.0,,,,,
Troymaine Pope,RB,LAC,0.0,0.0,76.0,0.0,8.0,42.0,0.0,0.0,0,0.0,,,,,,,,,,,
Tua Tagovailoa,QB,MIA,1814.0,11.0,109.0,3.0,0.0,0.0,0.0,0.0,0,0.0,,,,,,,,,,,
Ty Johnson,RB,NYJ,0.0,0.0,254.0,1.0,16.0,99.0,1.0,0.0,0,0.0,,,,,,,,,,,
Ty Montgomery II,WR,NO,0.0,0.0,101.0,0.0,3.0,27.0,0.0,0.0,0,0.0,,,,,,,,,,,
Tyler Bass,K,BUF,,,,0.0,,,0.0,0.0,0,0.0,1.0,9.0,6.0,8.0,4.0,57.0,,,,,
Tyler Boyd,WR,CIN,16.0,0.0,49.0,0.0,79.0,841.0,4.0,0.0,0,0.0,,,,,,,,,,,
Tyler Bray,QB,CHI,18.0,0.0,0.0,0.0,0.0,0.0,0.0,0.0,0,0.0,,,,,,,,,,,
Tyler Conklin,TE,MIN,0.0,0.0,0.0,0.0,19.0,194.0,1.0,0.0,0,0.0,,,,,,,,,,,
Tyler Ervin,RB,GB,0.0,0.0,67.0,0.0,11.0,84.0,0.0,0.0,0,0.0,,,,,,,,,,,
Tyler Higbee,TE,LAR,0.0,0.0,1.0,0.0,44.0,521.0,5.0,0.0,0,1.0,,,,,,,,,,,
Tyler Huntley,QB,BAL,15.0,0.0,23.0,0.0,0.0,0.0,0.0,0.0,0,0.0,,,,,,,,,,,
Tyler Johnson,WR,TB,0.0,0.0,0.0,0.0,12.0,169.0,2.0,0.0,0,0.0,,,,,,,,,,,
Tyler Kroft,TE,BUF,0.0,0.0,0.0,0.0,12.0,119.0,3.0,0.0,0,0.0,,,,,,,,,,,
Tyler Lockett,WR,SEA,0.0,0.0,0.0,0.0,100.0,1054.0,10.0,0.0,0,0.0,,,,,,,,,,,
Tyreek Hill,WR,KC,0.0,0.0,123.0,2.0,87.0,1276.0,15.0,0.0,0,0.0,,,,,,,,,,,
Tyrod Taylor,QB,LAC,208.0,0.0,7.0,0.0,0.0,0.0,0.0,0.0,0,0.0,,,,,,,,,,,
Tyron Billy-Johnson,WR,LAC,0.0,0.0,17.0,0.0,20.0,398.0,3.0,0.0,0,0.0,,,,,,,,,,,
Van Jefferson,WR,LAR,0.0,0.0,-1.0,0.0,19.0,220.0,1.0,0.0,0,0.0,,,,,,,,,,,
Vance McDonald,TE,PIT,0.0,0.0,0.0,0.0,15.0,99.0,0.0,0.0,0,0.0,,,,,,,,,,,
Washington,DEF,WSH,,,,,,,,,,,,,,,,,0,0,0,0,329.0
Wayne Gallman,RB,NYG,0.0,0.0,682.0,6.0,21.0,114.0,0.0,0.0,0,0.0,,,,,,,,,,,
Wil Lutz,K,NO,,,,0.0,,,0.0,0.0,0,0.0,0.0,5.0,10.0,7.0,1.0,57.0,,,,,
Will Dissly,TE,SEA,0.0,0.0,0.0,0.0,24.0,251.0,2.0,0.0,0,0.0,,,,,,,,,,,
William Fuller V,WR,HOU,0.0,0.0,0.0,0.0,53.0,879.0,8.0,0.0,0,0.0,,,,,,,,,,,
Younghoe Koo,K,ATL,,,,0.0,,,0.0,0.0,0,0.0,0.0,10.0,11.0,8.0,8.0,33.0,,,,,
Zach Pascal,WR,IND,0.0,0.0,0.0,0.0,44.0,629.0,5.0,0.0,0,0.0,,,,,,,,,,,
Zack Moss,RB,BUF,0.0,0.0,481.0,4.0,14.0,95.0,1.0,0.0,0,0.0,,,,,,,,,,,
Zane Gonzalez,K,ARI,,,,0.0,,,0.0,0.0,0,0.0,0.0,4.0,2.0,8.0,2.0,38.0,,,,,
Zay Jones,WR,LV,29.0,0.0,0.0,0.0,14.0,154.0,1.0,0.0,0,0.0,,,,,,,,,,,
