name,position,team,round,pick,overall
Bryce Young,QB,CAR,1,1,1
C.J. Stroud,QB,HOU,1,2,2
Anthony Richardson,QB,IND,1,4,4
Bijan Robinson,RB,ATL,1,8,8
Jahmyr Gibbs,RB,DET,1,12,12
Jaxon Smith-Njigba,WR,SEA,1,20,20
Quentin Johnston,WR,LAC,1,22,21
Zay Flowers,WR,BAL,1,23,22
Jordan Addison,WR,MIN,1,24,23
Dalton Kincaid,TE,BUF,1,26,25
Will Levis,QB,TEN,2,2,33
Sam LaPorta,TE,DET,2,3,34
Michael Mayer,TE,LV,2,4,35
Jonathan Mingo,WR,CAR,2,8,39
Luke Musgrave,TE,GB,2,11,42
Jayden Reed,WR,GB,2,19,50
Zach Charbonnet,RB,SEA,2,21,52
Rashee Rice,WR,KC,2,24,55
Luke Schoonmaker,TE,DAL,2,27,58
Brenton Strange,TE,JAX,2,30,61
Marvin Mims,WR,DEN,2,32,63
Hendon Hooker,QB,DET,3,5,68
Nathaniel Dell,WR,HOU,3,6,69
Kendre Miller,RB,NO,3,8,71
Jalin Hyatt,WR,NYG,3,10,73
Cedric Tillman,WR,CLE,3,11,74
Tucker Kraft,TE,GB,3,15,78
Josh Downs,WR,IND,3,16,79
Tyjae Spears,RB,TEN,3,18,81
Devon Achane,RB,MIA,3,21,84
Tank Bigsby,RB,JAX,3,25,88
Darnell Washington,TE,PIT,3,30,93
Michael Wilson,WR,ARI,3,31,94
Jake Moody,K,SF,3,36,99
Tre Tucker,WR,LV,3,37,100
Cameron Latu,TE,SF,3,38,101
Chad Ryland,K,NE,4,10,112
Roschon Johnson,RB,CHI,4,13,115
Derius Davis,WR,LAC,4,23,125
Jake Haener,QB,NO,4,25,127
Stetson Bennett,QB,LAR,4,26,128
Charlie Jones,WR,CIN,4,29,131
Tyler Scott,WR,CHI,4,31,133
Aidan O'Connell,QB,LV,4,33,135
Clayton Tune,QB,ARI,5,5,139
Dorian Thompson-Robinson,QB,CLE,5,6,140
Israel Abanikanda,RB,NYJ,5,9,143
Josh Whyle,TE,TEN,5,13,147
Sean Clifford,QB,GB,5,15,149
Justin Shorter,WR,BUF,5,16,150
Dontayvion Wicks,WR,GB,5,25,159
Will Mallory,TE,IND,5,28,162
Chase Brown,RB,CIN,5,29,163
Jaren Hall,QB,MIN,5,30,164
Payne Durham,TE,TB,5,37,171
Eric Gray,RB,NYG,5,38,172
Davis Allen,TE,LAR,5,41,175
Evan Hull,RB,IND,5,42,176
Puka Nacua,WR,LAR,5,43,177
Parker Washington,WR,JAX,6,8,185
Kayshon Boutte,WR,NE,6,10,187
Tanner McKee,QB,PHI,6,11,188
Trey Palmer,WR,TB,6,14,191
Chris Rodriguez Jr.,RB,WSH,6,16,193
A.T. Perry,WR,NO,6,18,195
Elijah Higgins,WR,MIA,6,20,197
Xavier Hutchinson,WR,HOU,6,28,205
Andrei Iosivas,WR,CIN,6,29,206
Anders Carlson,K,GB,6,30,207
Demario Douglas,WR,NE,6,33,210
Deuce Vaughn,RB,DAL,6,35,212
Zach Evans,RB,LAR,6,38,215
Antoine Green,WR,DET,7,2,219
Zack Kuntz,TE,NYJ,7,3,220
DeWayne McBride,RB,MIN,7,5,222
Colton Dowell,WR,TEN,7,11,228
Lew Nichols III,RB,GB,7,18,235
Kenny McIntosh,RB,SEA,7,20,237
Max Duggan,QB,LAC,7,22,239
Jalen Brooks,WR,DAL,7,27,244
Brayden Willis,TE,SF,7,30,247
Ronnie Bell,WR,SF,7,36,253
Grant DuBose,WR,GB,7,39,256
