player,season,games_missed_injury
A.J. Brown,2024,4
Adam Thielen,2024,7
Adam Trautman,2024,4
Aidan O'Connell,2024,8
Ainias Smith,2024,15
Alec Pierce,2024,1
Alexander Mattison,2024,3
Allen Lazard,2024,5
Allen Robinson,2024,12
Alvin Kamara,2024,3
Amari Cooper,2024,4
Ameer Abdullah,2024,3
Andy Dalton,2024,11
Anthony Richardson,2024,6
Antonio Gibson,2024,3
Ashton Dulin,2024,6
Austin Ekeler,2024,5
Austin Seibert,2024,9
Ben Sinnott,2024,12
Ben Skowronek,2024,10
Ben VanSumeren,2024,15
Blake Grupe,2024,1
Blake Whiteheart,2024,10
Brady Russell,2024,16
Braelon Allen,2024,1
Brandin Cooks,2024,7
Brandon Allen,2024,14
Brandon Aubrey,2024,2
Brandon Powell,2024,3
Braxton Berrios,2024,12
Brayden Narveson,2024,11
Breece Hall,2024,1
Brenton Strange,2024,3
Brian Robinson,2024,3
Britain Covey,2024,13
Brock Purdy,2024,2
Bryce Ford-Wheaton,2024,18
Bryce Oliver,2024,10
Bryce Young,2024,3
Bub Means,2024,13
Bucky Irving,2024,1
C.J. Uzomah,2024,15
Cade Otton,2024,3
Cade Stover,2024,3
Cam Akers,2024,2
Cameron Dicker,2024,1
Carson Steele,2024,5
Casey Washington,2024,16
Cedric Tillman,2024,8
CeeDee Lamb,2024,2
Charlie Jones,2024,10
Charlie Kolar,2024,7
Charlie Woerner,2024,5
Chase Brown,2024,1
Chase McLaughlin,2024,1
Chris Boswell,2024,1
Chris Conley,2024,11
Chris Manhertz,2024,9
Chris Olave,2024,9
Christian Kirk,2024,9
Christian McCaffrey,2024,13
Christian Watson,2024,4
Chuba Hubbard,2024,2
Clyde Edwards-Helaire,2024,15
Cole Kmet,2024,1
Colson Yankoff,2024,14
Cooper Kupp,2024,5
Cooper Rush,2024,5
Cordarrelle Patterson,2024,7
Craig Reynolds,2024,9
Curtis Samuel,2024,3
D'Ernest Johnson,2024,6
D'Onta Foreman,2024,8
DK Metcalf,2024,2
Dak Prescott,2024,9
Dallas Goedert,2024,8
Dallin Holker,2024,14
Dalton Kincaid,2024,5
Dameon Pierce,2024,8
Darius Slayton,2024,1
Darnell Mooney,2024,1
Darnell Washington,2024,4
Darrynton Evans,2024,16
Davante Adams,2024,3
David Bell,2024,16
David Montgomery,2024,3
David Moore,2024,2
David Njoku,2024,6
Davis Allen,2024,13
Davis Mills,2024,13
Dawson Knox,2024,3
DeAndre Carter,2024,5
DeAndre Hopkins,2024,1
DeVonta Smith,2024,4
DeeJay Dallas,2024,2
Deonte Harty,2024,14
Derek Carr,2024,7
Derius Davis,2024,5
Desmond Ridder,2024,12
Devaughn Vele,2024,4
Devin Culp,2024,16
Devin Duvernay,2024,5
Devin Singletary,2024,3
Diontae Johnson,2024,6
Dorian Thompson-Robinson,2024,14
Drake Maye,2024,5
Drew Lock,2024,10
Drew Sample,2024,6
Dyami Brown,2024,2
Dylan Laube,2024,12
Emanuel Wilson,2024,1
Emari Demercado,2024,5
Erick All,2024,9
Evan Engram,2024,8
Ezekiel Elliott,2024,2
Feleipe Franks,2024,10
Foster Moreau,2024,1
Gabe Davis,2024,7
Gardner Minshew,2024,7
Geoff Swaim,2024,14
George Kittle,2024,2
George Pickens,2024,3
Graham Gano,2024,9
Grant Calcaterra,2024,2
Grant DuBose,2024,15
Greg Dulcich,2024,13
Greg Joseph,2024,9
Greg Zuerlein,2024,9
Gus Edwards,2024,8
Harrison Bryant,2024,11
Harrison Butker,2024,6
Hassan Haskins,2024,6
Hayden Hurst,2024,13
Hunter Henry,2024,1
Hunter Long,2024,6
Hunter Luepke,2024,4
Ian Thomas,2024,14
Ihmir Smith-Marsette,2024,3
Isaac Guerendo,2024,3
Isaiah Davis,2024,5
Isaiah Likely,2024,2
Isaiah Williams,2024,9
Isiah Pacheco,2024,10
J.K. Dobbins,2024,4
Ja'Lynn Polk,2024,4
Ja'Tavion Sanders,2024,2
Jack Stoll,2024,13
Jacob Cowing,2024,5
Jaelon Darden,2024,7
Jaheim Bell,2024,13
Jake Bobo,2024,5
Jake Ferguson,2024,4
Jake Moody,2024,4
Jakobi Meyers,2024,2
Jaleel McLaughlin,2024,2
Jalen Brooks,2024,8
Jalen Coker,2024,6
Jalen Hurts,2024,3
Jalen McMillan,2024,5
Jalen Nailor,2024,2
Jalen Reagor,2024,10
Jalin Hyatt,2024,7
Jamaal Williams,2024,4
Jamari Thrash,2024,12
Jameis Winston,2024,6
James Conner,2024,2
James Cook,2024,1
Jameson Williams,2024,2
Jamison Crowder,2024,13
Jared Wiley,2024,17
Jase McClellan,2024,15
Jauan Jennings,2024,2
Javon Baker,2024,12
Jaylen Waddle,2024,2
Jaylen Warren,2024,2
Jeremy McNichols,2024,3
Jermaine Burton,2024,10
Jerome Ford,2024,3
Joe Mixon,2024,4
Joey Slye,2024,1
John Bates,2024,4
John FitzPatrick,2024,17
Johnny Wilson,2024,8
Jonathan Taylor,2024,3
Jonathon Brooks,2024,15
Jordan Addison,2024,2
Jordan Love,2024,2
Jordan Mason,2024,7
Jordan Whittington,2024,7
Josh Allen,2024,2
Josh Downs,2024,3
Josh Oliver,2024,5
Josh Palmer,2024,2
Josh Reynolds,2024,9
Joshua Karty,2024,1
Josiah Deguara,2024,11
JuJu Smith-Schuster,2024,7
Julian Hill,2024,3
Julius Chestnut,2024,7
Justice Hill,2024,3
Justin Fields,2024,7
Justin Shorter,2024,18
Juwan Johnson,2024,2
K.J. Osborn,2024,10
Kalif Raymond,2024,6
Kameron Johnson,2024,15
Kareem Hunt,2024,4
Kayshon Boutte,2024,2
Keaton Mitchell,2024,14
Keenan Allen,2024,2
Keilan Robinson,2024,16
Kendre Miller,2024,11
Kendrick Bourne,2024,5
Kene Nwangwu,2024,15
Kenny McIntosh,2024,8
Kenny Pickett,2024,13
Kenny Yeboah,2024,11
Keon Coleman,2024,4
KhaDarel Hodge,2024,9
Khalil Shakir,2024,2
Kirk Cousins,2024,3
Ko Kieft,2024,16
Kyren Williams,2024,1
Ladd McConkey,2024,1
Luke McCaffrey,2024,5
Luke Musgrave,2024,12
Malachi Corley,2024,12
Malik Nabers,2024,2
Malik Washington,2024,4
Malik Willis,2024,11
MarShawn Lloyd,2024,17
Marcedes Lewis,2024,26
Marcus Mariota,2024,15
Marquez Valdes-Scantling,2024,4
Marquise Brown,2024,15
Matt Gay,2024,4
Matt Prater,2024,13
Matthew Stafford,2024,1
Matthew Wright,2024,12
Mecole Hardman,2024,9
Michael Carter,2024,14
Michael Mayer,2024,6
Michael Pittman,2024,1
Michael Wilson,2024,1
Mike Evans,2024,3
Mike Gesicki,2024,1
Mike Williams,2024,4
Mike Woods,2024,12
Miles Sanders,2024,6
Mitchell Trubisky,2024,14
Mo Alie-Cox,2024,5
MyCole Pruitt,2024,12
Nate Adkins,2024,3
Nelson Agholor,2024,4
Nick Chubb,2024,9
Nick Folk,2024,4
Nick Vannett,2024,5
Nick Westbrook-Ikhine,2024,3
Nico Collins,2024,6
Nikko Remigio,2024,14
Noah Brown,2024,6
Noah Fant,2024,3
Noah Gray,2024,1
Olamide Zaccheaus,2024,1
Parker Washington,2024,3
Patrick Mahomes,2024,1
Payne Durham,2024,10
Peyton Hendershot,2024,13
Pharaoh Brown,2024,9
Pierre Strong,2024,5
Princeton Fant,2024,17
Puka Nacua,2024,6
Quentin Johnston,2024,2
Quintin Morris,2024,20
Rachaad White,2024,2
Raheem Blackshear,2024,4
Raheem Mostert,2024,4
Rakim Jarrett,2024,10
Rashee Rice,2024,14
Rasheen Ali,2024,14
Rashid Shaheed,2024,11
Rashod Bateman,2024,1
Ray Davis,2024,2
Reggie Gilliam,2024,14
Rhamondre Stevenson,2024,2
Ricky Pearsall,2024,6
Rico Dowdle,2024,1
River Cracraft,2024,13
Robert Woods,2024,5
Romeo Doubs,2024,4
Roschon Johnson,2024,4
Ross Dwelley,2024,16
Russell Wilson,2024,6
Ryan Flournoy,2024,10
Sam LaPorta,2024,1
Saquon Barkley,2024,1
Shane Zylstra,2024,16
Simi Fehoko,2024,12
Sione Vaki,2024,9
Skylar Thompson,2024,15
Skyy Moore,2024,14
Spencer Rattler,2024,10
Spencer Shrader,2024,13
Stefon Diggs,2024,9
Sterling Shepard,2024,4
Steven Sims,2024,8
Stone Smartt,2024,10
T.J. Hockenson,2024,7
Tank Bigsby,2024,3
Tank Dell,2024,3
Tanner Hudson,2024,9
Taysom Hill,2024,10
Tee Higgins,2024,5
Theo Johnson,2024,6
Tim Jones,2024,10
Tip Reiman,2024,9
Tommy DeVito,2024,16
Tommy Tremble,2024,7
Tony Pollard,2024,1
Travis Etienne,2024,3
Travis Homer,2024,10
Travis Kelce,2024,1
Trent Sherfield,2024,4
Trevor Lawrence,2024,7
Trey Benson,2024,6
Trey McBride,2024,1
Trey Palmer,2024,4
Trey Sermon,2024,2
Treylon Burks,2024,13
Troy Franklin,2024,1
Tua Tagovailoa,2024,6
Tutu Atwell,2024,2
Ty Chandler,2024,4
Ty Johnson,2024,1
Tyjae Spears,2024,5
Tylan Wallace,2024,6
Tyler Allgeier,2024,2
Tyler Badie,2024,15
Tyler Boyd,2024,2
Tyler Conklin,2024,2
Tyler Higbee,2024,14
Tyler Huntley,2024,12
Tyquan Thornton,2024,13
Tyreik McAllister,2024,16
Van Jefferson,2024,2
Will Dissly,2024,2
Will Levis,2024,5
Will Reichard,2024,5
Will Shipley,2024,5
Xavier Hutchinson,2024,4
Xavier Legette,2024,2
Xavier Weaver,2024,15
Xavier Worthy,2024,1
Younghoe Koo,2024,4
Zach Charbonnet,2024,1
Zach Ertz,2024,1
Zack Moss,2024,9
Zamir White,2024,11
Zane Gonzalez,2024,13
Zay Jones,2024,12
