timestamp,date_raw,team,type,player_added_raw,player_added_resolved,player_added_nfl_team,player_added_pos,player_dropped_raw,player_dropped_resolved,player_dropped_nfl_team,player_dropped_pos,counterparty_team,raw_line
2025-08-26T19:00:00,"Aug 26, 7:00pm",Wildcard,waiver,Najee Harris,Najee Harris,LAC,RB,David Montgomery,David Montgomery,HOU,RB,,"Najee Harris LAC-RB NA (Free Agent) / David Montgomery Hou-RB (To Free Agent) — Wildcard — Aug 26, 7:00pm"
2025-08-26T19:00:00,"Aug 26, 7:00pm",Wildcard,waiver,Travis Etienne Jr.,Travis Etienne,NO,RB,Kaleb Johnson,Kaleb Johnson,PIT,RB,,"Travis Etienne Jr. NO-RB (Free Agent) / Kaleb Johnson Pit-RB (To Free Agent) — Wildcard — Aug 26, 7:00pm"
2025-08-26T19:13:00,"Aug 26, 7:13pm",Redskins,waiver,Keon Coleman,Keon Coleman,BUF,WR,Tyrone Tracy Jr.,Tyrone Tracy Jr.,NYG,RB,,"Keon Coleman Buf-WR (Free Agent) / Tyrone Tracy Jr. NYG-RB (To Free Agent) — Redskins — Aug 26, 7:13pm"
2025-08-26T21:17:00,"Aug 26, 9:17pm",Wildcard,waiver,David Montgomery,David Montgomery,HOU,RB,Geno Smith,Geno Smith,NYJ,QB,,"David Montgomery Hou-RB (Free Agent) / Geno Smith NYJ-QB Q (To Free Agent) — Wildcard — Aug 26, 9:17pm"
2025-08-26T22:08:00,"Aug 26, 10:08pm",Elite,waiver,,,,,Jason Sanders,,NYJ,K,,"Jason Sanders NYJ-K Q (To Free Agent) — Elite — Aug 26, 10:08pm"
2025-08-26T22:09:00,"Aug 26, 10:09pm",Elite,waiver,Cairo Santos,Cairo Santos,CHI,K,,,,,,"Cairo Santos Chi-K — Elite — Aug 26, 10:09pm"
2025-08-27T17:51:00,"Aug 27, 5:51pm",Hoofers,waiver,Jayden Reed,Jayden Reed,GB,WR,Jauan Jennings,Jauan Jennings,MIN,WR,,"Jayden Reed GB-WR (Free Agent) / Jauan Jennings Min-WR (To Free Agent) — Hoofers — Aug 27, 5:51pm"
2025-08-27T19:25:00,"Aug 27, 7:25pm",Hoofers,waiver,Ricky Pearsall,Ricky Pearsall,SF,WR,Jayden Reed,Jayden Reed,GB,WR,,"Ricky Pearsall SF-WR Q (Free Agent) / Jayden Reed GB-WR (To Free Agent) — Hoofers — Aug 27, 7:25pm"
2025-08-28T08:17:00,"Aug 28, 8:17am",Elite,waiver,,,,,Rashee Rice,Rashee Rice,KC,WR,,"Rashee Rice KC-WR Q (To Free Agent) — Elite — Aug 28, 8:17am"
2025-08-28T17:53:00,"Aug 28, 5:53pm",Elite,waiver,Michael Pittman Jr.,Michael Pittman,PIT,WR,,,,,,"Michael Pittman Jr. Pit-WR — Elite — Aug 28, 5:53pm"
2025-08-28T23:29:00,"Aug 28, 11:29pm",Hoofers,waiver,Green Bay Packers,Green Bay Packers,GB,DEF,Jacksonville Jaguars,Jacksonville Jaguars,JAX,DEF,,"Packers GB-DEF (Free Agent) / Jaguars Jax-DEF (To Free Agent) — Hoofers — Aug 28, 11:29pm"
2025-08-30T10:38:00,"Aug 30, 10:38am",Hoofers,waiver,Tucker Kraft,Tucker Kraft,GB,TE,Dalton Kincaid,Dalton Kincaid,BUF,TE,,"Tucker Kraft GB-TE PUP-P (Free Agent) / Dalton Kincaid Buf-TE Q (To Free Agent) — Hoofers — Aug 30, 10:38am"
2025-09-02T12:23:00,"Sep 2, 12:23pm",ChronicMasterdeflatr,waiver,Trevor Lawrence,Trevor Lawrence,JAX,QB,J.J. McCarthy,J.J. McCarthy,MIN,QB,,"Trevor Lawrence Jax-QB (Free Agent) / J.J. McCarthy Min-QB Q (To Free Agent) — ChronicMasterdeflatr — Sep 2, 12:23pm"
2025-09-10T17:27:00,"Sep 10, 5:27pm",Let's Ride,waiver,Dalton Kincaid,Dalton Kincaid,BUF,TE,Evan Engram,Evan Engram,DEN,TE,,"Dalton Kincaid Buf-TE Q (Free Agent) / Evan Engram Den-TE (To Free Agent) — Let's Ride — Sep 10, 5:27pm"
2025-09-10T17:27:00,"Sep 10, 5:27pm",Let's Ride,waiver,Quentin Johnston,Quentin Johnston,LAC,WR,Rashod Bateman,Rashod Bateman,BAL,WR,,"Quentin Johnston LAC-WR (Free Agent) / Rashod Bateman Bal-WR Q (To Free Agent) — Let's Ride — Sep 10, 5:27pm"
2025-09-10T17:29:00,"Sep 10, 5:29pm",Let's Ride,waiver,Jacory Croskey-Merritt,Jacory Croskey-Merritt,WAS,RB,Sam Darnold,Sam Darnold,SEA,QB,,"Jacory Croskey-Merritt Was-RB Q (Free Agent) / Sam Darnold Sea-QB (To Free Agent) — Let's Ride — Sep 10, 5:29pm"
2025-09-10T17:31:00,"Sep 10, 5:31pm",Let's Ride,waiver,Los Angeles Rams,Los Angeles Rams,LA,DEF,Baltimore Ravens,Baltimore Ravens,BAL,DEF,,"Rams LAR-DEF (Free Agent) / Ravens Bal-DEF (To Free Agent) — Let's Ride — Sep 10, 5:31pm"
2025-09-10T17:37:00,"Sep 10, 5:37pm",Let's Ride,waiver,Jayden Reed,Jayden Reed,GB,WR,DeVonta Smith,DeVonta Smith,PHI,WR,,"Jayden Reed GB-WR (Free Agent) / DeVonta Smith Phi-WR (To Free Agent) — Let's Ride — Sep 10, 5:37pm"
2025-09-10T17:42:00,"Sep 10, 5:42pm",ChronicMasterdeflatr,waiver,Baltimore Ravens,Baltimore Ravens,BAL,DEF,Los Angeles Chargers,Los Angeles Chargers,LAC,DEF,,"Ravens Bal-DEF (Free Agent) / Chargers LAC-DEF (To Free Agent) — ChronicMasterdeflatr — Sep 10, 5:42pm"
2025-09-10T17:58:00,"Sep 10, 5:58pm",ChronicMasterdeflatr,waiver,Daniel Jones,Daniel Jones,IND,QB,Trevor Lawrence,Trevor Lawrence,JAX,QB,,"Daniel Jones Ind-QB Q (Free Agent) / Trevor Lawrence Jax-QB (To Free Agent) — ChronicMasterdeflatr — Sep 10, 5:58pm"
2025-09-10T18:00:00,"Sep 10, 6:00pm",ChronicMasterdeflatr,waiver,Juwan Johnson,Juwan Johnson,NO,TE,T.J. Hockenson,T.J. Hockenson,MIN,TE,,"Juwan Johnson NO-TE (Free Agent) / T.J. Hockenson Min-TE Q (To Free Agent) — ChronicMasterdeflatr — Sep 10, 6:00pm"
2025-09-10T18:17:00,"Sep 10, 6:17pm",Redskins,waiver,J.J. McCarthy,J.J. McCarthy,MIN,QB,Brock Purdy,Brock Purdy,SF,QB,,"J.J. McCarthy Min-QB Q (Free Agent) / Brock Purdy SF-QB (To Free Agent) — Redskins — Sep 10, 6:17pm"
2025-09-10T18:30:00,"Sep 10, 6:30pm",Hoofers,waiver,Marquise Brown,Marquise Brown,PHI,WR,Xavier Worthy,Xavier Worthy,KC,WR,,"Hollywood Brown Phi-WR (Free Agent) / Xavier Worthy KC-WR Q (To Free Agent) — Hoofers — Sep 10, 6:30pm"
2025-09-10T18:31:00,"Sep 10, 6:31pm",Hoofers,waiver,Javonte Williams,Javonte Williams,DAL,RB,Austin Ekeler,Austin Ekeler,WAS,RB,,"Javonte Williams Dal-RB Q (Free Agent) / Austin Ekeler Was-RB NA (To Free Agent) — Hoofers — Sep 10, 6:31pm"
2025-09-10T18:55:00,"Sep 10, 6:55pm",Cardinals,waiver,DeVonta Smith,DeVonta Smith,PHI,WR,Jerry Jeudy,Jerry Jeudy,CLE,WR,,"DeVonta Smith Phi-WR (Free Agent) / Jerry Jeudy Cle-WR Q (To Free Agent) — Cardinals — Sep 10, 6:55pm"
2025-09-10T18:56:00,"Sep 10, 6:56pm",Cardinals,waiver,Rashee Rice,Rashee Rice,KC,WR,Chris Olave,Chris Olave,NO,WR,,"Rashee Rice KC-WR Q (Free Agent) / Chris Olave NO-WR Q (To Free Agent) — Cardinals — Sep 10, 6:56pm"
2025-09-10T19:40:00,"Sep 10, 7:40pm",Greendawgs,waiver,Quinshon Judkins,Quinshon Judkins,CLE,RB,Cooper Kupp,Cooper Kupp,SEA,WR,,"Quinshon Judkins Cle-RB Q (Free Agent) / Cooper Kupp Sea-WR (To Free Agent) — Greendawgs — Sep 10, 7:40pm"
2025-09-10T19:45:00,"Sep 10, 7:45pm",Just Bout Dat Action,waiver,Chad Ryland,Chad Ryland,ARI,K,Tyler Bass,,BUF,K,,"Chad Ryland Ari-K (Free Agent) / Tyler Bass Buf-K Q (To Free Agent) — Just Bout Dat Action — Sep 10, 7:45pm"
2025-09-10T22:12:00,"Sep 10, 10:12pm",Elite,waiver,,,,,Drake Maye,Drake Maye,NE,QB,,"Drake Maye NE-QB (To Free Agent) — Elite — Sep 10, 10:12pm"
2025-09-10T22:15:00,"Sep 10, 10:15pm",Elite,waiver,T.J. Hockenson,T.J. Hockenson,MIN,TE,,,,,,"T.J. Hockenson Min-TE Q — Elite — Sep 10, 10:15pm"
2025-09-10T22:36:00,"Sep 10, 10:36pm",Sportos,waiver,Hunter Henry,Hunter Henry,NE,TE,George Kittle,George Kittle,SF,TE,,"Hunter Henry NE-TE (Free Agent) / George Kittle SF-TE PUP-P (To Free Agent) — Sportos — Sep 10, 10:36pm"
2025-09-10T22:42:00,"Sep 10, 10:42pm",Sportos,waiver,San Francisco 49ers,San Francisco 49ers,SF,DEF,Philadelphia Eagles,Philadelphia Eagles,PHI,DEF,,"49ers SF-DEF (Free Agent) / Eagles Phi-DEF (To Free Agent) — Sportos — Sep 10, 10:42pm"
2025-09-17T16:59:00,"Sep 17, 4:59pm",Redskins,waiver,Spencer Shrader,Spencer Shrader,IND,K,Younghoe Koo,Younghoe Koo,NYG,K,,"Spencer Shrader Ind-K Q (Free Agent) / Younghoe Koo NYG-K NA (To Free Agent) — Redskins — Sep 17, 4:59pm"
2025-09-17T17:00:00,"Sep 17, 5:00pm",Redskins,waiver,Sam Darnold,Sam Darnold,SEA,QB,J.J. McCarthy,J.J. McCarthy,MIN,QB,,"Sam Darnold Sea-QB (Free Agent) / J.J. McCarthy Min-QB Q (To Free Agent) — Redskins — Sep 17, 5:00pm"
2025-09-17T17:00:00,"Sep 17, 5:00pm",Redskins,waiver,Drake Maye,Drake Maye,NE,QB,Justin Fields,Justin Fields,KC,QB,,"Drake Maye NE-QB (Free Agent) / Justin Fields KC-QB Q (To Free Agent) — Redskins — Sep 17, 5:00pm"
2025-09-17T18:32:00,"Sep 17, 6:32pm",Let's Ride,waiver,Trevor Lawrence,Trevor Lawrence,JAX,QB,Joe Burrow,Joe Burrow,CIN,QB,,"Trevor Lawrence Jax-QB (Free Agent) / Joe Burrow Cin-QB (To Free Agent) — Let's Ride — Sep 17, 6:32pm"
2025-09-17T18:33:00,"Sep 17, 6:33pm",Let's Ride,waiver,Seattle Seahawks,Seattle Seahawks,SEA,DEF,Los Angeles Rams,Los Angeles Rams,LA,DEF,,"Seahawks Sea-DEF (Free Agent) / Rams LAR-DEF (To Free Agent) — Let's Ride — Sep 17, 6:33pm"
2025-09-17T18:34:00,"Sep 17, 6:34pm",Let's Ride,waiver,Jauan Jennings,Jauan Jennings,MIN,WR,Jayden Reed,Jayden Reed,GB,WR,,"Jauan Jennings Min-WR (Free Agent) / Jayden Reed GB-WR (To Free Agent) — Let's Ride — Sep 17, 6:34pm"
2025-09-17T18:35:00,"Sep 17, 6:35pm",Let's Ride,waiver,Justin Fields,Justin Fields,KC,QB,Aaron Jones Sr.,Aaron Jones,MIN,RB,,"Justin Fields KC-QB Q (Free Agent) / Aaron Jones Sr. Min-RB Q (To Free Agent) — Let's Ride — Sep 17, 6:35pm"
2025-09-17T18:53:00,"Sep 17, 6:53pm",Sportos,waiver,Zach Ertz,Zach Ertz,WAS,TE,Hunter Henry,Hunter Henry,NE,TE,,"Zach Ertz Was-TE NA (Free Agent) / Hunter Henry NE-TE (To Free Agent) — Sportos — Sep 17, 6:53pm"
2025-09-17T18:55:00,"Sep 17, 6:55pm",Sportos,waiver,Jordan Mason,Jordan Mason,MIN,RB,RJ Harvey,RJ Harvey,DEN,RB,,"Jordan Mason Min-RB (Free Agent) / RJ Harvey Den-RB Q (To Free Agent) — Sportos — Sep 17, 6:55pm"
2025-09-17T19:00:00,"Sep 17, 7:00pm",Sportos,waiver,Matt Prater,Matt Prater,BUF,K,Harrison Butker,Harrison Butker,KC,K,,"Matt Prater Buf-K NA (Free Agent) / Harrison Butker KC-K (To Free Agent) — Sportos — Sep 17, 7:00pm"
2025-09-17T19:04:00,"Sep 17, 7:04pm",Sportos,waiver,Indianapolis Colts,Indianapolis Colts,IND,DEF,San Francisco 49ers,San Francisco 49ers,SF,DEF,,"Colts Ind-DEF (Free Agent) / 49ers SF-DEF (To Free Agent) — Sportos — Sep 17, 7:04pm"
2025-09-17T19:10:00,"Sep 17, 7:10pm",Cardinals,waiver,Xavier Worthy,Xavier Worthy,KC,WR,Calvin Ridley,Calvin Ridley,TEN,WR,,"Xavier Worthy KC-WR Q (Free Agent) / Calvin Ridley Ten-WR Q (To Free Agent) — Cardinals — Sep 17, 7:10pm"
2025-09-17T20:07:00,"Sep 17, 8:07pm",Wildcard,waiver,Keenan Allen,Keenan Allen,LAC,WR,Ladd McConkey,Ladd McConkey,LAC,WR,,"Keenan Allen LAC-WR NA (Free Agent) / Ladd McConkey LAC-WR Q (To Free Agent) — Wildcard — Sep 17, 8:07pm"
2025-09-17T21:33:00,"Sep 17, 9:33pm",Elite,waiver,,,,,T.J. Hockenson,T.J. Hockenson,MIN,TE,,"T.J. Hockenson Min-TE Q (To Free Agent) — Elite — Sep 17, 9:33pm"
2025-09-17T21:34:00,"Sep 17, 9:34pm",Elite,waiver,Troy Franklin,Troy Franklin,DEN,WR,,,,,,"Troy Franklin Den-WR Q — Elite — Sep 17, 9:34pm"
2025-09-17T21:39:00,"Sep 17, 9:39pm",ChronicMasterdeflatr,waiver,Jake Browning,Jake Browning,TB,QB,Travis Hunter,Travis Hunter,JAX,WR,,"Jake Browning TB-QB (Free Agent) / Travis Hunter Jax-WR Q (To Free Agent) — ChronicMasterdeflatr — Sep 17, 9:39pm"
2025-09-17T21:42:00,"Sep 17, 9:42pm",ChronicMasterdeflatr,waiver,Joey Slye,Joey Slye,TEN,K,Matt Gay,Matt Gay,LV,K,,"Joey Slye Ten-K (Free Agent) / Matt Gay LV-K (To Free Agent) — ChronicMasterdeflatr — Sep 17, 9:42pm"
2025-09-17T22:08:00,"Sep 17, 10:08pm",Hoofers,waiver,Cooper Kupp,Cooper Kupp,SEA,WR,Marquise Brown,Marquise Brown,PHI,WR,,"Cooper Kupp Sea-WR (Free Agent) / Hollywood Brown Phi-WR (To Free Agent) — Hoofers — Sep 17, 10:08pm"
2025-09-24T16:42:00,"Sep 24, 4:42pm",Wildcard,waiver,Geno Smith,Geno Smith,NYJ,QB,Michael Penix Jr.,Michael Penix Jr.,ATL,QB,,"Geno Smith NYJ-QB Q (Free Agent) / Michael Penix Jr. Atl-QB Q (To Free Agent) — Wildcard — Sep 24, 4:42pm"
2025-09-24T16:51:00,"Sep 24, 4:51pm",Wildcard,waiver,Trey Benson,Trey Benson,ARI,RB,Najee Harris,Najee Harris,LAC,RB,,"Trey Benson Ari-RB Q (Free Agent) / Najee Harris LAC-RB NA (To Free Agent) — Wildcard — Sep 24, 4:51pm"
2025-09-24T17:02:00,"Sep 24, 5:02pm",ChronicMasterdeflatr,waiver,Cam Skattebo,Cam Skattebo,NYG,RB,Jake Browning,Jake Browning,TB,QB,,"Cam Skattebo NYG-RB Q (Free Agent) / Jake Browning TB-QB (To Free Agent) — ChronicMasterdeflatr — Sep 24, 5:02pm"
2025-09-24T17:03:00,"Sep 24, 5:03pm",ChronicMasterdeflatr,waiver,Los Angeles Chargers,Los Angeles Chargers,LAC,DEF,Baltimore Ravens,Baltimore Ravens,BAL,DEF,,"Chargers LAC-DEF (Free Agent) / Ravens Bal-DEF (To Free Agent) — ChronicMasterdeflatr — Sep 24, 5:03pm"
2025-09-24T19:05:00,"Sep 24, 7:05pm",Elite,waiver,RJ Harvey,RJ Harvey,DEN,RB,,,,,,"RJ Harvey Den-RB Q — Elite — Sep 24, 7:05pm"
2025-09-24T19:05:00,"Sep 24, 7:05pm",Elite,waiver,,,,,D'Andre Swift,D'Andre Swift,CHI,RB,,"D'Andre Swift Chi-RB (To Free Agent) — Elite — Sep 24, 7:05pm"
2025-09-24T19:09:00,"Sep 24, 7:09pm",Elite,waiver,Houston Texans,Houston Texans,HOU,DEF,,,,,,"Texans Hou-DEF — Elite — Sep 24, 7:09pm"
2025-09-24T19:09:00,"Sep 24, 7:09pm",Elite,waiver,,,,,Pittsburgh Steelers,Pittsburgh Steelers,PIT,DEF,,"Steelers Pit-DEF (To Free Agent) — Elite — Sep 24, 7:09pm"
2025-09-24T20:00:00,"Sep 24, 8:00pm",Greendawgs,waiver,Tre Tucker,Tre Tucker,LV,WR,Terry McLaurin,Terry McLaurin,WAS,WR,,"Tre Tucker LV-WR (Free Agent) / Terry McLaurin Was-WR (To Free Agent) — Greendawgs — Sep 24, 8:00pm"
2025-09-24T20:18:00,"Sep 24, 8:18pm",Just Bout Dat Action,waiver,Harrison Butker,Harrison Butker,KC,K,Evan McPherson,Evan McPherson,CIN,K,,"Harrison Butker KC-K (Free Agent) / Evan McPherson Cin-K (To Free Agent) — Just Bout Dat Action — Sep 24, 8:18pm"
2025-09-24T20:31:00,"Sep 24, 8:31pm",Hoofers,waiver,Jordan Addison,Jordan Addison,MIN,WR,Cooper Kupp,Cooper Kupp,SEA,WR,,"Jordan Addison Min-WR (Free Agent) / Cooper Kupp Sea-WR (To Free Agent) — Hoofers — Sep 24, 8:31pm"
2025-09-24T20:33:00,"Sep 24, 8:33pm",Hoofers,waiver,Chris Godwin Jr.,Chris Godwin Jr.,TB,WR,Ricky Pearsall,Ricky Pearsall,SF,WR,,"Chris Godwin Jr. TB-WR (Free Agent) / Ricky Pearsall SF-WR Q (To Free Agent) — Hoofers — Sep 24, 8:33pm"
2025-09-24T20:34:00,"Sep 24, 8:34pm",Hoofers,waiver,George Kittle,George Kittle,SF,TE,Tucker Kraft,Tucker Kraft,GB,TE,,"George Kittle SF-TE PUP-P (Free Agent) / Tucker Kraft GB-TE PUP-P (To Free Agent) — Hoofers — Sep 24, 8:34pm"
2025-09-24T21:52:00,"Sep 24, 9:52pm",Let's Ride,waiver,Khalil Shakir,Khalil Shakir,BUF,WR,Justin Fields,Justin Fields,KC,QB,,"Khalil Shakir Buf-WR (Free Agent) / Justin Fields KC-QB Q (To Free Agent) — Let's Ride — Sep 24, 9:52pm"
2025-09-24T21:56:00,"Sep 24, 9:56pm",Cardinals,waiver,D'Andre Swift,D'Andre Swift,CHI,RB,James Conner,James Conner,ARI,RB,,"D'Andre Swift Chi-RB (Free Agent) / James Conner Ari-RB Q (To Free Agent) — Cardinals — Sep 24, 9:56pm"
2025-09-24T21:57:00,"Sep 24, 9:57pm",Cardinals,waiver,Ricky Pearsall,Ricky Pearsall,SF,WR,Xavier Worthy,Xavier Worthy,KC,WR,,"Ricky Pearsall SF-WR Q (Free Agent) / Xavier Worthy KC-WR Q (To Free Agent) — Cardinals — Sep 24, 9:57pm"
2025-09-24T22:00:00,"Sep 24, 10:00pm",Cardinals,waiver,Ladd McConkey,Ladd McConkey,LAC,WR,DeVonta Smith,DeVonta Smith,PHI,WR,,"Ladd McConkey LAC-WR Q (Free Agent) / DeVonta Smith Phi-WR (To Free Agent) — Cardinals — Sep 24, 10:00pm"
2025-09-24T22:06:00,"Sep 24, 10:06pm",Sportos,waiver,Jake Ferguson,Jake Ferguson,DAL,TE,Zach Ertz,Zach Ertz,WAS,TE,,"Jake Ferguson Dal-TE (Free Agent) / Zach Ertz Was-TE NA (To Free Agent) — Sportos — Sep 24, 10:06pm"
2025-09-24T22:08:00,"Sep 24, 10:08pm",Sportos,waiver,Carolina Panthers,Carolina Panthers,CAR,DEF,Indianapolis Colts,Indianapolis Colts,IND,DEF,,"Panthers Car-DEF (Free Agent) / Colts Ind-DEF (To Free Agent) — Sportos — Sep 24, 10:08pm"
2025-09-24T22:12:00,"Sep 24, 10:12pm",Sportos,waiver,Brock Purdy,Brock Purdy,SF,QB,Isiah Pacheco,Isiah Pacheco,DET,RB,,"Brock Purdy SF-QB (Free Agent) / Isiah Pacheco Det-RB (To Free Agent) — Sportos — Sep 24, 10:12pm"
2025-09-24T22:17:00,"Sep 24, 10:17pm",Redskins,waiver,Xavier Worthy,Xavier Worthy,KC,WR,Stefon Diggs,Stefon Diggs,NE,WR,,"Xavier Worthy KC-WR Q (Free Agent) / Stefon Diggs NE-WR NA (To Free Agent) — Redskins — Sep 24, 10:17pm"
2025-10-01T16:58:00,"Oct 1, 4:58pm",Wildcard,waiver,Tyquan Thornton,Tyquan Thornton,KC,WR,Matthew Golden,Matthew Golden,GB,WR,,"Tyquan Thornton KC-WR Q (Free Agent) / Matthew Golden GB-WR (To Free Agent) — Wildcard — Oct 1, 4:58pm"
2025-10-01T16:59:00,"Oct 1, 4:59pm",Wildcard,waiver,Kenny Gainwell,Kenny Gainwell,TB,RB,Trey Benson,Trey Benson,ARI,RB,,"Kenny Gainwell TB-RB (Free Agent) / Trey Benson Ari-RB Q (To Free Agent) — Wildcard — Oct 1, 4:59pm"
2025-10-01T17:00:00,"Oct 1, 5:00pm",Wildcard,waiver,Justin Fields,Justin Fields,KC,QB,Geno Smith,Geno Smith,NYJ,QB,,"Justin Fields KC-QB Q (Free Agent) / Geno Smith NYJ-QB Q (To Free Agent) — Wildcard — Oct 1, 5:00pm"
2025-10-01T17:23:00,"Oct 1, 5:23pm",Just Bout Dat Action,waiver,Jason Myers,Jason Myers,SEA,K,Chad Ryland,Chad Ryland,ARI,K,,"Jason Myers Sea-K (Free Agent) / Chad Ryland Ari-K (To Free Agent) — Just Bout Dat Action — Oct 1, 5:23pm"
2025-10-01T17:26:00,"Oct 1, 5:26pm",Hoofers,waiver,Rachaad White,Rachaad White,WAS,RB,Nick Chubb,Nick Chubb,HOU,RB,,"Rachaad White Was-RB (Free Agent) / Nick Chubb Hou-RB NA (To Free Agent) — Hoofers — Oct 1, 5:26pm"
2025-10-01T17:27:00,"Oct 1, 5:27pm",Hoofers,waiver,Emari Demercado,Emari Demercado,KC,RB,Jaylen Warren,Jaylen Warren,PIT,RB,,"Emari Demercado KC-RB (Free Agent) / Jaylen Warren Pit-RB (To Free Agent) — Hoofers — Oct 1, 5:27pm"
2025-10-01T17:29:00,"Oct 1, 5:29pm",Hoofers,waiver,Arizona Cardinals,Arizona Cardinals,ARI,DEF,Green Bay Packers,Green Bay Packers,GB,DEF,,"Cardinals Ari-DEF (Free Agent) / Packers GB-DEF (To Free Agent) — Hoofers — Oct 1, 5:29pm"
2025-10-01T17:30:00,"Oct 1, 5:30pm",Hoofers,waiver,Nick Folk,Nick Folk,ATL,K,Brandon McManus,Brandon McManus,GB,K,,"Nick Folk Atl-K (Free Agent) / Brandon McManus GB-K NA (To Free Agent) — Hoofers — Oct 1, 5:30pm"
2025-10-01T18:36:00,"Oct 1, 6:36pm",ChronicMasterdeflatr,waiver,Chris Olave,Chris Olave,NO,WR,Tyreek Hill,Tyreek Hill,MIA,WR,,"Chris Olave NO-WR Q (Free Agent) / Tyreek Hill Mia-WR NA (To Free Agent) — ChronicMasterdeflatr — Oct 1, 6:36pm"
2025-10-01T18:37:00,"Oct 1, 6:37pm",ChronicMasterdeflatr,waiver,Matt Gay,Matt Gay,LV,K,Joey Slye,Joey Slye,TEN,K,,"Matt Gay LV-K (Free Agent) / Joey Slye Ten-K (To Free Agent) — ChronicMasterdeflatr — Oct 1, 6:37pm"
2025-10-01T18:40:00,"Oct 1, 6:40pm",ChronicMasterdeflatr,waiver,Hunter Henry,Hunter Henry,NE,TE,Juwan Johnson,Juwan Johnson,NO,TE,,"Hunter Henry NE-TE (Free Agent) / Juwan Johnson NO-TE (To Free Agent) — ChronicMasterdeflatr — Oct 1, 6:40pm"
2025-10-01T18:53:00,"Oct 1, 6:53pm",Let's Ride,waiver,DeVonta Smith,DeVonta Smith,PHI,WR,Jauan Jennings,Jauan Jennings,MIN,WR,,"DeVonta Smith Phi-WR (Free Agent) / Jauan Jennings Min-WR (To Free Agent) — Let's Ride — Oct 1, 6:53pm"
2025-10-01T18:54:00,"Oct 1, 6:54pm",Let's Ride,waiver,Indianapolis Colts,Indianapolis Colts,IND,DEF,Seattle Seahawks,Seattle Seahawks,SEA,DEF,,"Colts Ind-DEF (Free Agent) / Seahawks Sea-DEF (To Free Agent) — Let's Ride — Oct 1, 6:54pm"
2025-10-01T19:42:00,"Oct 1, 7:42pm",Sportos,waiver,Jaxson Dart,Jaxson Dart,NYG,QB,Brock Purdy,Brock Purdy,SF,QB,,"Jaxson Dart NYG-QB (Free Agent) / Brock Purdy SF-QB (To Free Agent) — Sportos — Oct 1, 7:42pm"
2025-10-01T19:44:00,"Oct 1, 7:44pm",Sportos,waiver,Philadelphia Eagles,Philadelphia Eagles,PHI,DEF,Carolina Panthers,Carolina Panthers,CAR,DEF,,"Eagles Phi-DEF (Free Agent) / Panthers Car-DEF (To Free Agent) — Sportos — Oct 1, 7:44pm"
2025-10-01T19:59:00,"Oct 1, 7:59pm",Greendawgs,waiver,Stefon Diggs,Stefon Diggs,NE,WR,Tre Tucker,Tre Tucker,LV,WR,,"Stefon Diggs NE-WR NA (Free Agent) / Tre Tucker LV-WR (To Free Agent) — Greendawgs — Oct 1, 7:59pm"
2025-10-01T19:59:00,"Oct 1, 7:59pm",Greendawgs,waiver,Wan'Dale Robinson,Wan'Dale Robinson,TEN,WR,Malik Nabers,Malik Nabers,NYG,WR,,"Wan'Dale Robinson Ten-WR Q (Free Agent) / Malik Nabers NYG-WR Q (To Free Agent) — Greendawgs — Oct 1, 7:59pm"
2025-10-01T20:01:00,"Oct 1, 8:01pm",Greendawgs,waiver,Los Angeles Rams,Los Angeles Rams,LA,DEF,Denver Broncos,Denver Broncos,DEN,DEF,,"Rams LAR-DEF (Free Agent) / Broncos Den-DEF (To Free Agent) — Greendawgs — Oct 1, 8:01pm"
2025-10-01T20:10:00,"Oct 1, 8:10pm",Greendawgs,waiver,Woody Marks,Woody Marks,HOU,RB,J.K. Dobbins,J.K. Dobbins,DEN,RB,,"Woody Marks Hou-RB (Free Agent) / J.K. Dobbins Den-RB Q (To Free Agent) — Greendawgs — Oct 1, 8:10pm"
2025-10-01T22:41:00,"Oct 1, 10:41pm",Elite,waiver,,,,,Tee Higgins,Tee Higgins,CIN,WR,,"Tee Higgins Cin-WR (To Free Agent) — Elite — Oct 1, 10:41pm"
2025-10-01T22:42:00,"Oct 1, 10:42pm",Elite,waiver,,,,,Aaron Rodgers,Aaron Rodgers,PIT,QB,,"Aaron Rodgers Pit-QB (To Free Agent) — Elite — Oct 1, 10:42pm"
2025-10-01T22:42:00,"Oct 1, 10:42pm",Elite,waiver,Carson Wentz,Carson Wentz,MIN,QB,,,,,,"Carson Wentz Min-QB Q — Elite — Oct 1, 10:42pm"
2025-10-01T22:43:00,"Oct 1, 10:43pm",Elite,waiver,,,,,Chris Boswell,Chris Boswell,PIT,K,,"Chris Boswell Pit-K (To Free Agent) — Elite — Oct 1, 10:43pm"
2025-10-01T22:43:00,"Oct 1, 10:43pm",Elite,waiver,Chad Ryland,Chad Ryland,ARI,K,,,,,,"Chad Ryland Ari-K — Elite — Oct 1, 10:43pm"
2025-10-01T22:45:00,"Oct 1, 10:45pm",Elite,waiver,Blake Grupe,Blake Grupe,IND,K,,,,,,"Blake Grupe Ind-K — Elite — Oct 1, 10:45pm"
2025-10-08T16:56:00,"Oct 8, 4:56pm",Cardinals,waiver,Tua Tagovailoa,Tua Tagovailoa,ATL,QB,Kyler Murray,Kyler Murray,MIN,QB,,"Tua Tagovailoa Atl-QB Q (Free Agent) / Kyler Murray Min-QB Q (To Free Agent) — Cardinals — Oct 8, 4:56pm"
2025-10-08T17:00:00,"Oct 8, 5:00pm",Cardinals,waiver,J.K. Dobbins,J.K. Dobbins,DEN,RB,TreVeyon Henderson,TreVeyon Henderson,NE,RB,,"J.K. Dobbins Den-RB Q (Free Agent) / TreVeyon Henderson NE-RB (To Free Agent) — Cardinals — Oct 8, 5:00pm"
2025-10-08T17:01:00,"Oct 8, 5:01pm",Cardinals,waiver,Rico Dowdle,Rico Dowdle,PIT,RB,D'Andre Swift,D'Andre Swift,CHI,RB,,"Rico Dowdle Pit-RB (Free Agent) / D'Andre Swift Chi-RB (To Free Agent) — Cardinals — Oct 8, 5:01pm"
2025-10-08T17:08:00,"Oct 8, 5:08pm",ChronicMasterdeflatr,waiver,Mike Badgley,Mike Badgley,IND,K,Daniel Carlson,Daniel Carlson,LV,K,,"Michael Badgley Ind-K NA (Free Agent) / Daniel Carlson LV-K NA (To Free Agent) — ChronicMasterdeflatr — Oct 8, 5:08pm"
2025-10-08T17:11:00,"Oct 8, 5:11pm",ChronicMasterdeflatr,waiver,Tucker Kraft,Tucker Kraft,GB,TE,Hunter Henry,Hunter Henry,NE,TE,,"Tucker Kraft GB-TE PUP-P (Free Agent) / Hunter Henry NE-TE (To Free Agent) — ChronicMasterdeflatr — Oct 8, 5:11pm"
2025-10-08T17:13:00,"Oct 8, 5:13pm",ChronicMasterdeflatr,waiver,Denver Broncos,Denver Broncos,DEN,DEF,Los Angeles Chargers,Los Angeles Chargers,LAC,DEF,,"Broncos Den-DEF (Free Agent) / Chargers LAC-DEF (To Free Agent) — ChronicMasterdeflatr — Oct 8, 5:13pm"
2025-10-08T17:18:00,"Oct 8, 5:18pm",ChronicMasterdeflatr,waiver,Tee Higgins,Tee Higgins,CIN,WR,DJ Moore,DJ Moore,BUF,WR,,"Tee Higgins Cin-WR (Free Agent) / DJ Moore Buf-WR (To Free Agent) — ChronicMasterdeflatr — Oct 8, 5:18pm"
2025-10-08T17:26:00,"Oct 8, 5:26pm",Elite,waiver,Green Bay Packers,Green Bay Packers,GB,DEF,Houston Texans,Houston Texans,HOU,DEF,,"Packers GB-DEF (Free Agent) / Texans Hou-DEF (To Free Agent) — Elite — Oct 8, 5:26pm"
2025-10-08T17:28:00,"Oct 8, 5:28pm",Elite,waiver,Bryce Young,Bryce Young,CAR,QB,Carson Wentz,Carson Wentz,MIN,QB,,"Bryce Young Car-QB (Free Agent) / Carson Wentz Min-QB Q (To Free Agent) — Elite — Oct 8, 5:28pm"
2025-10-08T17:29:00,"Oct 8, 5:29pm",Elite,waiver,,,,,Chad Ryland,Chad Ryland,ARI,K,,"Chad Ryland Ari-K (To Free Agent) — Elite — Oct 8, 5:29pm"
2025-10-08T18:00:00,"Oct 8, 6:00pm",Elite,waiver,Hassan Haskins,Hassan Haskins,LAC,RB,,,,,,"Hassan Haskins LAC-RB NA — Elite — Oct 8, 6:00pm"
2025-10-08T18:39:00,"Oct 8, 6:39pm",Elite,waiver,,,,,Alvin Kamara,Alvin Kamara,NO,RB,,"Alvin Kamara NO-RB Q (To Free Agent) — Elite — Oct 8, 6:39pm"
2025-10-08T18:40:00,"Oct 8, 6:40pm",Elite,waiver,Rhamondre Stevenson,Rhamondre Stevenson,NE,RB,,,,,,"Rhamondre Stevenson NE-RB Q — Elite — Oct 8, 6:40pm"
2025-10-08T22:30:00,"Oct 8, 10:30pm",Redskins,waiver,Eddy Pineiro,Eddy Pineiro,SF,K,Spencer Shrader,Spencer Shrader,IND,K,,"Eddy Pineiro SF-K (Free Agent) / Spencer Shrader Ind-K Q (To Free Agent) — Redskins — Oct 8, 10:30pm"
2025-10-08T22:32:00,"Oct 8, 10:32pm",Wildcard,waiver,Tre Tucker,Tre Tucker,LV,WR,Zay Flowers,Zay Flowers,BAL,WR,,"Tre Tucker LV-WR (Free Agent) / Zay Flowers Bal-WR (To Free Agent) — Wildcard — Oct 8, 10:32pm"
2025-10-08T22:33:00,"Oct 8, 10:33pm",Wildcard,waiver,Romeo Doubs,Romeo Doubs,NE,WR,Tyquan Thornton,Tyquan Thornton,KC,WR,,"Romeo Doubs NE-WR (Free Agent) / Tyquan Thornton KC-WR Q (To Free Agent) — Wildcard — Oct 8, 10:33pm"
2025-10-08T22:37:00,"Oct 8, 10:37pm",Hoofers,waiver,Terry McLaurin,Terry McLaurin,WAS,WR,Chris Godwin Jr.,Chris Godwin Jr.,TB,WR,,"Terry McLaurin Was-WR (Free Agent) / Chris Godwin Jr. TB-WR (To Free Agent) — Hoofers — Oct 8, 10:37pm"
2025-10-08T22:41:00,"Oct 8, 10:41pm",Hoofers,waiver,Chris Boswell,Chris Boswell,PIT,K,Nick Folk,Nick Folk,ATL,K,,"Chris Boswell Pit-K (Free Agent) / Nick Folk Atl-K (To Free Agent) — Hoofers — Oct 8, 10:41pm"
2025-10-08T22:48:00,"Oct 8, 10:48pm",Sportos,waiver,D'Andre Swift,D'Andre Swift,CHI,RB,Jaxson Dart,Jaxson Dart,NYG,QB,,"D'Andre Swift Chi-RB (Free Agent) / Jaxson Dart NYG-QB (To Free Agent) — Sportos — Oct 8, 10:48pm"
2025-10-08T22:56:00,"Oct 8, 10:56pm",Sportos,waiver,DJ Moore,DJ Moore,BUF,WR,Jakobi Meyers,Jakobi Meyers,JAX,WR,,"DJ Moore Buf-WR (Free Agent) / Jakobi Meyers Jax-WR (To Free Agent) — Sportos — Oct 8, 10:56pm"
2025-10-08T23:09:00,"Oct 8, 11:09pm",Hoofers,waiver,Las Vegas Raiders,Las Vegas Raiders,LV,DEF,Arizona Cardinals,Arizona Cardinals,ARI,DEF,,"Raiders LV-DEF (Free Agent) / Cardinals Ari-DEF (To Free Agent) — Hoofers — Oct 8, 11:09pm"
2025-10-08T23:11:00,"Oct 8, 11:11pm",Hoofers,waiver,Isiah Pacheco,Isiah Pacheco,DET,RB,Emari Demercado,Emari Demercado,KC,RB,,"Isiah Pacheco Det-RB (Free Agent) / Emari Demercado KC-RB (To Free Agent) — Hoofers — Oct 8, 11:11pm"
2025-10-08T23:14:00,"Oct 8, 11:14pm",Let's Ride,waiver,Zay Flowers,Zay Flowers,BAL,WR,Mike Evans,Mike Evans,SF,WR,,"Zay Flowers Bal-WR (Free Agent) / Mike Evans SF-WR (To Free Agent) — Let's Ride — Oct 8, 11:14pm"
2025-10-08T23:43:00,"Oct 8, 11:43pm",Greendawgs,waiver,Andy Borregales,Andy Borregales,NE,K,Woody Marks,Woody Marks,HOU,RB,,"Andy Borregales NE-K (Free Agent) / Woody Marks Hou-RB (To Free Agent) — Greendawgs — Oct 8, 11:43pm"
2025-10-09T00:03:00,"Oct 9, 12:03am",Greendawgs,waiver,Kendrick Bourne,Kendrick Bourne,ARI,WR,Wan'Dale Robinson,Wan'Dale Robinson,TEN,WR,,"Kendrick Bourne Ari-WR (Free Agent) / Wan'Dale Robinson Ten-WR Q (To Free Agent) — Greendawgs — Oct 9, 12:03am"
2025-10-15T16:05:00,"Oct 15, 4:05pm",Elite,waiver,John Parker Romo,John Parker Romo,ATL,K,Cairo Santos,Cairo Santos,CHI,K,,"Parker Romo Atl-K NA (Free Agent) / Cairo Santos Chi-K (To Free Agent) — Elite — Oct 15, 4:05pm"
2025-10-15T16:09:00,"Oct 15, 4:09pm",Elite,waiver,,,,,Troy Franklin,Troy Franklin,DEN,WR,,"Troy Franklin Den-WR Q (To Free Agent) — Elite — Oct 15, 4:09pm"
2025-10-15T16:09:00,"Oct 15, 4:09pm",Elite,waiver,Jaylen Warren,Jaylen Warren,PIT,RB,,,,,,"Jaylen Warren Pit-RB — Elite — Oct 15, 4:09pm"
2025-10-15T16:09:00,"Oct 15, 4:09pm",Elite,waiver,,,,,RJ Harvey,RJ Harvey,DEN,RB,,"RJ Harvey Den-RB Q (To Free Agent) — Elite — Oct 15, 4:09pm"
2025-10-15T16:11:00,"Oct 15, 4:11pm",Elite,waiver,Jerry Jeudy,Jerry Jeudy,CLE,WR,,,,,,"Jerry Jeudy Cle-WR Q — Elite — Oct 15, 4:11pm"
2025-10-15T16:29:00,"Oct 15, 4:29pm",Elite,waiver,,,,,Brock Bowers,Brock Bowers,LV,TE,,"Brock Bowers LV-TE Q (To Free Agent) — Elite — Oct 15, 4:29pm"
2025-10-15T16:30:00,"Oct 15, 4:30pm",Elite,waiver,Zach Ertz,Zach Ertz,WAS,TE,,,,,,"Zach Ertz Was-TE NA — Elite — Oct 15, 4:30pm"
2025-10-15T16:36:00,"Oct 15, 4:36pm",Wildcard,waiver,Aaron Rodgers,Aaron Rodgers,PIT,QB,Justin Fields,Justin Fields,KC,QB,,"Aaron Rodgers Pit-QB (Free Agent) / Justin Fields KC-QB Q (To Free Agent) — Wildcard — Oct 15, 4:36pm"
2025-10-15T16:40:00,"Oct 15, 4:40pm",Wildcard,waiver,Mike Evans,Mike Evans,SF,WR,Kenny Gainwell,Kenny Gainwell,TB,RB,,"Mike Evans SF-WR (Free Agent) / Kenny Gainwell TB-RB (To Free Agent) — Wildcard — Oct 15, 4:40pm"
2025-10-15T16:43:00,"Oct 15, 4:43pm",Wildcard,waiver,New England Patriots,New England Patriots,NE,DEF,Buffalo Bills,Buffalo Bills,BUF,DEF,,"Patriots NE-DEF (Free Agent) / Bills Buf-DEF (To Free Agent) — Wildcard — Oct 15, 4:43pm"
2025-10-15T16:48:00,"Oct 15, 4:48pm",Sportos,waiver,Chad Ryland,Chad Ryland,ARI,K,Matt Prater,Matt Prater,BUF,K,,"Chad Ryland Ari-K (Free Agent) / Matt Prater Buf-K NA (To Free Agent) — Sportos — Oct 15, 4:48pm"
2025-10-15T16:48:00,"Oct 15, 4:48pm",Sportos,waiver,Ryan Fitzgerald,Ryan Fitzgerald,CAR,K,Tyler Loop,Tyler Loop,BAL,K,,"Ryan Fitzgerald Car-K (Free Agent) / Tyler Loop Bal-K (To Free Agent) — Sportos — Oct 15, 4:48pm"
2025-10-15T16:50:00,"Oct 15, 4:50pm",Sportos,waiver,Kayshon Boutte,Kayshon Boutte,NE,WR,DJ Moore,DJ Moore,BUF,WR,,"Kayshon Boutte NE-WR (Free Agent) / DJ Moore Buf-WR (To Free Agent) — Sportos — Oct 15, 4:50pm"
2025-10-15T16:54:00,"Oct 15, 4:54pm",Sportos,waiver,Joe Flacco,Joe Flacco,CIN,QB,Omarion Hampton,Omarion Hampton,LAC,RB,,"Joe Flacco Cin-QB (Free Agent) / Omarion Hampton LAC-RB (To Free Agent) — Sportos — Oct 15, 4:54pm"
2025-10-15T16:56:00,"Oct 15, 4:56pm",Sportos,waiver,Kimani Vidal,Kimani Vidal,LAC,RB,D'Andre Swift,D'Andre Swift,CHI,RB,,"Kimani Vidal LAC-RB (Free Agent) / D'Andre Swift Chi-RB (To Free Agent) — Sportos — Oct 15, 4:56pm"
2025-10-15T17:02:00,"Oct 15, 5:02pm",Sportos,waiver,Marquise Brown,Marquise Brown,PHI,WR,Emeka Egbuka,Emeka Egbuka,TB,WR,,"Hollywood Brown Phi-WR (Free Agent) / Emeka Egbuka TB-WR (To Free Agent) — Sportos — Oct 15, 5:02pm"
2025-10-15T17:03:00,"Oct 15, 5:03pm",Sportos,waiver,Rashid Shaheed,Rashid Shaheed,SEA,WR,Marquise Brown,Marquise Brown,PHI,WR,,"Rashid Shaheed Sea-WR (Free Agent) / Hollywood Brown Phi-WR (To Free Agent) — Sportos — Oct 15, 5:03pm"
2025-10-15T17:05:00,"Oct 15, 5:05pm",Sportos,waiver,Seattle Seahawks,Seattle Seahawks,SEA,DEF,Philadelphia Eagles,Philadelphia Eagles,PHI,DEF,,"Seahawks Sea-DEF (Free Agent) / Eagles Phi-DEF (To Free Agent) — Sportos — Oct 15, 5:05pm"
2025-10-15T17:19:00,"Oct 15, 5:19pm",Let's Ride,waiver,Pittsburgh Steelers,Pittsburgh Steelers,PIT,DEF,Indianapolis Colts,Indianapolis Colts,IND,DEF,,"Steelers Pit-DEF (Free Agent) / Colts Ind-DEF (To Free Agent) — Let's Ride — Oct 15, 5:19pm"
2025-10-15T17:20:00,"Oct 15, 5:20pm",Let's Ride,waiver,Travis Hunter,Travis Hunter,JAX,WR,DeVonta Smith,DeVonta Smith,PHI,WR,,"Travis Hunter Jax-WR Q (Free Agent) / DeVonta Smith Phi-WR (To Free Agent) — Let's Ride — Oct 15, 5:20pm"
2025-10-15T17:23:00,"Oct 15, 5:23pm",Let's Ride,waiver,Dallas Goedert,Dallas Goedert,PHI,TE,Khalil Shakir,Khalil Shakir,BUF,WR,,"Dallas Goedert Phi-TE (Free Agent) / Khalil Shakir Buf-WR (To Free Agent) — Let's Ride — Oct 15, 5:23pm"
2025-10-15T18:54:00,"Oct 15, 6:54pm",Just Bout Dat Action,waiver,D'Andre Swift,D'Andre Swift,CHI,RB,Tony Pollard,Tony Pollard,TEN,RB,,"D'Andre Swift Chi-RB (Free Agent) / Tony Pollard Ten-RB (To Free Agent) — Just Bout Dat Action — Oct 15, 6:54pm"
2025-10-15T18:55:00,"Oct 15, 6:55pm",Just Bout Dat Action,waiver,Kenny Gainwell,Kenny Gainwell,TB,RB,Chuba Hubbard,Chuba Hubbard,CAR,RB,,"Kenny Gainwell TB-RB (Free Agent) / Chuba Hubbard Car-RB (To Free Agent) — Just Bout Dat Action — Oct 15, 6:55pm"
2025-10-15T18:59:00,"Oct 15, 6:59pm",Hoofers,waiver,Cleveland Browns,Cleveland Browns,CLE,DEF,Las Vegas Raiders,Las Vegas Raiders,LV,DEF,,"Browns Cle-DEF (Free Agent) / Raiders LV-DEF (To Free Agent) — Hoofers — Oct 15, 6:59pm"
2025-10-15T20:20:00,"Oct 15, 8:20pm",Cardinals,waiver,Brock Purdy,Brock Purdy,SF,QB,Ricky Pearsall,Ricky Pearsall,SF,WR,,"Brock Purdy SF-QB (Free Agent) / Ricky Pearsall SF-WR Q (To Free Agent) — Cardinals — Oct 15, 8:20pm"
2025-10-15T20:43:00,"Oct 15, 8:43pm",Redskins,waiver,Emeka Egbuka,Emeka Egbuka,TB,WR,Keon Coleman,Keon Coleman,BUF,WR,,"Emeka Egbuka TB-WR (Free Agent) / Keon Coleman Buf-WR (To Free Agent) — Redskins — Oct 15, 8:43pm"
2025-10-15T20:47:00,"Oct 15, 8:47pm",Redskins,waiver,Darren Waller,Darren Waller,MIA,TE,Mark Andrews,Mark Andrews,BAL,TE,,"Darren Waller Mia-TE NA (Free Agent) / Mark Andrews Bal-TE (To Free Agent) — Redskins — Oct 15, 8:47pm"
2025-10-15T20:59:00,"Oct 15, 8:59pm",Greendawgs,waiver,Justin Fields,Justin Fields,KC,QB,Andy Borregales,Andy Borregales,NE,K,,"Justin Fields KC-QB Q (Free Agent) / Andy Borregales NE-K (To Free Agent) — Greendawgs — Oct 15, 8:59pm"
2025-10-22T18:31:00,"Oct 22, 6:31pm",Elite,waiver,,,,,Hassan Haskins,Hassan Haskins,LAC,RB,,"Hassan Haskins LAC-RB NA (To Free Agent) — Elite — Oct 22, 6:31pm"
2025-10-22T18:32:00,"Oct 22, 6:32pm",Elite,waiver,Jaxson Dart,Jaxson Dart,NYG,QB,Bryce Young,Bryce Young,CAR,QB,,"Jaxson Dart NYG-QB (Free Agent) / Bryce Young Car-QB (To Free Agent) — Elite — Oct 22, 6:32pm"
2025-10-22T18:32:00,"Oct 22, 6:32pm",Elite,waiver,Chuba Hubbard,Chuba Hubbard,CAR,RB,,,,,,"Chuba Hubbard Car-RB — Elite — Oct 22, 6:32pm"
2025-10-22T18:34:00,"Oct 22, 6:34pm",Elite,waiver,DeVonta Smith,DeVonta Smith,PHI,WR,Marvin Harrison Jr.,Marvin Harrison Jr.,ARI,WR,,"DeVonta Smith Phi-WR (Free Agent) / Marvin Harrison Jr. Ari-WR Q (To Free Agent) — Elite — Oct 22, 6:34pm"
2025-10-22T18:35:00,"Oct 22, 6:35pm",Elite,waiver,Alvin Kamara,Alvin Kamara,NO,RB,Bucky Irving,Bucky Irving,TB,RB,,"Alvin Kamara NO-RB Q (Free Agent) / Bucky Irving TB-RB Q (To Free Agent) — Elite — Oct 22, 6:35pm"
2025-10-22T18:36:00,"Oct 22, 6:36pm",Elite,waiver,,,,,Alvin Kamara,Alvin Kamara,NO,RB,,"Alvin Kamara NO-RB Q (To Free Agent) — Elite — Oct 22, 6:36pm"
2025-10-22T18:37:00,"Oct 22, 6:37pm",Elite,waiver,Keon Coleman,Keon Coleman,BUF,WR,,,,,,"Keon Coleman Buf-WR — Elite — Oct 22, 6:37pm"
2025-10-22T18:37:00,"Oct 22, 6:37pm",Elite,waiver,Jauan Jennings,Jauan Jennings,MIN,WR,Jerry Jeudy,Jerry Jeudy,CLE,WR,,"Jauan Jennings Min-WR (Free Agent) / Jerry Jeudy Cle-WR Q (To Free Agent) — Elite — Oct 22, 6:37pm"
2025-10-22T18:40:00,"Oct 22, 6:40pm",Let's Ride,waiver,Spencer Rattler,Spencer Rattler,NO,QB,Dallas Goedert,Dallas Goedert,PHI,TE,,"Spencer Rattler NO-QB Q (Free Agent) / Dallas Goedert Phi-TE (To Free Agent) — Let's Ride — Oct 22, 6:40pm"
2025-10-22T18:42:00,"Oct 22, 6:42pm",Let's Ride,waiver,Indianapolis Colts,Indianapolis Colts,IND,DEF,Pittsburgh Steelers,Pittsburgh Steelers,PIT,DEF,,"Colts Ind-DEF (Free Agent) / Steelers Pit-DEF (To Free Agent) — Let's Ride — Oct 22, 6:42pm"
2025-10-22T19:00:00,"Oct 22, 7:00pm",Sportos,waiver,Tyler Loop,Tyler Loop,BAL,K,Chad Ryland,Chad Ryland,ARI,K,,"Tyler Loop Bal-K (Free Agent) / Chad Ryland Ari-K (To Free Agent) — Sportos — Oct 22, 7:00pm"
2025-10-22T19:01:00,"Oct 22, 7:01pm",Sportos,waiver,Evan McPherson,Evan McPherson,CIN,K,Ryan Fitzgerald,Ryan Fitzgerald,CAR,K,,"Evan McPherson Cin-K (Free Agent) / Ryan Fitzgerald Car-K (To Free Agent) — Sportos — Oct 22, 7:01pm"
2025-10-22T19:08:00,"Oct 22, 7:08pm",Sportos,waiver,Khalil Shakir,Khalil Shakir,BUF,WR,Rashid Shaheed,Rashid Shaheed,SEA,WR,,"Khalil Shakir Buf-WR (Free Agent) / Rashid Shaheed Sea-WR (To Free Agent) — Sportos — Oct 22, 7:08pm"
2025-10-22T19:10:00,"Oct 22, 7:10pm",Sportos,waiver,Tez Johnson,Tez Johnson,TB,WR,Kayshon Boutte,Kayshon Boutte,NE,WR,,"Tez Johnson TB-WR (Free Agent) / Kayshon Boutte NE-WR (To Free Agent) — Sportos — Oct 22, 7:10pm"
2025-10-22T19:14:00,"Oct 22, 7:14pm",Sportos,waiver,San Francisco 49ers,San Francisco 49ers,SF,DEF,Seattle Seahawks,Seattle Seahawks,SEA,DEF,,"49ers SF-DEF (Free Agent) / Seahawks Sea-DEF (To Free Agent) — Sportos — Oct 22, 7:14pm"
2025-10-22T19:19:00,"Oct 22, 7:19pm",Cardinals,waiver,Bucky Irving,Bucky Irving,TB,RB,Tua Tagovailoa,Tua Tagovailoa,ATL,QB,,"Bucky Irving TB-RB Q (Free Agent) / Tua Tagovailoa Atl-QB Q (To Free Agent) — Cardinals — Oct 22, 7:19pm"
2025-10-22T19:19:00,"Oct 22, 7:19pm",Cardinals,waiver,Michael Penix Jr.,Michael Penix Jr.,ATL,QB,Brock Purdy,Brock Purdy,SF,QB,,"Michael Penix Jr. Atl-QB Q (Free Agent) / Brock Purdy SF-QB (To Free Agent) — Cardinals — Oct 22, 7:19pm"
2025-10-22T19:28:00,"Oct 22, 7:28pm",ChronicMasterdeflatr,waiver,Houston Texans,Houston Texans,HOU,DEF,Denver Broncos,Denver Broncos,DEN,DEF,,"Texans Hou-DEF (Free Agent) / Broncos Den-DEF (To Free Agent) — ChronicMasterdeflatr — Oct 22, 7:28pm"
2025-10-22T19:31:00,"Oct 22, 7:31pm",Wildcard,waiver,Brandon McManus,Brandon McManus,GB,K,Cam Little,Cam Little,JAX,K,,"Brandon McManus GB-K NA (Free Agent) / Cam Little Jax-K (To Free Agent) — Wildcard — Oct 22, 7:31pm"
2025-10-22T19:33:00,"Oct 22, 7:33pm",Wildcard,waiver,Tony Pollard,Tony Pollard,TEN,RB,Mike Evans,Mike Evans,SF,WR,,"Tony Pollard Ten-RB (Free Agent) / Mike Evans SF-WR (To Free Agent) — Wildcard — Oct 22, 7:33pm"
2025-10-22T19:36:00,"Oct 22, 7:36pm",Wildcard,waiver,Kayshon Boutte,Kayshon Boutte,NE,WR,Tre Tucker,Tre Tucker,LV,WR,,"Kayshon Boutte NE-WR (Free Agent) / Tre Tucker LV-WR (To Free Agent) — Wildcard — Oct 22, 7:36pm"
2025-10-22T19:44:00,"Oct 22, 7:44pm",Redskins,waiver,Marquise Brown,Marquise Brown,PHI,WR,Brian Thomas Jr.,Brian Thomas Jr.,JAX,WR,,"Hollywood Brown Phi-WR (Free Agent) / Brian Thomas Jr. Jax-WR (To Free Agent) — Redskins — Oct 22, 7:44pm"
2025-10-22T19:44:00,"Oct 22, 7:44pm",Redskins,waiver,Carson Wentz,Carson Wentz,MIN,QB,Sam Darnold,Sam Darnold,SEA,QB,,"Carson Wentz Min-QB Q (Free Agent) / Sam Darnold Sea-QB (To Free Agent) — Redskins — Oct 22, 7:44pm"
2025-10-22T19:48:00,"Oct 22, 7:48pm",Redskins,waiver,Nick Chubb,Nick Chubb,HOU,RB,Marquise Brown,Marquise Brown,PHI,WR,,"Nick Chubb Hou-RB NA (Free Agent) / Hollywood Brown Phi-WR (To Free Agent) — Redskins — Oct 22, 7:48pm"
2025-10-22T19:50:00,"Oct 22, 7:50pm",Redskins,waiver,Dallas Goedert,Dallas Goedert,PHI,TE,Darren Waller,Darren Waller,MIA,TE,,"Dallas Goedert Phi-TE (Free Agent) / Darren Waller Mia-TE NA (To Free Agent) — Redskins — Oct 22, 7:50pm"
2025-10-22T19:51:00,"Oct 22, 7:51pm",Redskins,waiver,Ryan Fitzgerald,Ryan Fitzgerald,CAR,K,Joshua Karty,Joshua Karty,ARI,K,,"Ryan Fitzgerald Car-K (Free Agent) / Joshua Karty Ari-K NA (To Free Agent) — Redskins — Oct 22, 7:51pm"
2025-10-22T19:55:00,"Oct 22, 7:55pm",Just Bout Dat Action,waiver,Philadelphia Eagles,Philadelphia Eagles,PHI,DEF,Detroit Lions,Detroit Lions,DET,DEF,,"Eagles Phi-DEF (Free Agent) / Lions Det-DEF (To Free Agent) — Just Bout Dat Action — Oct 22, 7:55pm"
2025-10-22T19:58:00,"Oct 22, 7:58pm",Just Bout Dat Action,waiver,Joey Slye,Joey Slye,TEN,K,Jason Myers,Jason Myers,SEA,K,,"Joey Slye Ten-K (Free Agent) / Jason Myers Sea-K (To Free Agent) — Just Bout Dat Action — Oct 22, 7:58pm"
2025-10-22T20:11:00,"Oct 22, 8:11pm",Greendawgs,waiver,Wan'Dale Robinson,Wan'Dale Robinson,TEN,WR,Jameson Williams,Jameson Williams,DET,WR,,"Wan'Dale Robinson Ten-WR Q (Free Agent) / Jameson Williams Det-WR (To Free Agent) — Greendawgs — Oct 22, 8:11pm"
2025-10-22T20:15:00,"Oct 22, 8:15pm",Greendawgs,waiver,Andy Dalton,Andy Dalton,PHI,QB,Justin Fields,Justin Fields,KC,QB,,"Andy Dalton Phi-QB (Free Agent) / Justin Fields KC-QB Q (To Free Agent) — Greendawgs — Oct 22, 8:15pm"
2025-10-22T20:20:00,"Oct 22, 8:20pm",Greendawgs,waiver,Troy Franklin,Troy Franklin,DEN,WR,Kendrick Bourne,Kendrick Bourne,ARI,WR,,"Troy Franklin Den-WR Q (Free Agent) / Kendrick Bourne Ari-WR (To Free Agent) — Greendawgs — Oct 22, 8:20pm"
2025-10-22T20:21:00,"Oct 22, 8:21pm",Greendawgs,waiver,Matt Prater,Matt Prater,BUF,K,Jake Bates,Jake Bates,DET,K,,"Matt Prater Buf-K NA (Free Agent) / Jake Bates Det-K (To Free Agent) — Greendawgs — Oct 22, 8:21pm"
2025-10-22T20:54:00,"Oct 22, 8:54pm",Hoofers,waiver,Atlanta Falcons,Atlanta Falcons,ATL,DEF,Cleveland Browns,Cleveland Browns,CLE,DEF,,"Falcons Atl-DEF (Free Agent) / Browns Cle-DEF (To Free Agent) — Hoofers — Oct 22, 8:54pm"
2025-10-29T16:17:00,"Oct 29, 4:17pm",Elite,waiver,,,,,Chuba Hubbard,Chuba Hubbard,CAR,RB,,"Chuba Hubbard Car-RB (To Free Agent) — Elite — Oct 29, 4:17pm"
2025-10-29T16:18:00,"Oct 29, 4:18pm",Elite,waiver,Kareem Hunt,Kareem Hunt,KC,RB,,,,,,"Kareem Hunt KC-RB NA — Elite — Oct 29, 4:18pm"
2025-10-29T16:19:00,"Oct 29, 4:19pm",Elite,waiver,,,,,DeVonta Smith,DeVonta Smith,PHI,WR,,"DeVonta Smith Phi-WR (To Free Agent) — Elite — Oct 29, 4:19pm"
2025-10-29T16:21:00,"Oct 29, 4:21pm",Elite,waiver,Kyler Murray,Kyler Murray,MIN,QB,,,,,,"Kyler Murray Min-QB Q — Elite — Oct 29, 4:21pm"
2025-10-29T16:22:00,"Oct 29, 4:22pm",Elite,waiver,,,,,Jauan Jennings,Jauan Jennings,MIN,WR,,"Jauan Jennings Min-WR (To Free Agent) — Elite — Oct 29, 4:22pm"
2025-10-29T16:23:00,"Oct 29, 4:23pm",Elite,waiver,Marvin Harrison Jr.,Marvin Harrison Jr.,ARI,WR,,,,,,"Marvin Harrison Jr. Ari-WR Q — Elite — Oct 29, 4:23pm"
2025-10-29T16:40:00,"Oct 29, 4:40pm",Cardinals,waiver,Sam Darnold,Sam Darnold,SEA,QB,Michael Penix Jr.,Michael Penix Jr.,ATL,QB,,"Sam Darnold Sea-QB (Free Agent) / Michael Penix Jr. Atl-QB Q (To Free Agent) — Cardinals — Oct 29, 4:40pm"
2025-10-29T16:42:00,"Oct 29, 4:42pm",Cardinals,waiver,Jake Bates,Jake Bates,DET,K,Chase McLaughlin,Chase McLaughlin,TB,K,,"Jake Bates Det-K (Free Agent) / Chase McLaughlin TB-K (To Free Agent) — Cardinals — Oct 29, 4:42pm"
2025-10-29T16:43:00,"Oct 29, 4:43pm",Cardinals,waiver,Los Angeles Chargers,Los Angeles Chargers,LAC,DEF,Minnesota Vikings,Minnesota Vikings,MIN,DEF,,"Chargers LAC-DEF (Free Agent) / Vikings Min-DEF (To Free Agent) — Cardinals — Oct 29, 4:43pm"
2025-10-29T16:55:00,"Oct 29, 4:55pm",Greendawgs,waiver,Brian Thomas Jr.,Brian Thomas Jr.,JAX,WR,Wan'Dale Robinson,Wan'Dale Robinson,TEN,WR,,"Brian Thomas Jr. Jax-WR (Free Agent) / Wan'Dale Robinson Ten-WR Q (To Free Agent) — Greendawgs — Oct 29, 4:55pm"
2025-10-29T17:00:00,"Oct 29, 5:00pm",Greendawgs,waiver,Tyrone Tracy Jr.,Tyrone Tracy Jr.,NYG,RB,Andy Dalton,Andy Dalton,PHI,QB,,"Tyrone Tracy Jr. NYG-RB (Free Agent) / Andy Dalton Phi-QB (To Free Agent) — Greendawgs — Oct 29, 5:00pm"
2025-10-29T17:17:00,"Oct 29, 5:17pm",Greendawgs,waiver,Chase McLaughlin,Chase McLaughlin,TB,K,Matt Prater,Matt Prater,BUF,K,,"Chase McLaughlin TB-K (Free Agent) / Matt Prater Buf-K NA (To Free Agent) — Greendawgs — Oct 29, 5:17pm"
2025-10-29T18:03:00,"Oct 29, 6:03pm",Let's Ride,waiver,RJ Harvey,RJ Harvey,DEN,RB,Spencer Rattler,Spencer Rattler,NO,QB,,"RJ Harvey Den-RB Q (Free Agent) / Spencer Rattler NO-QB Q (To Free Agent) — Let's Ride — Oct 29, 6:03pm"
2025-10-29T18:08:00,"Oct 29, 6:08pm",Just Bout Dat Action,waiver,Seattle Seahawks,Seattle Seahawks,SEA,DEF,Philadelphia Eagles,Philadelphia Eagles,PHI,DEF,,"Seahawks Sea-DEF (Free Agent) / Eagles Phi-DEF (To Free Agent) — Just Bout Dat Action — Oct 29, 6:08pm"
2025-10-29T18:11:00,"Oct 29, 6:11pm",Just Bout Dat Action,waiver,Joshua Karty,Joshua Karty,ARI,K,Joey Slye,Joey Slye,TEN,K,,"Joshua Karty Ari-K NA (Free Agent) / Joey Slye Ten-K (To Free Agent) — Just Bout Dat Action — Oct 29, 6:11pm"
2025-10-29T18:13:00,"Oct 29, 6:13pm",Just Bout Dat Action,waiver,Jauan Jennings,Jauan Jennings,MIN,WR,Kenny Gainwell,Kenny Gainwell,TB,RB,,"Jauan Jennings Min-WR (Free Agent) / Kenny Gainwell TB-RB (To Free Agent) — Just Bout Dat Action — Oct 29, 6:13pm"
2025-10-29T18:55:00,"Oct 29, 6:55pm",Wildcard,waiver,Cairo Santos,Cairo Santos,CHI,K,Jake Elliott,Jake Elliott,PHI,K,,"Cairo Santos Chi-K (Free Agent) / Jake Elliott Phi-K (To Free Agent) — Wildcard — Oct 29, 6:55pm"
2025-10-29T18:56:00,"Oct 29, 6:56pm",Wildcard,waiver,Jason Myers,Jason Myers,SEA,K,Brandon McManus,Brandon McManus,GB,K,,"Jason Myers Sea-K (Free Agent) / Brandon McManus GB-K NA (To Free Agent) — Wildcard — Oct 29, 6:56pm"
2025-10-29T18:57:00,"Oct 29, 6:57pm",Wildcard,waiver,Joey Slye,Joey Slye,TEN,K,Nick Folk,Nick Folk,ATL,K,,"Joey Slye Ten-K (Free Agent) / Nick Folk Atl-K (To Free Agent) — Wildcard — Oct 29, 6:57pm"
2025-10-29T18:57:00,"Oct 29, 6:57pm",Wildcard,waiver,Nick Folk,Nick Folk,ATL,K,Cairo Santos,Cairo Santos,CHI,K,,"Nick Folk Atl-K (Free Agent) / Cairo Santos Chi-K (To Free Agent) — Wildcard — Oct 29, 6:57pm"
2025-10-29T19:31:00,"Oct 29, 7:31pm",Hoofers,waiver,Christian Watson,Christian Watson,GB,WR,Terry McLaurin,Terry McLaurin,WAS,WR,,"Christian Watson GB-WR (Free Agent) / Terry McLaurin Was-WR (To Free Agent) — Hoofers — Oct 29, 7:31pm"
2025-10-29T19:32:00,"Oct 29, 7:32pm",Hoofers,waiver,Bam Knight,Bam Knight,ARI,RB,Rachaad White,Rachaad White,WAS,RB,,"Bam Knight Ari-RB Q (Free Agent) / Rachaad White Was-RB (To Free Agent) — Hoofers — Oct 29, 7:32pm"
2025-10-29T19:35:00,"Oct 29, 7:35pm",Hoofers,waiver,Blake Corum,Blake Corum,LA,RB,Isiah Pacheco,Isiah Pacheco,DET,RB,,"Blake Corum LAR-RB (Free Agent) / Isiah Pacheco Det-RB (To Free Agent) — Hoofers — Oct 29, 7:35pm"
2025-10-29T19:36:00,"Oct 29, 7:36pm",Hoofers,waiver,Jacksonville Jaguars,Jacksonville Jaguars,JAX,DEF,Atlanta Falcons,Atlanta Falcons,ATL,DEF,,"Jaguars Jax-DEF (Free Agent) / Falcons Atl-DEF (To Free Agent) — Hoofers — Oct 29, 7:36pm"
2025-10-29T19:38:00,"Oct 29, 7:38pm",ChronicMasterdeflatr,waiver,Chad Ryland,Chad Ryland,ARI,K,Matt Gay,Matt Gay,LV,K,,"Chad Ryland Ari-K (Free Agent) / Matt Gay LV-K (To Free Agent) — ChronicMasterdeflatr — Oct 29, 7:38pm"
2025-10-29T19:48:00,"Oct 29, 7:48pm",ChronicMasterdeflatr,waiver,DeVonta Smith,DeVonta Smith,PHI,WR,Cam Skattebo,Cam Skattebo,NYG,RB,,"DeVonta Smith Phi-WR (Free Agent) / Cam Skattebo NYG-RB Q (To Free Agent) — ChronicMasterdeflatr — Oct 29, 7:48pm"
2025-10-29T21:09:00,"Oct 29, 9:09pm",Sportos,waiver,Jameson Williams,Jameson Williams,DET,WR,Tez Johnson,Tez Johnson,TB,WR,,"Jameson Williams Det-WR (Free Agent) / Tez Johnson TB-WR (To Free Agent) — Sportos — Oct 29, 9:09pm"
2025-10-29T21:10:00,"Oct 29, 9:10pm",Sportos,waiver,TreVeyon Henderson,TreVeyon Henderson,NE,RB,Jordan Mason,Jordan Mason,MIN,RB,,"TreVeyon Henderson NE-RB (Free Agent) / Jordan Mason Min-RB (To Free Agent) — Sportos — Oct 29, 9:10pm"
2025-10-29T21:14:00,"Oct 29, 9:14pm",Sportos,waiver,Denver Broncos,Denver Broncos,DEN,DEF,San Francisco 49ers,San Francisco 49ers,SF,DEF,,"Broncos Den-DEF (Free Agent) / 49ers SF-DEF (To Free Agent) — Sportos — Oct 29, 9:14pm"
2025-10-29T21:46:00,"Oct 29, 9:46pm",Redskins,waiver,Tua Tagovailoa,Tua Tagovailoa,ATL,QB,Carson Wentz,Carson Wentz,MIN,QB,,"Tua Tagovailoa Atl-QB Q (Free Agent) / Carson Wentz Min-QB Q (To Free Agent) — Redskins — Oct 29, 9:46pm"
2025-10-29T21:48:00,"Oct 29, 9:48pm",Redskins,waiver,Tre Tucker,Tre Tucker,LV,WR,Garrett Wilson,Garrett Wilson,NYJ,WR,,"Tre Tucker LV-WR (Free Agent) / Garrett Wilson NYJ-WR Q (To Free Agent) — Redskins — Oct 29, 9:48pm"
2025-11-05T16:35:00,"Nov 5, 4:35pm",Redskins,waiver,Wan'Dale Robinson,Wan'Dale Robinson,TEN,WR,Xavier Worthy,Xavier Worthy,KC,WR,,"Wan'Dale Robinson Ten-WR Q (Free Agent) / Xavier Worthy KC-WR Q (To Free Agent) — Redskins — Nov 5, 4:35pm"
2025-11-05T16:35:00,"Nov 5, 4:35pm",Redskins,waiver,Garrett Wilson,Garrett Wilson,NYJ,WR,Nick Chubb,Nick Chubb,HOU,RB,,"Garrett Wilson NYJ-WR Q (Free Agent) / Nick Chubb Hou-RB NA (To Free Agent) — Redskins — Nov 5, 4:35pm"
2025-11-05T16:38:00,"Nov 5, 4:38pm",Hoofers,waiver,Tank Bigsby,Tank Bigsby,PHI,RB,Bam Knight,Bam Knight,ARI,RB,,"Tank Bigsby Phi-RB (Free Agent) / Bam Knight Ari-RB Q (To Free Agent) — Hoofers — Nov 5, 4:38pm"
2025-11-05T16:49:00,"Nov 5, 4:49pm",Hoofers,waiver,Carolina Panthers,Carolina Panthers,CAR,DEF,Jacksonville Jaguars,Jacksonville Jaguars,JAX,DEF,,"Panthers Car-DEF (Free Agent) / Jaguars Jax-DEF (To Free Agent) — Hoofers — Nov 5, 4:49pm"
2025-11-05T16:54:00,"Nov 5, 4:54pm",Hoofers,waiver,Jordan Mason,Jordan Mason,MIN,RB,Blake Corum,Blake Corum,LA,RB,,"Jordan Mason Min-RB (Free Agent) / Blake Corum LAR-RB (To Free Agent) — Hoofers — Nov 5, 4:54pm"
2025-11-05T16:56:00,"Nov 5, 4:56pm",Hoofers,waiver,Rashid Shaheed,Rashid Shaheed,SEA,WR,Christian Watson,Christian Watson,GB,WR,,"Rashid Shaheed Sea-WR (Free Agent) / Christian Watson GB-WR (To Free Agent) — Hoofers — Nov 5, 4:56pm"
2025-11-05T18:10:00,"Nov 5, 6:10pm",Elite,waiver,,,,,Kyler Murray,Kyler Murray,MIN,QB,,"Kyler Murray Min-QB Q (To Free Agent) — Elite — Nov 5, 6:10pm"
2025-11-05T18:12:00,"Nov 5, 6:12pm",Elite,waiver,,,,,John Parker Romo,John Parker Romo,ATL,K,,"Parker Romo Atl-K NA (To Free Agent) — Elite — Nov 5, 6:12pm"
2025-11-05T18:12:00,"Nov 5, 6:12pm",Elite,waiver,Matt Prater,Matt Prater,BUF,K,,,,,,"Matt Prater Buf-K NA — Elite — Nov 5, 6:12pm"
2025-11-05T18:22:00,"Nov 5, 6:22pm",Elite,waiver,Woody Marks,Woody Marks,HOU,RB,,,,,,"Woody Marks Hou-RB — Elite — Nov 5, 6:22pm"
2025-11-05T18:33:00,"Nov 5, 6:33pm",Just Bout Dat Action,waiver,J.J. McCarthy,J.J. McCarthy,MIN,QB,C.J. Stroud,C.J. Stroud,HOU,QB,,"J.J. McCarthy Min-QB Q (Free Agent) / C.J. Stroud Hou-QB (To Free Agent) — Just Bout Dat Action — Nov 5, 6:33pm"
2025-11-05T18:35:00,"Nov 5, 6:35pm",Just Bout Dat Action,waiver,Brandon McManus,Brandon McManus,GB,K,Harrison Butker,Harrison Butker,KC,K,,"Brandon McManus GB-K NA (Free Agent) / Harrison Butker KC-K (To Free Agent) — Just Bout Dat Action — Nov 5, 6:35pm"
2025-11-05T18:54:00,"Nov 5, 6:54pm",Wildcard,waiver,Marcus Mariota,Marcus Mariota,WAS,QB,Tony Pollard,Tony Pollard,TEN,RB,,"Marcus Mariota Was-QB Q (Free Agent) / Tony Pollard Ten-RB (To Free Agent) — Wildcard — Nov 5, 6:54pm"
2025-11-05T18:55:00,"Nov 5, 6:55pm",Wildcard,waiver,Nick Folk,Nick Folk,ATL,K,Joey Slye,Joey Slye,TEN,K,,"Nick Folk Atl-K (Free Agent) / Joey Slye Ten-K (To Free Agent) — Wildcard — Nov 5, 6:55pm"
2025-11-05T19:05:00,"Nov 5, 7:05pm",Wildcard,waiver,Darius Slayton,Darius Slayton,NYG,WR,Kayshon Boutte,Kayshon Boutte,NE,WR,,"Darius Slayton NYG-WR Q (Free Agent) / Kayshon Boutte NE-WR (To Free Agent) — Wildcard — Nov 5, 7:05pm"
2025-11-05T19:07:00,"Nov 5, 7:07pm",Sportos,trade,Kenneth Walker III,Kenneth Walker III,KC,RB,,,,,Let's Ride,"TRADE: Kenneth Walker III KC-RB → Sportos (Dac) — Nov 5, 7:07pm | Khalil Shakir Buf-WR → Let's Ride (Dac) — Nov 5, 7:07pm"
2025-11-05T19:07:00,"Nov 5, 7:07pm",Let's Ride,trade,Khalil Shakir,Khalil Shakir,BUF,WR,,,,,Sportos,"TRADE: Kenneth Walker III KC-RB → Sportos (Dac) — Nov 5, 7:07pm | Khalil Shakir Buf-WR → Let's Ride (Dac) — Nov 5, 7:07pm"
2025-11-05T19:17:00,"Nov 5, 7:17pm",Let's Ride,waiver,Chris Godwin Jr.,Chris Godwin Jr.,TB,WR,Travis Hunter,Travis Hunter,JAX,WR,,"Chris Godwin Jr. TB-WR (Free Agent) / Travis Hunter Jax-WR Q (To Free Agent) — Let's Ride — Nov 5, 7:17pm"
2025-11-05T19:23:00,"Nov 5, 7:23pm",Greendawgs,waiver,Christian Watson,Christian Watson,GB,WR,Tyrone Tracy Jr.,Tyrone Tracy Jr.,NYG,RB,,"Christian Watson GB-WR (Free Agent) / Tyrone Tracy Jr. NYG-RB (To Free Agent) — Greendawgs — Nov 5, 7:23pm"
2025-11-05T19:25:00,"Nov 5, 7:25pm",Greendawgs,waiver,Jake Elliott,Jake Elliott,PHI,K,Ka'imi Fairbairn,Ka'imi Fairbairn,HOU,K,,"Jake Elliott Phi-K (Free Agent) / Ka'imi Fairbairn Hou-K (To Free Agent) — Greendawgs — Nov 5, 7:25pm"
2025-11-05T19:30:00,"Nov 5, 7:30pm",Greendawgs,waiver,Tez Johnson,Tez Johnson,TB,WR,Brian Thomas Jr.,Brian Thomas Jr.,JAX,WR,,"Tez Johnson TB-WR (Free Agent) / Brian Thomas Jr. Jax-WR (To Free Agent) — Greendawgs — Nov 5, 7:30pm"
2025-11-05T19:37:00,"Nov 5, 7:37pm",Sportos,waiver,Brock Bowers,Brock Bowers,LV,TE,Jake Ferguson,Jake Ferguson,DAL,TE,,"Brock Bowers LV-TE Q (Free Agent) / Jake Ferguson Dal-TE (To Free Agent) — Sportos — Nov 5, 7:37pm"
2025-11-05T19:40:00,"Nov 5, 7:40pm",Sportos,waiver,Cairo Santos,Cairo Santos,CHI,K,Evan McPherson,Evan McPherson,CIN,K,,"Cairo Santos Chi-K (Free Agent) / Evan McPherson Cin-K (To Free Agent) — Sportos — Nov 5, 7:40pm"
2025-11-05T19:45:00,"Nov 5, 7:45pm",Sportos,waiver,DJ Moore,DJ Moore,BUF,WR,TreVeyon Henderson,TreVeyon Henderson,NE,RB,,"DJ Moore Buf-WR (Free Agent) / TreVeyon Henderson NE-RB (To Free Agent) — Sportos — Nov 5, 7:45pm"
2025-11-05T20:09:00,"Nov 5, 8:09pm",Cardinals,waiver,Brian Thomas Jr.,Brian Thomas Jr.,JAX,WR,J.K. Dobbins,J.K. Dobbins,DEN,RB,,"Brian Thomas Jr. Jax-WR (Free Agent) / J.K. Dobbins Den-RB Q (To Free Agent) — Cardinals — Nov 5, 8:09pm"
2025-11-05T21:16:00,"Nov 5, 9:16pm",ChronicMasterdeflatr,waiver,Oronde Gadsden,Oronde Gadsden II,LAC,TE,Tucker Kraft,Tucker Kraft,GB,TE,,"Oronde Gadsden LAC-TE (Free Agent) / Tucker Kraft GB-TE PUP-P (To Free Agent) — ChronicMasterdeflatr — Nov 5, 9:16pm"
2025-11-06T10:45:00,"Nov 6, 10:45am",ChronicMasterdeflatr,waiver,Justin Fields,Justin Fields,KC,QB,Jayden Daniels,Jayden Daniels,WAS,QB,,"Justin Fields KC-QB Q (Free Agent) / Jayden Daniels Was-QB Q (To Free Agent) — ChronicMasterdeflatr — Nov 6, 10:45am"
2025-11-12T16:41:00,"Nov 12, 4:41pm",Just Bout Dat Action,commissioner_drop,,,,,Rome Odunze,Rome Odunze,CHI,WR,,"Rome Odunze Chi-WR — Dropped (by Commissioner) To Free Agent — Just Bout Dat Action (Dac) — Nov 12, 4:41pm"
2025-11-12T16:42:00,"Nov 12, 4:42pm",Just Bout Dat Action,commissioner_add,Jordan Love,Jordan Love,GB,QB,,,,,,"Jordan Love GB-QB — Free Agent Added (by Commissioner) — Just Bout Dat Action (Dac) — Nov 12, 4:42pm"
2025-11-12T16:42:00,"Nov 12, 4:42pm",Hoofers,commissioner_drop,,,,,Jordan Love,Jordan Love,GB,QB,,"Jordan Love GB-QB — Dropped (by Commissioner) To Free Agent — Hoofers (Dac) — Nov 12, 4:42pm"
2025-11-12T16:46:00,"Nov 12, 4:46pm",Hoofers,waiver,Xavier Worthy,Xavier Worthy,KC,WR,,,,,,"Xavier Worthy KC-WR Q — Hoofers — Nov 12, 4:46pm"
2025-11-12T16:46:00,"Nov 12, 4:46pm",Hoofers,waiver,Rome Odunze,Rome Odunze,CHI,WR,Rashid Shaheed,Rashid Shaheed,SEA,WR,,"Rome Odunze Chi-WR (Free Agent) / Rashid Shaheed Sea-WR (To Free Agent) — Hoofers — Nov 12, 4:46pm"
2025-11-12T16:47:00,"Nov 12, 4:47pm",Hoofers,waiver,TreVeyon Henderson,TreVeyon Henderson,NE,RB,Tank Bigsby,Tank Bigsby,PHI,RB,,"TreVeyon Henderson NE-RB (Free Agent) / Tank Bigsby Phi-RB (To Free Agent) — Hoofers — Nov 12, 4:47pm"
2025-11-12T16:48:00,"Nov 12, 4:48pm",Hoofers,waiver,Aaron Jones Sr.,Aaron Jones,MIN,RB,Jordan Mason,Jordan Mason,MIN,RB,,"Aaron Jones Sr. Min-RB Q (Free Agent) / Jordan Mason Min-RB (To Free Agent) — Hoofers — Nov 12, 4:48pm"
2025-11-12T16:51:00,"Nov 12, 4:51pm",Hoofers,waiver,Baltimore Ravens,Baltimore Ravens,BAL,DEF,Carolina Panthers,Carolina Panthers,CAR,DEF,,"Ravens Bal-DEF (Free Agent) / Panthers Car-DEF (To Free Agent) — Hoofers — Nov 12, 4:51pm"
2025-11-12T16:53:00,"Nov 12, 4:53pm",Hoofers,waiver,Cam Little,Cam Little,JAX,K,Chris Boswell,Chris Boswell,PIT,K,,"Cam Little Jax-K (Free Agent) / Chris Boswell Pit-K (To Free Agent) — Hoofers — Nov 12, 4:53pm"
2025-11-12T18:17:00,"Nov 12, 6:17pm",Wildcard,waiver,Malik Washington,Malik Washington,MIA,WR,Marcus Mariota,Marcus Mariota,WAS,QB,,"Malik Washington Mia-WR Q (Free Agent) / Marcus Mariota Was-QB Q (To Free Agent) — Wildcard — Nov 12, 6:17pm"
2025-11-12T18:31:00,"Nov 12, 6:31pm",Just Bout Dat Action,waiver,Chris Boswell,Chris Boswell,PIT,K,Joshua Karty,Joshua Karty,ARI,K,,"Chris Boswell Pit-K (Free Agent) / Joshua Karty Ari-K NA (To Free Agent) — Just Bout Dat Action — Nov 12, 6:31pm"
2025-11-12T18:41:00,"Nov 12, 6:41pm",Just Bout Dat Action,waiver,Mark Andrews,Mark Andrews,BAL,TE,Sam LaPorta,Sam LaPorta,DET,TE,,"Mark Andrews Bal-TE (Free Agent) / Sam LaPorta Det-TE Q (To Free Agent) — Just Bout Dat Action — Nov 12, 6:41pm"
2025-11-12T19:09:00,"Nov 12, 7:09pm",ChronicMasterdeflatr,waiver,Jacoby Brissett,Jacoby Brissett,ARI,QB,Justin Fields,Justin Fields,KC,QB,,"Jacoby Brissett Ari-QB (Free Agent) / Justin Fields KC-QB Q (To Free Agent) — ChronicMasterdeflatr — Nov 12, 7:09pm"
2025-11-12T19:09:00,"Nov 12, 7:09pm",ChronicMasterdeflatr,waiver,Jake Ferguson,Jake Ferguson,DAL,TE,Oronde Gadsden,Oronde Gadsden II,LAC,TE,,"Jake Ferguson Dal-TE (Free Agent) / Oronde Gadsden LAC-TE (To Free Agent) — ChronicMasterdeflatr — Nov 12, 7:09pm"
2025-11-12T19:11:00,"Nov 12, 7:11pm",ChronicMasterdeflatr,waiver,Harrison Butker,Harrison Butker,KC,K,Mike Badgley,Mike Badgley,IND,K,,"Harrison Butker KC-K (Free Agent) / Michael Badgley Ind-K NA (To Free Agent) — ChronicMasterdeflatr — Nov 12, 7:11pm"
2025-11-12T19:22:00,"Nov 12, 7:22pm",Elite,waiver,,,,,Rhamondre Stevenson,Rhamondre Stevenson,NE,RB,,"Rhamondre Stevenson NE-RB Q (To Free Agent) — Elite — Nov 12, 7:22pm"
2025-11-12T19:24:00,"Nov 12, 7:24pm",Elite,waiver,Cooper Kupp,Cooper Kupp,SEA,WR,Marvin Harrison Jr.,Marvin Harrison Jr.,ARI,WR,,"Cooper Kupp Sea-WR (Free Agent) / Marvin Harrison Jr. Ari-WR Q (To Free Agent) — Elite — Nov 12, 7:24pm"
2025-11-12T19:25:00,"Nov 12, 7:25pm",Elite,waiver,Andy Borregales,Andy Borregales,NE,K,Blake Grupe,Blake Grupe,IND,K,,"Andy Borregales NE-K (Free Agent) / Blake Grupe Ind-K (To Free Agent) — Elite — Nov 12, 7:25pm"
2025-11-12T19:25:00,"Nov 12, 7:25pm",Elite,waiver,Xavier Legette,Xavier Legette,CAR,WR,,,,,,"Xavier Legette Car-WR — Elite — Nov 12, 7:25pm"
2025-11-12T19:26:00,"Nov 12, 7:26pm",Elite,waiver,Bryce Young,Bryce Young,CAR,QB,Jaxson Dart,Jaxson Dart,NYG,QB,,"Bryce Young Car-QB (Free Agent) / Jaxson Dart NYG-QB (To Free Agent) — Elite — Nov 12, 7:26pm"
2025-11-12T20:45:00,"Nov 12, 8:45pm",Sportos,waiver,Evan McPherson,Evan McPherson,CIN,K,Cairo Santos,Cairo Santos,CHI,K,,"Evan McPherson Cin-K (Free Agent) / Cairo Santos Chi-K (To Free Agent) — Sportos — Nov 12, 8:45pm"
2025-11-12T21:27:00,"Nov 12, 9:27pm",Cardinals,waiver,Rachaad White,Rachaad White,WAS,RB,Brian Thomas Jr.,Brian Thomas Jr.,JAX,WR,,"Rachaad White Was-RB (Free Agent) / Brian Thomas Jr. Jax-WR (To Free Agent) — Cardinals — Nov 12, 9:27pm"
2025-11-12T22:13:00,"Nov 12, 10:13pm",Greendawgs,waiver,Oronde Gadsden,Oronde Gadsden II,LAC,TE,Troy Franklin,Troy Franklin,DEN,WR,,"Oronde Gadsden LAC-TE (Free Agent) / Troy Franklin Den-WR Q (To Free Agent) — Greendawgs — Nov 12, 10:13pm"
2025-11-12T22:32:00,"Nov 12, 10:32pm",Redskins,waiver,Tyler Allgeier,Tyler Allgeier,ARI,RB,Garrett Wilson,Garrett Wilson,NYJ,WR,,"Tyler Allgeier Ari-RB (Free Agent) / Garrett Wilson NYJ-WR Q (To Free Agent) — Redskins — Nov 12, 10:32pm"
2025-11-19T17:27:00,"Nov 19, 5:27pm",Let's Ride,waiver,Cleveland Browns,Cleveland Browns,CLE,DEF,Indianapolis Colts,Indianapolis Colts,IND,DEF,,"Browns Cle-DEF (Free Agent) / Colts Ind-DEF (To Free Agent) — Let's Ride — Nov 19, 5:27pm"
2025-11-19T17:30:00,"Nov 19, 5:30pm",Let's Ride,waiver,Hunter Henry,Hunter Henry,NE,TE,Dalton Kincaid,Dalton Kincaid,BUF,TE,,"Hunter Henry NE-TE (Free Agent) / Dalton Kincaid Buf-TE Q (To Free Agent) — Let's Ride — Nov 19, 5:30pm"
2025-11-19T17:31:00,"Nov 19, 5:31pm",Let's Ride,waiver,Ka'imi Fairbairn,Ka'imi Fairbairn,HOU,K,Wil Lutz,Wil Lutz,DEN,K,,"Ka'imi Fairbairn Hou-K (Free Agent) / Wil Lutz Den-K (To Free Agent) — Let's Ride — Nov 19, 5:31pm"
2025-11-19T17:32:00,"Nov 19, 5:32pm",Let's Ride,waiver,Mike Badgley,Mike Badgley,IND,K,Cameron Dicker,Cameron Dicker,LAC,K,,"Michael Badgley Ind-K NA (Free Agent) / Cameron Dicker LAC-K (To Free Agent) — Let's Ride — Nov 19, 5:32pm"
2025-11-19T17:33:00,"Nov 19, 5:33pm",Let's Ride,waiver,Emanuel Wilson,Emanuel Wilson,SEA,RB,Jacory Croskey-Merritt,Jacory Croskey-Merritt,WAS,RB,,"Emanuel Wilson Sea-RB (Free Agent) / Jacory Croskey-Merritt Was-RB Q (To Free Agent) — Let's Ride — Nov 19, 5:33pm"
2025-11-19T17:35:00,"Nov 19, 5:35pm",Just Bout Dat Action,waiver,Cairo Santos,Cairo Santos,CHI,K,Brandon McManus,Brandon McManus,GB,K,,"Cairo Santos Chi-K (Free Agent) / Brandon McManus GB-K NA (To Free Agent) — Just Bout Dat Action — Nov 19, 5:35pm"
2025-11-19T17:36:00,"Nov 19, 5:36pm",Just Bout Dat Action,waiver,Brock Purdy,Brock Purdy,SF,QB,J.J. McCarthy,J.J. McCarthy,MIN,QB,,"Brock Purdy SF-QB (Free Agent) / J.J. McCarthy Min-QB Q (To Free Agent) — Just Bout Dat Action — Nov 19, 5:36pm"
2025-11-19T17:43:00,"Nov 19, 5:43pm",Cardinals,waiver,Las Vegas Raiders,Las Vegas Raiders,LV,DEF,Los Angeles Chargers,Los Angeles Chargers,LAC,DEF,,"Raiders LV-DEF (Free Agent) / Chargers LAC-DEF (To Free Agent) — Cardinals — Nov 19, 5:43pm"
2025-11-19T17:43:00,"Nov 19, 5:43pm",Cardinals,waiver,Alvin Kamara,Alvin Kamara,NO,RB,Rachaad White,Rachaad White,WAS,RB,,"Alvin Kamara NO-RB Q (Free Agent) / Rachaad White Was-RB (To Free Agent) — Cardinals — Nov 19, 5:43pm"
2025-11-19T18:51:00,"Nov 19, 6:51pm",Redskins,waiver,Jaxson Dart,Jaxson Dart,NYG,QB,Tua Tagovailoa,Tua Tagovailoa,ATL,QB,,"Jaxson Dart NYG-QB (Free Agent) / Tua Tagovailoa Atl-QB Q (To Free Agent) — Redskins — Nov 19, 6:51pm"
2025-11-19T18:53:00,"Nov 19, 6:53pm",Redskins,waiver,Kayshon Boutte,Kayshon Boutte,NE,WR,Tyler Allgeier,Tyler Allgeier,ARI,RB,,"Kayshon Boutte NE-WR (Free Agent) / Tyler Allgeier Ari-RB (To Free Agent) — Redskins — Nov 19, 6:53pm"
2025-11-19T18:55:00,"Nov 19, 6:55pm",Redskins,waiver,Blake Grupe,Blake Grupe,IND,K,Eddy Pineiro,Eddy Pineiro,SF,K,,"Blake Grupe Ind-K (Free Agent) / Eddy Pineiro SF-K (To Free Agent) — Redskins — Nov 19, 6:55pm"
2025-11-19T18:59:00,"Nov 19, 6:59pm",Elite,waiver,,,,,Xavier Legette,Xavier Legette,CAR,WR,,"Xavier Legette Car-WR (To Free Agent) — Elite — Nov 19, 6:59pm"
2025-11-19T19:00:00,"Nov 19, 7:00pm",Elite,waiver,Theo Johnson,Theo Johnson,NYG,TE,,,,,,"Theo Johnson NYG-TE Q — Elite — Nov 19, 7:00pm"
2025-11-19T19:01:00,"Nov 19, 7:01pm",Elite,waiver,Isiah Pacheco,Isiah Pacheco,DET,RB,Jaylen Warren,Jaylen Warren,PIT,RB,,"Isiah Pacheco Det-RB (Free Agent) / Jaylen Warren Pit-RB (To Free Agent) — Elite — Nov 19, 7:01pm"
2025-11-19T19:58:00,"Nov 19, 7:58pm",Greendawgs,waiver,Michael Wilson,Michael Wilson,ARI,WR,Oronde Gadsden,Oronde Gadsden II,LAC,TE,,"Michael Wilson Ari-WR (Free Agent) / Oronde Gadsden LAC-TE (To Free Agent) — Greendawgs — Nov 19, 7:58pm"
2025-11-19T19:59:00,"Nov 19, 7:59pm",Greendawgs,waiver,Alec Pierce,Alec Pierce,IND,WR,Tez Johnson,Tez Johnson,TB,WR,,"Alec Pierce Ind-WR PUP-P (Free Agent) / Tez Johnson TB-WR (To Free Agent) — Greendawgs — Nov 19, 7:59pm"
2025-11-19T20:42:00,"Nov 19, 8:42pm",Wildcard,waiver,Marquise Brown,Marquise Brown,PHI,WR,Malik Washington,Malik Washington,MIA,WR,,"Hollywood Brown Phi-WR (Free Agent) / Malik Washington Mia-WR Q (To Free Agent) — Wildcard — Nov 19, 8:42pm"
2025-11-19T20:43:00,"Nov 19, 8:43pm",Wildcard,waiver,Darnell Mooney,Darnell Mooney,NYG,WR,Darius Slayton,Darius Slayton,NYG,WR,,"Darnell Mooney NYG-WR (Free Agent) / Darius Slayton NYG-WR Q (To Free Agent) — Wildcard — Nov 19, 8:43pm"
2025-11-19T21:04:00,"Nov 19, 9:04pm",Sportos,waiver,Sean Tucker,Sean Tucker,TB,RB,Kimani Vidal,Kimani Vidal,LAC,RB,,"Sean Tucker TB-RB (Free Agent) / Kimani Vidal LAC-RB (To Free Agent) — Sportos — Nov 19, 9:04pm"
2025-11-19T21:32:00,"Nov 19, 9:32pm",Sportos,waiver,Omarion Hampton,Omarion Hampton,LAC,RB,Joe Flacco,Joe Flacco,CIN,QB,,"Omarion Hampton LAC-RB (Free Agent) / Joe Flacco Cin-QB (To Free Agent) — Sportos — Nov 19, 9:32pm"
2025-11-19T21:33:00,"Nov 19, 9:33pm",Sportos,waiver,Brian Thomas Jr.,Brian Thomas Jr.,JAX,WR,DJ Moore,DJ Moore,BUF,WR,,"Brian Thomas Jr. Jax-WR (Free Agent) / DJ Moore Buf-WR (To Free Agent) — Sportos — Nov 19, 9:33pm"
2025-11-19T22:05:00,"Nov 19, 10:05pm",Hoofers,waiver,Joe Burrow,Joe Burrow,CIN,QB,Xavier Worthy,Xavier Worthy,KC,WR,,"Joe Burrow Cin-QB (Free Agent) / Xavier Worthy KC-WR Q (To Free Agent) — Hoofers — Nov 19, 10:05pm"
2025-11-26T17:17:00,"Nov 26, 5:17pm",Cardinals,waiver,Marvin Harrison Jr.,Marvin Harrison Jr.,ARI,WR,Alvin Kamara,Alvin Kamara,NO,RB,,"Marvin Harrison Jr. Ari-WR Q (Free Agent) / Alvin Kamara NO-RB Q (To Free Agent) — Cardinals — Nov 26, 5:17pm"
2025-11-26T17:18:00,"Nov 26, 5:18pm",Cardinals,waiver,San Francisco 49ers,San Francisco 49ers,SF,DEF,Las Vegas Raiders,Las Vegas Raiders,LV,DEF,,"49ers SF-DEF (Free Agent) / Raiders LV-DEF (To Free Agent) — Cardinals — Nov 26, 5:18pm"
2025-11-26T17:37:00,"Nov 26, 5:37pm",Redskins,waiver,Cameron Dicker,Cameron Dicker,LAC,K,Blake Grupe,Blake Grupe,IND,K,,"Cameron Dicker LAC-K (Free Agent) / Blake Grupe Ind-K (To Free Agent) — Redskins — Nov 26, 5:37pm"
2025-11-26T17:48:00,"Nov 26, 5:48pm",Wildcard,waiver,Kirk Cousins,Kirk Cousins,LV,QB,Darnell Mooney,Darnell Mooney,NYG,WR,,"Kirk Cousins LV-QB (Free Agent) / Darnell Mooney NYG-WR (To Free Agent) — Wildcard — Nov 26, 5:48pm"
2025-11-26T18:56:00,"Nov 26, 6:56pm",Sportos,waiver,Jaylen Warren,Jaylen Warren,PIT,RB,Sean Tucker,Sean Tucker,TB,RB,,"Jaylen Warren Pit-RB (Free Agent) / Sean Tucker TB-RB (To Free Agent) — Sportos — Nov 26, 6:56pm"
2025-11-26T18:57:00,"Nov 26, 6:57pm",Sportos,waiver,Troy Franklin,Troy Franklin,DEN,WR,Brian Thomas Jr.,Brian Thomas Jr.,JAX,WR,,"Troy Franklin Den-WR Q (Free Agent) / Brian Thomas Jr. Jax-WR (To Free Agent) — Sportos — Nov 26, 6:57pm"
2025-11-26T19:03:00,"Nov 26, 7:03pm",Greendawgs,waiver,Xavier Worthy,Xavier Worthy,KC,WR,Michael Wilson,Michael Wilson,ARI,WR,,"Xavier Worthy KC-WR Q (Free Agent) / Michael Wilson Ari-WR (To Free Agent) — Greendawgs — Nov 26, 7:03pm"
2025-11-26T19:04:00,"Nov 26, 7:04pm",Greendawgs,waiver,Terry McLaurin,Terry McLaurin,WAS,WR,Alec Pierce,Alec Pierce,IND,WR,,"Terry McLaurin Was-WR (Free Agent) / Alec Pierce Ind-WR PUP-P (To Free Agent) — Greendawgs — Nov 26, 7:04pm"
2025-11-26T19:24:00,"Nov 26, 7:24pm",Elite,waiver,,,,,Zach Ertz,Zach Ertz,WAS,TE,,"Zach Ertz Was-TE NA (To Free Agent) — Elite — Nov 26, 7:24pm"
2025-11-26T19:25:00,"Nov 26, 7:25pm",Elite,waiver,Cam Ward,Cam Ward,TEN,QB,,,,,,"Cam Ward Ten-QB Q — Elite — Nov 26, 7:25pm"
2025-11-26T19:30:00,"Nov 26, 7:30pm",Elite,waiver,Michael Wilson,Michael Wilson,ARI,WR,,,,,,"Michael Wilson Ari-WR — Elite — Nov 26, 7:30pm"
2025-11-26T19:30:00,"Nov 26, 7:30pm",Elite,waiver,,,,,Keon Coleman,Keon Coleman,BUF,WR,,"Keon Coleman Buf-WR (To Free Agent) — Elite — Nov 26, 7:30pm"
2025-11-26T19:34:00,"Nov 26, 7:34pm",Let's Ride,waiver,Los Angeles Chargers,Los Angeles Chargers,LAC,DEF,Cleveland Browns,Cleveland Browns,CLE,DEF,,"Chargers LAC-DEF (Free Agent) / Browns Cle-DEF (To Free Agent) — Let's Ride — Nov 26, 7:34pm"
2025-11-26T19:36:00,"Nov 26, 7:36pm",Let's Ride,waiver,Kenny Gainwell,Kenny Gainwell,TB,RB,Emanuel Wilson,Emanuel Wilson,SEA,RB,,"Kenny Gainwell TB-RB (Free Agent) / Emanuel Wilson Sea-RB (To Free Agent) — Let's Ride — Nov 26, 7:36pm"
2025-11-26T19:43:00,"Nov 26, 7:43pm",Hoofers,waiver,Jakobi Meyers,Jakobi Meyers,JAX,WR,Jordan Addison,Jordan Addison,MIN,WR,,"Jakobi Meyers Jax-WR (Free Agent) / Jordan Addison Min-WR (To Free Agent) — Hoofers — Nov 26, 7:43pm"
2025-11-26T19:48:00,"Nov 26, 7:48pm",Hoofers,waiver,Tyler Allgeier,Tyler Allgeier,ARI,RB,Aaron Jones Sr.,Aaron Jones,MIN,RB,,"Tyler Allgeier Ari-RB (Free Agent) / Aaron Jones Sr. Min-RB Q (To Free Agent) — Hoofers — Nov 26, 7:48pm"
2025-11-26T19:49:00,"Nov 26, 7:49pm",Hoofers,waiver,Miami Dolphins,Miami Dolphins,MIA,DEF,Baltimore Ravens,Baltimore Ravens,BAL,DEF,,"Dolphins Mia-DEF (Free Agent) / Ravens Bal-DEF (To Free Agent) — Hoofers — Nov 26, 7:49pm"
2025-12-03T17:15:00,"Dec 3, 5:15pm",Elite,waiver,Brenton Strange,Brenton Strange,JAX,TE,Woody Marks,Woody Marks,HOU,RB,,"Brenton Strange Jax-TE (Free Agent) / Woody Marks Hou-RB (To Free Agent) — Elite — Dec 3, 5:15pm"
2025-12-03T17:16:00,"Dec 3, 5:16pm",Elite,waiver,,,,,Theo Johnson,Theo Johnson,NYG,TE,,"Theo Johnson NYG-TE Q (To Free Agent) — Elite — Dec 3, 5:16pm"
2025-12-03T17:17:00,"Dec 3, 5:17pm",Elite,waiver,,,,,Cam Ward,Cam Ward,TEN,QB,,"Cam Ward Ten-QB Q (To Free Agent) — Elite — Dec 3, 5:17pm"
2025-12-03T17:17:00,"Dec 3, 5:17pm",Elite,waiver,Chris Rodriguez Jr.,Chris Rodriguez Jr.,JAX,RB,,,,,,"Chris Rodriguez Jr. Jax-RB Q (Free Agent) — Elite — Dec 3, 5:17pm"
2025-12-03T17:18:00,"Dec 3, 5:18pm",Elite,waiver,Tyrod Taylor,Tyrod Taylor,GB,QB,,,,,,"Tyrod Taylor GB-QB Q — Elite — Dec 3, 5:18pm"
2025-12-03T17:19:00,"Dec 3, 5:19pm",Elite,waiver,Wil Lutz,Wil Lutz,DEN,K,Andy Borregales,Andy Borregales,NE,K,,"Wil Lutz Den-K (Free Agent) / Andy Borregales NE-K (To Free Agent) — Elite — Dec 3, 5:19pm"
2025-12-03T17:20:00,"Dec 3, 5:20pm",Elite,waiver,Alec Pierce,Alec Pierce,IND,WR,Cooper Kupp,Cooper Kupp,SEA,WR,,"Alec Pierce Ind-WR PUP-P (Free Agent) / Cooper Kupp Sea-WR (To Free Agent) — Elite — Dec 3, 5:20pm"
2025-12-03T17:21:00,"Dec 3, 5:21pm",Elite,waiver,Brian Thomas Jr.,Brian Thomas Jr.,JAX,WR,Bryce Young,Bryce Young,CAR,QB,,"Brian Thomas Jr. Jax-WR (Free Agent) / Bryce Young Car-QB (To Free Agent) — Elite — Dec 3, 5:21pm"
2025-12-03T17:24:00,"Dec 3, 5:24pm",Elite,waiver,Tony Pollard,Tony Pollard,TEN,RB,Isiah Pacheco,Isiah Pacheco,DET,RB,,"Tony Pollard Ten-RB (Free Agent) / Isiah Pacheco Det-RB (To Free Agent) — Elite — Dec 3, 5:24pm"
2025-12-03T17:27:00,"Dec 3, 5:27pm",Redskins,waiver,Jayden Daniels,Jayden Daniels,WAS,QB,Jaxson Dart,Jaxson Dart,NYG,QB,,"Jayden Daniels Was-QB Q (Free Agent) / Jaxson Dart NYG-QB (To Free Agent) — Redskins — Dec 3, 5:27pm"
2025-12-03T17:31:00,"Dec 3, 5:31pm",Redskins,waiver,Tua Tagovailoa,Tua Tagovailoa,ATL,QB,Wan'Dale Robinson,Wan'Dale Robinson,TEN,WR,,"Tua Tagovailoa Atl-QB Q (Free Agent) / Wan'Dale Robinson Ten-WR Q (To Free Agent) — Redskins — Dec 3, 5:31pm"
2025-12-03T17:33:00,"Dec 3, 5:33pm",Redskins,waiver,Jayden Higgins,Jayden Higgins,HOU,WR,Kayshon Boutte,Kayshon Boutte,NE,WR,,"Jayden Higgins Hou-WR (Free Agent) / Kayshon Boutte NE-WR (To Free Agent) — Redskins — Dec 3, 5:33pm"
2025-12-03T17:35:00,"Dec 3, 5:35pm",Redskins,waiver,Brandon McManus,Brandon McManus,GB,K,Ryan Fitzgerald,Ryan Fitzgerald,CAR,K,,"Brandon McManus GB-K NA (Free Agent) / Ryan Fitzgerald Car-K (To Free Agent) — Redskins — Dec 3, 5:35pm"
2025-12-03T18:03:00,"Dec 3, 6:03pm",ChronicMasterdeflatr,waiver,Harrison Mevis,Harrison Mevis,LA,K,Chad Ryland,Chad Ryland,ARI,K,,"Harrison Mevis LAR-K (Free Agent) / Chad Ryland Ari-K (To Free Agent) — ChronicMasterdeflatr — Dec 3, 6:03pm"
2025-12-03T18:09:00,"Dec 3, 6:09pm",Let's Ride,waiver,Dalton Kincaid,Dalton Kincaid,BUF,TE,Hunter Henry,Hunter Henry,NE,TE,,"Dalton Kincaid Buf-TE Q (Free Agent) / Hunter Henry NE-TE (To Free Agent) — Let's Ride — Dec 3, 6:09pm"
2025-12-03T18:11:00,"Dec 3, 6:11pm",Let's Ride,waiver,Cleveland Browns,Cleveland Browns,CLE,DEF,Los Angeles Chargers,Los Angeles Chargers,LAC,DEF,,"Browns Cle-DEF (Free Agent) / Chargers LAC-DEF (To Free Agent) — Let's Ride — Dec 3, 6:11pm"
2025-12-03T18:11:00,"Dec 3, 6:11pm",Let's Ride,waiver,Riley Patterson,Riley Patterson,MIA,K,Mike Badgley,Mike Badgley,IND,K,,"Riley Patterson Mia-K (Free Agent) / Michael Badgley Ind-K NA (To Free Agent) — Let's Ride — Dec 3, 6:11pm"
2025-12-03T18:11:00,"Dec 3, 6:11pm",Let's Ride,waiver,Woody Marks,Woody Marks,HOU,RB,Kenny Gainwell,Kenny Gainwell,TB,RB,,"Woody Marks Hou-RB (Free Agent) / Kenny Gainwell TB-RB (To Free Agent) — Let's Ride — Dec 3, 6:11pm"
2025-12-03T18:21:00,"Dec 3, 6:21pm",Greendawgs,waiver,Mike Evans,Mike Evans,SF,WR,Stefon Diggs,Stefon Diggs,NE,WR,,"Mike Evans SF-WR (Free Agent) / Stefon Diggs NE-WR NA (To Free Agent) — Greendawgs — Dec 3, 6:21pm"
2025-12-03T18:29:00,"Dec 3, 6:29pm",Cardinals,waiver,Jaxson Dart,Jaxson Dart,NYG,QB,Marvin Harrison Jr.,Marvin Harrison Jr.,ARI,WR,,"Jaxson Dart NYG-QB (Free Agent) / Marvin Harrison Jr. Ari-WR Q (To Free Agent) — Cardinals — Dec 3, 6:29pm"
2025-12-03T18:30:00,"Dec 3, 6:30pm",Cardinals,waiver,Tennessee Titans,Tennessee Titans,TEN,DEF,San Francisco 49ers,San Francisco 49ers,SF,DEF,,"Titans Ten-DEF (Free Agent) / 49ers SF-DEF (To Free Agent) — Cardinals — Dec 3, 6:30pm"
2025-12-03T18:54:00,"Dec 3, 6:54pm",Hoofers,waiver,Tampa Bay Buccaneers,Tampa Bay Buccaneers,TB,DEF,Miami Dolphins,Miami Dolphins,MIA,DEF,,"Buccaneers TB-DEF (Free Agent) / Dolphins Mia-DEF (To Free Agent) — Hoofers — Dec 3, 6:54pm"
2025-12-03T18:55:00,"Dec 3, 6:55pm",Hoofers,waiver,Kyle Monangai,Kyle Monangai,CHI,RB,TreVeyon Henderson,TreVeyon Henderson,NE,RB,,"Kyle Monangai Chi-RB (Free Agent) / TreVeyon Henderson NE-RB (To Free Agent) — Hoofers — Dec 3, 6:55pm"
2025-12-03T19:00:00,"Dec 3, 7:00pm",Hoofers,waiver,Blake Corum,Blake Corum,LA,RB,Tyler Allgeier,Tyler Allgeier,ARI,RB,,"Blake Corum LAR-RB (Free Agent) / Tyler Allgeier Ari-RB (To Free Agent) — Hoofers — Dec 3, 7:00pm"
2025-12-03T19:31:00,"Dec 3, 7:31pm",Hoofers,waiver,Keon Coleman,Keon Coleman,BUF,WR,Rome Odunze,Rome Odunze,CHI,WR,,"Keon Coleman Buf-WR (Free Agent) / Rome Odunze Chi-WR (To Free Agent) — Hoofers — Dec 3, 7:31pm"
2025-12-03T19:52:00,"Dec 3, 7:52pm",Wildcard,waiver,Kimani Vidal,Kimani Vidal,LAC,RB,Aaron Rodgers,Aaron Rodgers,PIT,QB,,"Kimani Vidal LAC-RB (Free Agent) / Aaron Rodgers Pit-QB (To Free Agent) — Wildcard — Dec 3, 7:52pm"
2025-12-03T19:53:00,"Dec 3, 7:53pm",Wildcard,waiver,Washington Commanders,Washington Commanders,WAS,DEF,New England Patriots,New England Patriots,NE,DEF,,"Commanders Was-DEF (Free Agent) / Patriots NE-DEF (To Free Agent) — Wildcard — Dec 3, 7:53pm"
2025-12-03T20:24:00,"Dec 3, 8:24pm",Sportos,waiver,Rome Odunze,Rome Odunze,CHI,WR,Troy Franklin,Troy Franklin,DEN,WR,,"Rome Odunze Chi-WR (Free Agent) / Troy Franklin Den-WR Q (To Free Agent) — Sportos — Dec 3, 8:24pm"
2025-12-03T20:44:00,"Dec 3, 8:44pm",Sportos,waiver,TreVeyon Henderson,TreVeyon Henderson,NE,RB,Jaylen Warren,Jaylen Warren,PIT,RB,,"TreVeyon Henderson NE-RB (Free Agent) / Jaylen Warren Pit-RB (To Free Agent) — Sportos — Dec 3, 8:44pm"
2025-12-09T21:54:00,"Dec 9, 9:54pm",ChronicMasterdeflatr,commissioner_drop,,,,,DeVonta Smith,DeVonta Smith,PHI,WR,,"DeVonta Smith Phi-WR — Dropped (by Commissioner) To Free Agent — ChronicMasterdeflatr (Dac) — Dec 9, 9:54pm"
2025-12-09T21:54:00,"Dec 9, 9:54pm",Hoofers,commissioner_drop,,,,,Joe Burrow,Joe Burrow,CIN,QB,,"Joe Burrow Cin-QB — Dropped (by Commissioner) To Free Agent — Hoofers (Dac) — Dec 9, 9:54pm"
2025-12-09T21:55:00,"Dec 9, 9:55pm",Hoofers,commissioner_add,DeVonta Smith,DeVonta Smith,PHI,WR,,,,,,"DeVonta Smith Phi-WR — Free Agent Added (by Commissioner) — Hoofers (Dac) — Dec 9, 9:55pm"
2025-12-09T21:55:00,"Dec 9, 9:55pm",ChronicMasterdeflatr,commissioner_add,Joe Burrow,Joe Burrow,CIN,QB,,,,,,"Joe Burrow Cin-QB — Free Agent Added (by Commissioner) — ChronicMasterdeflatr (Dac) — Dec 9, 9:55pm"
2025-12-10T18:08:00,"Dec 10, 6:08pm",Wildcard,waiver,Aaron Rodgers,Aaron Rodgers,PIT,QB,Kirk Cousins,Kirk Cousins,LV,QB,,"Aaron Rodgers Pit-QB (Free Agent) / Kirk Cousins LV-QB (To Free Agent) — Wildcard — Dec 10, 6:08pm"
2025-12-10T18:11:00,"Dec 10, 6:11pm",Wildcard,waiver,San Francisco 49ers,San Francisco 49ers,SF,DEF,Washington Commanders,Washington Commanders,WAS,DEF,,"49ers SF-DEF (Free Agent) / Commanders Was-DEF (To Free Agent) — Wildcard — Dec 10, 6:11pm"
2025-12-10T18:14:00,"Dec 10, 6:14pm",Elite,waiver,Stefon Diggs,Stefon Diggs,NE,WR,Michael Pittman Jr.,Michael Pittman,PIT,WR,,"Stefon Diggs NE-WR NA (Free Agent) / Michael Pittman Jr. Pit-WR (To Free Agent) — Elite — Dec 10, 6:14pm"
2025-12-10T18:14:00,"Dec 10, 6:14pm",Elite,waiver,C.J. Stroud,C.J. Stroud,HOU,QB,Tyrod Taylor,Tyrod Taylor,GB,QB,,"C.J. Stroud Hou-QB (Free Agent) / Tyrod Taylor GB-QB Q (To Free Agent) — Elite — Dec 10, 6:14pm"
2025-12-10T18:17:00,"Dec 10, 6:17pm",Elite,waiver,,,,,Alec Pierce,Alec Pierce,IND,WR,,"Alec Pierce Ind-WR PUP-P (To Free Agent) — Elite — Dec 10, 6:17pm"
2025-12-10T18:18:00,"Dec 10, 6:18pm",Elite,waiver,Tyrone Tracy Jr.,Tyrone Tracy Jr.,NYG,RB,,,,,,"Tyrone Tracy Jr. NYG-RB (Free Agent) — Elite — Dec 10, 6:18pm"
2025-12-10T18:20:00,"Dec 10, 6:20pm",Cardinals,waiver,Philadelphia Eagles,Philadelphia Eagles,PHI,DEF,Tennessee Titans,Tennessee Titans,TEN,DEF,,"Eagles Phi-DEF (Free Agent) / Titans Ten-DEF (To Free Agent) — Cardinals — Dec 10, 6:20pm"
2025-12-10T19:30:00,"Dec 10, 7:30pm",ChronicMasterdeflatr,waiver,Wan'Dale Robinson,Wan'Dale Robinson,TEN,WR,Daniel Jones,Daniel Jones,IND,QB,,"Wan'Dale Robinson Ten-WR Q (Free Agent) / Daniel Jones Ind-QB Q (To Free Agent) — ChronicMasterdeflatr — Dec 10, 7:30pm"
2025-12-10T19:34:00,"Dec 10, 7:34pm",ChronicMasterdeflatr,waiver,Marcus Mariota,Marcus Mariota,WAS,QB,Jacoby Brissett,Jacoby Brissett,ARI,QB,,"Marcus Mariota Was-QB Q (Free Agent) / Jacoby Brissett Ari-QB (To Free Agent) — ChronicMasterdeflatr — Dec 10, 7:34pm"
2025-12-10T19:35:00,"Dec 10, 7:35pm",ChronicMasterdeflatr,waiver,Harold Fannin Jr.,Harold Fannin Jr.,CLE,TE,Jake Ferguson,Jake Ferguson,DAL,TE,,"Harold Fannin Jr. Cle-TE Q (Free Agent) / Jake Ferguson Dal-TE (To Free Agent) — ChronicMasterdeflatr — Dec 10, 7:35pm"
2025-12-10T19:36:00,"Dec 10, 7:36pm",ChronicMasterdeflatr,waiver,Eddy Pineiro,Eddy Pineiro,SF,K,Harrison Butker,Harrison Butker,KC,K,,"Eddy Pineiro SF-K (Free Agent) / Harrison Butker KC-K (To Free Agent) — ChronicMasterdeflatr — Dec 10, 7:36pm"
2025-12-10T19:53:00,"Dec 10, 7:53pm",Greendawgs,waiver,Pittsburgh Steelers,Pittsburgh Steelers,PIT,DEF,Los Angeles Rams,Los Angeles Rams,LA,DEF,,"Steelers Pit-DEF (Free Agent) / Rams LAR-DEF (To Free Agent) — Greendawgs — Dec 10, 7:53pm"
2025-12-10T19:58:00,"Dec 10, 7:58pm",Hoofers,waiver,Jaylen Warren,Jaylen Warren,PIT,RB,Keon Coleman,Keon Coleman,BUF,WR,,"Jaylen Warren Pit-RB (Free Agent) / Keon Coleman Buf-WR (To Free Agent) — Hoofers — Dec 10, 7:58pm"
2025-12-10T19:59:00,"Dec 10, 7:59pm",Hoofers,waiver,Jacksonville Jaguars,Jacksonville Jaguars,JAX,DEF,Tampa Bay Buccaneers,Tampa Bay Buccaneers,TB,DEF,,"Jaguars Jax-DEF (Free Agent) / Buccaneers TB-DEF (To Free Agent) — Hoofers — Dec 10, 7:59pm"
2025-12-10T21:22:00,"Dec 10, 9:22pm",Sportos,waiver,Tampa Bay Buccaneers,Tampa Bay Buccaneers,TB,DEF,Denver Broncos,Denver Broncos,DEN,DEF,,"Buccaneers TB-DEF (Free Agent) / Broncos Den-DEF (To Free Agent) — Sportos — Dec 10, 9:22pm"
2025-12-10T22:23:00,"Dec 10, 10:23pm",Let's Ride,waiver,Carolina Panthers,Carolina Panthers,CAR,DEF,Cleveland Browns,Cleveland Browns,CLE,DEF,,"Panthers Car-DEF (Free Agent) / Browns Cle-DEF (To Free Agent) — Let's Ride — Dec 10, 10:23pm"
2025-12-17T14:49:00,"Dec 17, 2:49pm",ChronicMasterdeflatr,waiver,Jacoby Brissett,Jacoby Brissett,ARI,QB,Marcus Mariota,Marcus Mariota,WAS,QB,,"Jacoby Brissett Ari-QB (Free Agent) / Marcus Mariota Was-QB Q (To Free Agent) — ChronicMasterdeflatr — Dec 17, 2:49pm"
2025-12-17T14:52:00,"Dec 17, 2:52pm",ChronicMasterdeflatr,waiver,Kenny Gainwell,Kenny Gainwell,TB,RB,Wan'Dale Robinson,Wan'Dale Robinson,TEN,WR,,"Kenny Gainwell TB-RB (Free Agent) / Wan'Dale Robinson Ten-WR Q (To Free Agent) — ChronicMasterdeflatr — Dec 17, 2:52pm"
2025-12-17T17:13:00,"Dec 17, 5:13pm",ChronicMasterdeflatr,waiver,Wan'Dale Robinson,Wan'Dale Robinson,TEN,WR,Kenny Gainwell,Kenny Gainwell,TB,RB,,"Wan'Dale Robinson Ten-WR Q (Free Agent) / Kenny Gainwell TB-RB (To Free Agent) — ChronicMasterdeflatr — Dec 17, 5:13pm"
2025-12-17T17:21:00,"Dec 17, 5:21pm",Hoofers,waiver,Aaron Jones Sr.,Aaron Jones,MIN,RB,Jaylen Warren,Jaylen Warren,PIT,RB,,"Aaron Jones Sr. Min-RB Q (Free Agent) / Jaylen Warren Pit-RB (To Free Agent) — Hoofers — Dec 17, 5:21pm"
2025-12-17T17:22:00,"Dec 17, 5:22pm",Hoofers,waiver,Jayden Reed,Jayden Reed,GB,WR,Kyle Monangai,Kyle Monangai,CHI,RB,,"Jayden Reed GB-WR (Free Agent) / Kyle Monangai Chi-RB (To Free Agent) — Hoofers — Dec 17, 5:22pm"
2025-12-17T17:25:00,"Dec 17, 5:25pm",Hoofers,waiver,Detroit Lions,Detroit Lions,DET,DEF,Jacksonville Jaguars,Jacksonville Jaguars,JAX,DEF,,"Lions Det-DEF (Free Agent) / Jaguars Jax-DEF (To Free Agent) — Hoofers — Dec 17, 5:25pm"
2025-12-17T18:27:00,"Dec 17, 6:27pm",Redskins,waiver,Bryce Young,Bryce Young,CAR,QB,Tua Tagovailoa,Tua Tagovailoa,ATL,QB,,"Bryce Young Car-QB (Free Agent) / Tua Tagovailoa Atl-QB Q (To Free Agent) — Redskins — Dec 17, 6:27pm"
2025-12-17T18:28:00,"Dec 17, 6:28pm",Redskins,waiver,DJ Moore,DJ Moore,BUF,WR,Tre Tucker,Tre Tucker,LV,WR,,"DJ Moore Buf-WR (Free Agent) / Tre Tucker LV-WR (To Free Agent) — Redskins — Dec 17, 6:28pm"
2025-12-17T18:30:00,"Dec 17, 6:30pm",Redskins,waiver,Jordan Mason,Jordan Mason,MIN,RB,Jayden Daniels,Jayden Daniels,WAS,QB,,"Jordan Mason Min-RB (Free Agent) / Jayden Daniels Was-QB Q (To Free Agent) — Redskins — Dec 17, 6:30pm"
2025-12-17T18:33:00,"Dec 17, 6:33pm",Greendawgs,waiver,Denver Broncos,Denver Broncos,DEN,DEF,Pittsburgh Steelers,Pittsburgh Steelers,PIT,DEF,,"Broncos Den-DEF (Free Agent) / Steelers Pit-DEF (To Free Agent) — Greendawgs — Dec 17, 6:33pm"
2025-12-17T18:53:00,"Dec 17, 6:53pm",Wildcard,waiver,Kirk Cousins,Kirk Cousins,LV,QB,Patrick Mahomes,Patrick Mahomes,KC,QB,,"Kirk Cousins LV-QB (Free Agent) / Patrick Mahomes KC-QB Q (To Free Agent) — Wildcard — Dec 17, 6:53pm"
2025-12-17T18:54:00,"Dec 17, 6:54pm",Wildcard,waiver,Buffalo Bills,Buffalo Bills,BUF,DEF,San Francisco 49ers,San Francisco 49ers,SF,DEF,,"Bills Buf-DEF (Free Agent) / 49ers SF-DEF (To Free Agent) — Wildcard — Dec 17, 6:54pm"
2025-12-17T18:58:00,"Dec 17, 6:58pm",Wildcard,waiver,Michael Pittman Jr.,Michael Pittman,PIT,WR,Marquise Brown,Marquise Brown,PHI,WR,,"Michael Pittman Jr. Pit-WR (Free Agent) / Hollywood Brown Phi-WR (To Free Agent) — Wildcard — Dec 17, 6:58pm"
2025-12-17T18:59:00,"Dec 17, 6:59pm",Wildcard,waiver,Troy Franklin,Troy Franklin,DEN,WR,Keenan Allen,Keenan Allen,LAC,WR,,"Troy Franklin Den-WR Q (Free Agent) / Keenan Allen LAC-WR NA (To Free Agent) — Wildcard — Dec 17, 6:59pm"
2025-12-17T19:01:00,"Dec 17, 7:01pm",Wildcard,waiver,Andy Borregales,Andy Borregales,NE,K,Nick Folk,Nick Folk,ATL,K,,"Andy Borregales NE-K (Free Agent) / Nick Folk Atl-K (To Free Agent) — Wildcard — Dec 17, 7:01pm"
2025-12-17T19:06:00,"Dec 17, 7:06pm",Elite,waiver,Kyle Pitts Sr.,Kyle Pitts,ATL,TE,Brenton Strange,Brenton Strange,JAX,TE,,"Kyle Pitts Sr. Atl-TE (Free Agent) / Brenton Strange Jax-TE (To Free Agent) — Elite — Dec 17, 7:06pm"
2025-12-17T19:06:00,"Dec 17, 7:06pm",Elite,waiver,Zane Gonzalez,Zane Gonzalez,MIA,K,Matt Prater,Matt Prater,BUF,K,,"Zane Gonzalez Mia-K (Free Agent) / Matt Prater Buf-K NA (To Free Agent) — Elite — Dec 17, 7:06pm"
2025-12-17T19:13:00,"Dec 17, 7:13pm",Cardinals,waiver,Marvin Harrison Jr.,Marvin Harrison Jr.,ARI,WR,Sam Darnold,Sam Darnold,SEA,QB,,"Marvin Harrison Jr. Ari-WR Q (Free Agent) / Sam Darnold Sea-QB (To Free Agent) — Cardinals — Dec 17, 7:13pm"
2025-12-17T19:52:00,"Dec 17, 7:52pm",Sportos,waiver,Jordan Addison,Jordan Addison,MIN,WR,Rome Odunze,Rome Odunze,CHI,WR,,"Jordan Addison Min-WR (Free Agent) / Rome Odunze Chi-WR (To Free Agent) — Sportos — Dec 17, 7:52pm"
2025-12-17T20:07:00,"Dec 17, 8:07pm",Sportos,waiver,New Orleans Saints,New Orleans Saints,NO,DEF,Tampa Bay Buccaneers,Tampa Bay Buccaneers,TB,DEF,,"Saints NO-DEF (Free Agent) / Buccaneers TB-DEF (To Free Agent) — Sportos — Dec 17, 8:07pm"
2025-12-18T01:32:00,"Dec 18, 1:32am",Let's Ride,waiver,New York Jets,New York Jets,NYJ,DEF,Carolina Panthers,Carolina Panthers,CAR,DEF,,"Jets NYJ-DEF (Free Agent) / Panthers Car-DEF (To Free Agent) — Let's Ride — Dec 18, 1:32am"
2025-12-24T16:08:00,"Dec 24, 4:08pm",Cardinals,waiver,Pittsburgh Steelers,Pittsburgh Steelers,PIT,DEF,Philadelphia Eagles,Philadelphia Eagles,PHI,DEF,,"Steelers Pit-DEF (Free Agent) / Eagles Phi-DEF (To Free Agent) — Cardinals — Dec 24, 4:08pm"
2025-12-24T16:09:00,"Dec 24, 4:09pm",Cardinals,waiver,Jaylen Warren,Jaylen Warren,PIT,RB,Rashee Rice,Rashee Rice,KC,WR,,"Jaylen Warren Pit-RB (Free Agent) / Rashee Rice KC-WR Q (To Free Agent) — Cardinals — Dec 24, 4:09pm"
2025-12-24T16:51:00,"Dec 24, 4:51pm",Wildcard,waiver,Sam Darnold,Sam Darnold,SEA,QB,Kirk Cousins,Kirk Cousins,LV,QB,,"Sam Darnold Sea-QB (Free Agent) / Kirk Cousins LV-QB (To Free Agent) — Wildcard — Dec 24, 4:51pm"
2025-12-24T16:52:00,"Dec 24, 4:52pm",Wildcard,waiver,Tre Tucker,Tre Tucker,LV,WR,Troy Franklin,Troy Franklin,DEN,WR,,"Tre Tucker LV-WR (Free Agent) / Troy Franklin Den-WR Q (To Free Agent) — Wildcard — Dec 24, 4:52pm"
2025-12-24T17:00:00,"Dec 24, 5:00pm",Greendawgs,commissioner_add,Michael Carter,Michael Carter,TEN,RB,,,,,,"Michael Carter Ten-RB — Free Agent Added (by Commissioner) — Greendawgs (Dac) — Dec 24, 5:00pm"
2025-12-24T17:00:00,"Dec 24, 5:00pm",Greendawgs,commissioner_drop,,,,,Jake Elliott,Jake Elliott,PHI,K,,"Jake Elliott Phi-K — Dropped (by Commissioner) To Free Agent — Greendawgs (Dac) — Dec 24, 5:00pm"
2025-12-24T17:00:00,"Dec 24, 5:00pm",Greendawgs,commissioner_drop,,,,,Quinshon Judkins,Quinshon Judkins,CLE,RB,,"Quinshon Judkins Cle-RB Q — Dropped (by Commissioner) To Free Agent — Greendawgs (Dac) — Dec 24, 5:00pm"
2025-12-24T17:01:00,"Dec 24, 5:01pm",Greendawgs,commissioner_add,Daniel Carlson,Daniel Carlson,LV,K,,,,,,"Daniel Carlson LV-K NA — Free Agent Added (by Commissioner) — Greendawgs (Dac) — Dec 24, 5:01pm"
2025-12-24T17:02:00,"Dec 24, 5:02pm",Hoofers,waiver,New England Patriots,New England Patriots,NE,DEF,Detroit Lions,Detroit Lions,DET,DEF,,"Patriots NE-DEF (Free Agent) / Lions Det-DEF (To Free Agent) — Hoofers — Dec 24, 5:02pm"
2025-12-24T17:05:00,"Dec 24, 5:05pm",Hoofers,waiver,Taysom Hill,Taysom Hill,NO,TE,Davante Adams,Davante Adams,LA,WR,,"Taysom Hill NO-TE NA (Free Agent) / Davante Adams LAR-WR (To Free Agent) — Hoofers — Dec 24, 5:05pm"
2025-12-24T17:39:00,"Dec 24, 5:39pm",Sportos,waiver,Hunter Henry,Hunter Henry,NE,TE,Brock Bowers,Brock Bowers,LV,TE,,"Hunter Henry NE-TE (Free Agent) / Brock Bowers LV-TE Q (To Free Agent) — Sportos — Dec 24, 5:39pm"
2025-12-24T17:42:00,"Dec 24, 5:42pm",Sportos,waiver,Parker Washington,Parker Washington,JAX,WR,Jordan Addison,Jordan Addison,MIN,WR,,"Parker Washington Jax-WR (Free Agent) / Jordan Addison Min-WR (To Free Agent) — Sportos — Dec 24, 5:42pm"
2025-12-24T17:49:00,"Dec 24, 5:49pm",Let's Ride,waiver,Los Angeles Rams,Los Angeles Rams,LA,DEF,New York Jets,New York Jets,NYJ,DEF,,"Rams LAR-DEF (Free Agent) / Jets NYJ-DEF (To Free Agent) — Let's Ride — Dec 24, 5:49pm"
2025-12-24T18:39:00,"Dec 24, 6:39pm",Redskins,waiver,Davante Adams,Davante Adams,LA,WR,Jordan Mason,Jordan Mason,MIN,RB,,"Davante Adams LAR-WR (Free Agent) / Jordan Mason Min-RB (To Free Agent) — Redskins — Dec 24, 6:39pm"
2025-12-24T18:42:00,"Dec 24, 6:42pm",Redskins,waiver,Darnell Mooney,Darnell Mooney,NYG,WR,Jayden Higgins,Jayden Higgins,HOU,WR,,"Darnell Mooney NYG-WR (Free Agent) / Jayden Higgins Hou-WR (To Free Agent) — Redskins — Dec 24, 6:42pm"
2025-12-24T19:31:00,"Dec 24, 7:31pm",ChronicMasterdeflatr,waiver,Troy Franklin,Troy Franklin,DEN,WR,DK Metcalf,DK Metcalf,PIT,WR,,"Troy Franklin Den-WR Q (Free Agent) / DK Metcalf Pit-WR (To Free Agent) — ChronicMasterdeflatr — Dec 24, 7:31pm"
2026-01-02T18:33:00,"Jan 2, 6:33pm",Cardinals,waiver,Cooper Kupp,Cooper Kupp,SEA,WR,Marvin Harrison Jr.,Marvin Harrison Jr.,ARI,WR,,"Cooper Kupp Sea-WR (Free Agent) / Marvin Harrison Jr. Ari-WR Q (To Free Agent) — Cardinals — Jan 2, 6:33pm"
2026-01-02T18:47:00,"Jan 2, 6:47pm",Redskins,waiver,Luther Burden III,Luther Burden III,CHI,WR,Darnell Mooney,Darnell Mooney,NYG,WR,,"Luther Burden III Chi-WR (Free Agent) / Darnell Mooney NYG-WR (To Free Agent) — Redskins — Jan 2, 6:47pm"
2026-01-02T18:49:00,"Jan 2, 6:49pm",Redskins,waiver,Darius Slayton,Darius Slayton,NYG,WR,Emeka Egbuka,Emeka Egbuka,TB,WR,,"Darius Slayton NYG-WR Q (Free Agent) / Emeka Egbuka TB-WR (To Free Agent) — Redskins — Jan 2, 6:49pm"
2026-01-02T18:50:00,"Jan 2, 6:50pm",Redskins,waiver,Jordan Addison,Jordan Addison,MIN,WR,Jaylen Waddle,Jaylen Waddle,DEN,WR,,"Jordan Addison Min-WR (Free Agent) / Jaylen Waddle Den-WR Q (To Free Agent) — Redskins — Jan 2, 6:50pm"
2026-01-02T18:51:00,"Jan 2, 6:51pm",Redskins,waiver,Tank Bigsby,Tank Bigsby,PHI,RB,Saquon Barkley,Saquon Barkley,PHI,RB,,"Tank Bigsby Phi-RB (Free Agent) / Saquon Barkley Phi-RB (To Free Agent) — Redskins — Jan 2, 6:51pm"
2026-01-02T18:51:00,"Jan 2, 6:51pm",Redskins,waiver,AJ Barner,AJ Barner,SEA,TE,Dallas Goedert,Dallas Goedert,PHI,TE,,"AJ Barner Sea-TE Q (Free Agent) / Dallas Goedert Phi-TE (To Free Agent) — Redskins — Jan 2, 6:51pm"
2026-01-02T19:49:00,"Jan 2, 7:49pm",ChronicMasterdeflatr,waiver,Juwan Johnson,Juwan Johnson,NO,TE,Harold Fannin Jr.,Harold Fannin Jr.,CLE,TE,,"Juwan Johnson NO-TE (Free Agent) / Harold Fannin Jr. Cle-TE Q (To Free Agent) — ChronicMasterdeflatr — Jan 2, 7:49pm"
2026-01-02T20:01:00,"Jan 2, 8:01pm",ChronicMasterdeflatr,waiver,Jaylen Waddle,Jaylen Waddle,DEN,WR,Wan'Dale Robinson,Wan'Dale Robinson,TEN,WR,,"Jaylen Waddle Den-WR Q (Free Agent) / Wan'Dale Robinson Ten-WR Q (To Free Agent) — ChronicMasterdeflatr — Jan 2, 8:01pm"
2026-01-02T20:02:00,"Jan 2, 8:02pm",ChronicMasterdeflatr,waiver,Rashid Shaheed,Rashid Shaheed,SEA,WR,Chris Olave,Chris Olave,NO,WR,,"Rashid Shaheed Sea-WR (Free Agent) / Chris Olave NO-WR Q (To Free Agent) — ChronicMasterdeflatr — Jan 2, 8:02pm"
2026-01-02T20:39:00,"Jan 2, 8:39pm",Hoofers,waiver,Kirk Cousins,Kirk Cousins,LV,QB,Jalen Hurts,Jalen Hurts,PHI,QB,,"Kirk Cousins LV-QB (Free Agent) / Jalen Hurts Phi-QB (To Free Agent) — Hoofers — Jan 2, 8:39pm"
2026-01-02T20:40:00,"Jan 2, 8:40pm",Hoofers,waiver,Kyle Monangai,Kyle Monangai,CHI,RB,Javonte Williams,Javonte Williams,DAL,RB,,"Kyle Monangai Chi-RB (Free Agent) / Javonte Williams Dal-RB Q (To Free Agent) — Hoofers — Jan 2, 8:40pm"
2026-01-02T20:40:00,"Jan 2, 8:40pm",Hoofers,waiver,Kenny Gainwell,Kenny Gainwell,TB,RB,Aaron Jones Sr.,Aaron Jones,MIN,RB,,"Kenny Gainwell TB-RB (Free Agent) / Aaron Jones Sr. Min-RB Q (To Free Agent) — Hoofers — Jan 2, 8:40pm"
2026-01-02T20:41:00,"Jan 2, 8:41pm",Hoofers,waiver,Jordan Mason,Jordan Mason,MIN,RB,Blake Corum,Blake Corum,LA,RB,,"Jordan Mason Min-RB (Free Agent) / Blake Corum LAR-RB (To Free Agent) — Hoofers — Jan 2, 8:41pm"
2026-01-02T20:42:00,"Jan 2, 8:42pm",Hoofers,waiver,Kayshon Boutte,Kayshon Boutte,NE,WR,DeVonta Smith,DeVonta Smith,PHI,WR,,"Kayshon Boutte NE-WR (Free Agent) / DeVonta Smith Phi-WR (To Free Agent) — Hoofers — Jan 2, 8:42pm"
2026-01-02T20:43:00,"Jan 2, 8:43pm",Hoofers,waiver,Jayden Higgins,Jayden Higgins,HOU,WR,Jayden Reed,Jayden Reed,GB,WR,,"Jayden Higgins Hou-WR (Free Agent) / Jayden Reed GB-WR (To Free Agent) — Hoofers — Jan 2, 8:43pm"
2026-01-02T20:44:00,"Jan 2, 8:44pm",Hoofers,waiver,Minnesota Vikings,Minnesota Vikings,MIN,DEF,New England Patriots,New England Patriots,NE,DEF,,"Vikings Min-DEF (Free Agent) / Patriots NE-DEF (To Free Agent) — Hoofers — Jan 2, 8:44pm"
2026-01-02T20:44:00,"Jan 2, 8:44pm",Hoofers,waiver,Dalton Schultz,Dalton Schultz,HOU,TE,Taysom Hill,Taysom Hill,NO,TE,,"Dalton Schultz Hou-TE Q (Free Agent) / Taysom Hill NO-TE NA (To Free Agent) — Hoofers — Jan 2, 8:44pm"
2026-01-02T20:51:00,"Jan 2, 8:51pm",Sportos,waiver,Jacksonville Jaguars,Jacksonville Jaguars,JAX,DEF,New Orleans Saints,New Orleans Saints,NO,DEF,,"Jaguars Jax-DEF (Free Agent) / Saints NO-DEF (To Free Agent) — Sportos — Jan 2, 8:51pm"
2026-01-02T20:57:00,"Jan 2, 8:57pm",Sportos,waiver,Tyler Shough,Tyler Shough,NO,QB,Omarion Hampton,Omarion Hampton,LAC,RB,,"Tyler Shough NO-QB (Free Agent) / Omarion Hampton LAC-RB (To Free Agent) — Sportos — Jan 2, 8:57pm"
2026-01-02T21:23:00,"Jan 2, 9:23pm",Greendawgs,waiver,Ricky Pearsall,Ricky Pearsall,SF,WR,Christian Watson,Christian Watson,GB,WR,,"Ricky Pearsall SF-WR Q (Free Agent) / Christian Watson GB-WR (To Free Agent) — Greendawgs — Jan 2, 9:23pm"
2026-01-02T21:24:00,"Jan 2, 9:24pm",Greendawgs,waiver,Dylan Sampson,Dylan Sampson,CLE,RB,Xavier Worthy,Xavier Worthy,KC,WR,,"Dylan Sampson Cle-RB (Free Agent) / Xavier Worthy KC-WR Q (To Free Agent) — Greendawgs — Jan 2, 9:24pm"
2026-01-02T21:24:00,"Jan 2, 9:24pm",Greendawgs,waiver,Harrison Butker,Harrison Butker,KC,K,Daniel Carlson,Daniel Carlson,LV,K,,"Harrison Butker KC-K (Free Agent) / Daniel Carlson LV-K NA (To Free Agent) — Greendawgs — Jan 2, 9:24pm"
2026-01-02T21:27:00,"Jan 2, 9:27pm",Just Bout Dat Action,waiver,Jimmy Garoppolo,Jimmy Garoppolo,LA,QB,Justin Herbert,Justin Herbert,LAC,QB,,"Jimmy Garoppolo LAR-QB NA (Free Agent) / Justin Herbert LAC-QB (To Free Agent) — Just Bout Dat Action — Jan 2, 9:27pm"
2026-01-02T21:28:00,"Jan 2, 9:28pm",Just Bout Dat Action,waiver,Xavier Legette,Xavier Legette,CAR,WR,A.J. Brown,A.J. Brown,NE,WR,,"Xavier Legette Car-WR (Free Agent) / A.J. Brown NE-WR (To Free Agent) — Just Bout Dat Action — Jan 2, 9:28pm"
