name,position,team,pass_yds,pass_td,rush_yds,rush_td,rec,rec_yds,rec_td,return_td,off_fumble_return_td,two_pt,fg_0_19,fg_20_29,fg_30_39,fg_40_49,fg_50_plus,pat_made,def_td,def_safety,def_return_td,def_xp_returned,def_points_allowed,projection_source
Velus Jones Jr.,WR,SEA,0.0,0.0,65.67261904761905,0.0,2.145238095238095,14.976190476190476,0.0,0.0,0.0,0.0,0.0,0.0,0.0,0.0,0.0,0.0,0.0,0.0,0.0,0.0,0.0,real_stats
Zay Jones,WR,ARI,0.0,0.0,0.0,0.0,28.024242424242424,356.7295454545455,0.5666666666666667,0.0,0.0,0.0,0.0,0.0,0.0,0.0,0.0,0.0,0.0,0.0,0.0,0.0,0.0,real_stats
Zay Flowers,WR,BAL,0.0,0.0,60.125,0.759375,82.371875,1128.09375,4.796875,0.0,0.0,0.159375,0.0,0.0,0.0,0.0,0.0,0.0,0.0,0.0,0.0,0.0,0.0,real_stats
Zavier Scott,RB,MIN,0.0,0.0,121.12499999999999,0.0,14.875000000000002,104.125,1.0625,0.0,0.0,0.0,0.0,0.0,0.0,0.0,0.0,0.0,0.0,0.0,0.0,0.0,0.0,real_stats
Van Jefferson,WR,WSH,0.0,0.0,0.6,0.0,27.487499999999997,323.47499999999997,1.1375,0.0,0.0,0.0,0.0,0.0,0.0,0.0,0.0,0.0,0.0,0.0,0.0,0.0,0.0,real_stats
Tyrone Tracy Jr.,RB,NYG,0.0,0.0,838.764705882353,3.070588235294118,39.976470588235294,313.9294117647059,1.8941176470588237,0.0,0.0,0.0,0.0,0.0,0.0,0.0,0.0,0.0,0.0,0.0,0.0,0.0,0.0,real_stats
Tyrod Taylor,QB,GB,1888.043181818182,16.034090909090907,316.3931818181818,1.7,0.0,0.0,0.0,0.0,0.0,0.0,0.0,0.0,0.0,0.0,0.0,0.0,0.0,0.0,0.0,0.0,0.0,real_stats
Tyrell Shavers,WR,BUF,0.0,0.0,0.0,0.0,12.254901960784315,287.94117647058823,2.372549019607843,0.0,0.0,0.0,0.0,0.0,0.0,0.0,0.0,0.0,0.0,0.0,0.0,0.0,0.0,real_stats
Tyreek Hill,WR,MIA,0.0,0.0,15.640625,0.0,92.765625,1202.215625,6.121875,0.0,0.0,0.0,0.0,0.0,0.0,0.0,0.0,0.0,0.0,0.0,0.0,0.0,0.0,real_stats
Tyler Warren,TE,IND,0.0,0.0,8.0,1.0,76.0,817.0,4.0,0.0,0.0,0.0,0.0,0.0,0.0,0.0,0.0,0.0,0.0,0.0,0.0,0.0,0.0,real_stats
Tyler Shough,QB,NO,3684.363636363636,15.454545454545453,287.4545454545455,4.636363636363636,0.0,0.0,0.0,0.0,0.0,1.5454545454545454,0.0,0.0,0.0,0.0,0.0,0.0,0.0,0.0,0.0,0.0,0.0,real_stats
Greg Dulcich,TE,MIA,0.0,0.0,-11.899999999999999,0.0,44.2,569.5,1.7000000000000002,0.0,0.0,0.0,0.0,0.0,0.0,0.0,0.0,0.0,0.0,0.0,0.0,0.0,0.0,real_stats
Gunnar Helm,TE,TEN,0.0,0.0,0.0,0.0,46.75,379.3125,2.125,0.0,0.0,0.0,0.0,0.0,0.0,0.0,0.0,0.0,0.0,0.0,0.0,0.0,0.0,real_stats
Gunner Olszewski,WR,NYG,28.05,0.85,0.0,0.0,8.783333333333335,123.25,0.85,0.2833333333333333,0.0,0.0,0.0,0.0,0.0,0.0,0.0,0.0,0.0,0.0,0.0,0.0,0.0,real_stats
Harold Fannin Jr.,TE,CLE,0.0,0.0,13.8125,1.0625,76.5,776.6875,6.375,0.0,0.0,0.0,0.0,0.0,0.0,0.0,0.0,0.0,0.0,0.0,0.0,0.0,0.0,real_stats
Harrison Butker,K,KC,0.0,0.0,0.0,0.0,0.0,0.0,0.0,0.0,0.0,0.0,0.926923076923077,8.888461538461538,9.638461538461538,7.757692307692308,4.403846153846154,33.78076923076923,0.0,0.0,0.0,0.0,0.0,real_stats
Harrison Mevis,K,LAR,0.0,0.0,0.0,0.0,0.0,0.0,0.0,0.0,0.0,0.0,0.0,5.666666666666666,5.666666666666666,9.444444444444445,1.888888888888889,73.66666666666666,0.0,0.0,0.0,0.0,0.0,real_stats
Hassan Haskins,RB,LAC,0.0,0.0,73.17647058823528,0.5882352941176471,4.882352941176471,27.411764705882355,0.29411764705882354,0.0,0.0,0.0,0.0,0.0,0.0,0.0,0.0,0.0,0.0,0.0,0.0,0.0,0.0,real_stats
Houston Texans,DEF,HOU,0.0,0.0,0.0,0.0,0.0,0.0,0.0,0.0,0.0,0.0,0.0,0.0,0.0,0.0,0.0,0.0,0.0,0.0,0.0,0.0,322.95,real_stats
Hunter Henry,TE,NE,0.0,0.0,0.0,0.0,58.199999999999996,716.1571428571428,7.057142857142858,0.0,0.0,0.0,0.0,0.0,0.0,0.0,0.0,0.0,0.0,0.0,0.0,0.0,0.0,real_stats
Hunter Long,TE,JAX,0.0,0.0,0.0,0.0,22.666666666666664,160.55555555555557,3.777777777777778,0.0,0.0,0.0,0.0,0.0,0.0,0.0,0.0,0.0,0.0,0.0,0.0,0.0,0.0,real_stats
Hunter Renfrow,WR,CAR,0.0,0.0,0.0,0.0,39.00000000000001,252.73333333333335,4.533333333333333,0.0,0.0,0.0,0.0,0.0,0.0,0.0,0.0,0.0,0.0,0.0,0.0,0.0,0.0,real_stats
Ian Thomas,TE,LV,0.0,0.0,0.0,0.0,14.733333333333334,129.2,0.0,0.0,0.0,0.0,0.0,0.0,0.0,0.0,0.0,0.0,0.0,0.0,0.0,0.0,0.0,real_stats
Indianapolis Colts,DEF,IND,0.0,0.0,0.0,0.0,0.0,0.0,0.0,0.0,0.0,0.0,0.0,0.0,0.0,0.0,0.0,0.0,0.0,0.0,0.0,0.0,416.2,real_stats
Isaac TeSlaa,WR,DET,0.0,0.0,0.0,0.0,16.0,239.00000000000003,6.0,0.0,0.0,0.0,0.0,0.0,0.0,0.0,0.0,0.0,0.0,0.0,0.0,0.0,0.0,real_stats
Isaiah Bond,WR,CLE,0.0,0.0,30.8125,0.0,19.125,359.125,0.0,0.0,0.0,0.0,0.0,0.0,0.0,0.0,0.0,0.0,0.0,0.0,0.0,0.0,0.0,real_stats
Isaiah Davis,RB,NYJ,0.0,0.0,228.17647058823528,1.0441176470588234,18.397058823529413,161.55882352941177,0.29411764705882354,0.0,0.0,0.75,0.0,0.0,0.0,0.0,0.0,0.0,0.0,0.0,0.0,0.0,0.0,real_stats
Theo Wease Jr.,WR,MIA,0.0,0.0,0.0,0.0,34.0,787.6666666666667,5.666666666666666,0.0,0.0,0.0,0.0,0.0,0.0,0.0,0.0,0.0,0.0,0.0,0.0,0.0,0.0,real_stats
Tim Patrick,WR,NYJ,0.0,0.0,0.0,0.0,21.5625,263.375,3.1875,0.0,0.0,0.3125,0.0,0.0,0.0,0.0,0.0,0.0,0.0,0.0,0.0,0.0,0.0,real_stats
Tommy Tremble,TE,CAR,0.0,0.0,0.0,0.0,28.011458333333334,263.19374999999997,2.3864583333333336,0.0,0.0,0.0,0.0,0.0,0.0,0.0,0.0,0.0,0.0,0.0,0.0,0.0,0.0,real_stats
Tony Pollard,RB,TEN,0.0,0.0,1086.559375,5.228125,38.940625,233.46874999999997,0.0,0.0,0.0,0.415625,0.0,0.0,0.0,0.0,0.0,0.0,0.0,0.0,0.0,0.0,0.0,real_stats
Tory Horton,WR,SEA,0.0,0.0,0.0,0.0,27.625,342.125,10.625,0.0,0.0,0.0,0.0,0.0,0.0,0.0,0.0,0.0,0.0,0.0,0.0,0.0,0.0,real_stats
Travis Etienne Jr.,RB,NO,0.0,0.0,973.5,6.416666666666666,41.349999999999994,318.56666666666666,3.75,0.0,0.0,0.3,0.0,0.0,0.0,0.0,0.0,0.0,0.0,0.0,0.0,0.0,0.0,real_stats
Travis Hunter,WR,JAX,0.0,0.0,0.0,0.0,68.0,723.7142857142857,2.4285714285714284,0.0,0.0,0.0,0.0,0.0,0.0,0.0,0.0,0.0,0.0,0.0,0.0,0.0,0.0,real_stats
Travis Kelce,TE,KC,0.0,0.0,0.865625,0.0,87.17562499999998,896.489375,4.646875,0.0,0.0,0.6,0.0,0.0,0.0,0.0,0.0,0.0,0.0,0.0,0.0,0.0,0.0,real_stats
Trayveon Williams,RB,CLE,0.0,0.0,83.74285714285715,0.0,16.94285714285714,108.85714285714283,0.0,0.0,0.0,0.0,0.0,0.0,0.0,0.0,0.0,0.0,0.0,0.0,0.0,0.0,0.0,real_stats
Tre Tucker,WR,LV,0.0,0.0,53.871875,0.25,48.978125,605.103125,4.0687500000000005,0.0,0.0,0.0,0.0,0.0,0.0,0.0,0.0,0.0,0.0,0.0,0.0,0.0,0.0,real_stats
Tre' Harris,WR,LAC,0.0,0.0,10.0,0.0,30.000000000000004,324.0,1.0,0.0,0.0,0.0,0.0,0.0,0.0,0.0,0.0,0.0,0.0,0.0,0.0,0.0,0.0,real_stats
TreVeyon Henderson,RB,NE,0.0,0.0,911.0,9.0,35.0,221.0,1.0,0.0,0.0,0.0,0.0,0.0,0.0,0.0,0.0,0.0,0.0,0.0,0.0,0.0,0.0,real_stats
Trevor Etienne,RB,CAR,0.0,0.0,94.0,0.0,3.0,13.0,0.0,0.0,0.0,0.0,0.0,0.0,0.0,0.0,0.0,0.0,0.0,0.0,0.0,0.0,0.0,real_stats
Trevor Lawrence,QB,JAX,3913.3750000000005,25.421875,320.003125,7.312499999999999,0.0,-2.125,0.0,0.0,0.0,0.6,0.0,0.0,0.0,0.0,0.0,0.0,0.0,0.0,0.0,0.0,0.0,real_stats
Trey Benson,RB,ARI,0.0,0.0,591.9230769230769,0.3846153846153847,41.30769230769231,214.69230769230768,0.0,0.0,0.0,0.0,0.0,0.0,0.0,0.0,0.0,0.0,0.0,0.0,0.0,0.0,0.0,real_stats
Trey Lance,QB,LAC,1010.5,0.0,306.25,0.0,0.0,0.0,0.0,0.0,0.0,0.0,0.0,0.0,0.0,0.0,0.0,0.0,0.0,0.0,0.0,0.0,0.0,real_stats
Spencer Shrader,K,IND,0.0,0.0,0.0,0.0,0.0,0.0,0.0,0.0,0.0,0.0,0.0,14.5,13.25,7.3,2.4,44.85,0.0,0.0,0.0,0.0,0.0,real_stats
Stefon Diggs,WR,NE,6.90625,0.0,5.0,0.53125,92.01875,1048.75,5.1937500000000005,0.0,0.0,0.15,0.0,0.0,0.0,0.0,0.0,0.0,0.0,0.0,0.0,0.0,0.0,real_stats
Sterling Shepard,WR,TB,0.0,0.0,42.181318681318686,0.0,47.428571428571416,461.7472527472528,1.2802197802197801,0.0,0.0,0.3571428571428571,0.0,0.0,0.0,0.0,0.0,0.0,0.0,0.0,0.0,0.0,0.0,real_stats
Tahj Brooks,RB,CIN,0.0,0.0,47.8125,0.0,1.0625,9.5625,0.0,0.0,0.0,0.0,0.0,0.0,0.0,0.0,0.0,0.0,0.0,0.0,0.0,0.0,0.0,real_stats
Tampa Bay Buccaneers,DEF,TB,0.0,0.0,0.0,0.0,0.0,0.0,0.0,0.0,0.0,0.0,0.0,0.0,0.0,0.0,0.0,0.0,0.0,0.0,0.0,0.0,391.5999999999999,real_stats
Tank Bigsby,RB,PHI,0.0,0.0,436.86875,3.359375,3.8093749999999997,34.44375,0.0,0.0,0.0,0.0,0.0,0.0,0.0,0.0,0.0,0.0,0.0,0.0,0.0,0.0,0.0,real_stats
Tanner Conner,TE,NYG,0.0,0.0,0.0,0.0,17.0,171.88888888888889,0.0,0.0,0.0,0.0,0.0,0.0,0.0,0.0,0.0,0.0,0.0,0.0,0.0,0.0,0.0,real_stats
Tanner Hudson,TE,CIN,0.0,0.0,0.38636363636363635,0.0,28.54840909090909,248.54,1.9588636363636365,0.0,0.0,0.0,0.0,0.0,0.0,0.0,0.0,0.0,0.0,0.0,0.0,0.0,0.0,real_stats
Tanner McKee,QB,PHI,1629.4999999999998,13.000000000000002,21.5,0.0,0.0,0.0,0.0,0.0,0.0,0.0,0.0,0.0,0.0,0.0,0.0,0.0,0.0,0.0,0.0,0.0,0.0,real_stats
Taysom Hill,QB,NO,69.10745192307692,0.9439903846153846,301.04302884615385,4.609615384615386,26.10889423076923,217.12187500000002,0.31875,0.0,0.0,0.0,0.0,0.0,0.0,0.0,0.0,0.0,0.0,0.0,0.0,0.0,0.0,real_stats
Tee Higgins,WR,CIN,0.0,0.0,0.0,0.0,74.89916666666667,1037.3258333333333,12.084166666666667,0.0,0.0,0.68,0.0,0.0,0.0,0.0,0.0,0.0,0.0,0.0,0.0,0.0,0.0,real_stats
Tennessee Titans,DEF,TEN,0.0,0.0,0.0,0.0,0.0,0.0,0.0,0.0,0.0,0.0,0.0,0.0,0.0,0.0,0.0,0.0,0.0,0.0,0.0,0.0,456.85,real_stats
Terrance Ferguson,TE,LAR,0.0,0.0,0.0,0.0,13.357142857142858,280.5,3.642857142857143,0.0,0.0,0.0,0.0,0.0,0.0,0.0,0.0,0.0,0.0,0.0,0.0,0.0,0.0,real_stats
Terrell Jennings,RB,NE,0.0,0.0,180.14285714285714,1.7142857142857142,1.7142857142857142,15.42857142857143,0.0,0.0,0.0,0.0,0.0,0.0,0.0,0.0,0.0,0.0,0.0,0.0,0.0,0.0,0.0,real_stats
Tetairoa McMillan,WR,CAR,0.0,0.0,0.0,0.0,70.0,1014.0,7.0,0.0,0.0,0.0,0.0,0.0,0.0,0.0,0.0,0.0,0.0,0.0,0.0,0.0,0.0,real_stats
Tez Johnson,WR,TB,0.0,0.0,23.375,0.0,29.750000000000004,342.125,5.3125,0.0,0.0,0.0,0.0,0.0,0.0,0.0,0.0,0.0,0.0,0.0,0.0,0.0,0.0,real_stats
Romeo Doubs,WR,NE,0.0,0.0,0.0,0.0,58.55,750.1999999999999,6.699999999999999,0.0,0.0,0.85,0.0,0.0,0.0,0.0,0.0,0.0,0.0,0.0,0.0,0.0,0.0,real_stats
Ronnie Rivers,RB,LAR,0.0,0.0,103.95454545454544,0.0,2.6666666666666665,14.733333333333334,0.0,0.0,0.0,0.0,0.0,0.0,0.0,0.0,0.0,0.0,0.0,0.0,0.0,0.0,0.0,real_stats
Roschon Johnson,RB,CHI,0.0,0.0,130.14714285714285,2.1614285714285715,10.637142857142857,67.10142857142857,0.0,0.0,0.0,0.0,0.0,0.0,0.0,0.0,0.0,0.0,0.0,0.0,0.0,0.0,0.0,real_stats
Russell Wilson,QB,NYG,2893.554545454545,15.701818181818181,298.0563636363636,1.2827272727272727,0.0,0.0,0.0,0.0,0.0,0.0,0.0,0.0,0.0,0.0,0.0,0.0,0.0,0.0,0.0,0.0,0.0,real_stats
Ryan Fitzgerald,K,CAR,0.0,0.0,0.0,0.0,0.0,0.0,0.0,0.0,0.0,0.0,0.0,6.0,8.0,8.0,2.0,27.0,0.0,0.0,0.0,0.0,0.0,real_stats
Ryan Flournoy,WR,DAL,0.0,0.0,18.75,0.0,34.54545454545455,402.61363636363643,3.0,0.0,0.0,0.0,0.0,0.0,0.0,0.0,0.0,0.0,0.0,0.0,0.0,0.0,0.0,real_stats
Sam Darnold,QB,SEA,3584.285,24.26,113.82499999999999,0.505,0.0,0.0,0.0,0.0,0.0,0.0,0.0,0.0,0.0,0.0,0.0,0.0,0.0,0.0,0.0,0.0,0.0,real_stats
Samaje Perine,RB,CIN,0.0,0.0,318.46,2.44,26.06,207.91,0.25,0.0,0.0,0.0,0.0,0.0,0.0,0.0,0.0,0.0,0.0,0.0,0.0,0.0,0.0,real_stats
San Francisco 49ers,DEF,SF,0.0,0.0,0.0,0.0,0.0,0.0,0.0,0.0,0.0,0.0,0.0,0.0,0.0,0.0,0.0,0.0,0.0,0.0,0.0,0.0,376.29999999999995,real_stats
Saquon Barkley,RB,PHI,0.0,0.0,1434.5495535714285,9.008482142857142,39.82098214285714,298.88124999999997,2.534821428571428,0.0,0.0,1.6165178571428571,0.0,0.0,0.0,0.0,0.0,0.0,0.0,0.0,0.0,0.0,0.0,real_stats
Savion Williams,WR,GB,0.0,0.0,52.41666666666667,0.0,14.166666666666668,110.5,1.4166666666666665,0.0,0.0,0.0,0.0,0.0,0.0,0.0,0.0,0.0,0.0,0.0,0.0,0.0,0.0,real_stats
Sean Tucker,RB,TB,0.0,0.0,274.33181818181816,4.699999999999999,7.513636363636365,49.736363636363635,0.8500000000000001,0.0,0.0,0.0,0.0,0.0,0.0,0.0,0.0,0.0,0.0,0.0,0.0,0.0,0.0,real_stats
Seattle Seahawks,DEF,SEA,0.0,0.0,0.0,0.0,0.0,0.0,0.0,0.0,0.0,0.0,0.0,0.0,0.0,0.0,0.0,0.0,0.0,0.0,0.0,0.0,327.5,real_stats
Shedeur Sanders,QB,CLE,2975.0,14.875000000000002,359.125,2.125,0.0,0.0,0.0,0.0,0.0,0.0,0.0,0.0,0.0,0.0,0.0,0.0,0.0,0.0,0.0,0.0,0.0,real_stats
Skyy Moore,WR,GB,0.0,0.0,14.385714285714286,0.0,9.1,128.85714285714283,0.24285714285714283,0.0,0.0,0.0,0.0,0.0,0.0,0.0,0.0,0.0,0.0,0.0,0.0,0.0,0.0,real_stats
Spencer Rattler,QB,NO,3055.3809523809527,13.523809523809526,326.952380952381,0.0,1.3333333333333333,0.0,0.0,0.0,0.0,0.0,0.0,0.0,0.0,0.0,0.0,0.0,0.0,0.0,0.0,0.0,0.0,real_stats
Quinn Ewers,QB,MIA,2643.5,12.75,80.75,0.0,4.25,-25.5,0.0,0.0,0.0,0.0,0.0,0.0,0.0,0.0,0.0,0.0,0.0,0.0,0.0,0.0,0.0,real_stats
Quinshon Judkins,RB,CLE,0.0,0.0,1004.2142857142858,8.5,31.571428571428573,207.64285714285714,0.0,0.0,0.0,1.2142857142857142,0.0,0.0,0.0,0.0,0.0,0.0,0.0,0.0,0.0,0.0,0.0,real_stats
RJ Harvey,RB,DEN,0.0,0.0,540.0,7.0,47.0,356.0,5.0,0.0,0.0,0.0,0.0,0.0,0.0,0.0,0.0,0.0,0.0,0.0,0.0,0.0,0.0,real_stats
Rachaad White,RB,WSH,0.0,0.0,654.5281249999999,4.096875,47.146875,317.54062500000003,2.04375,0.0,0.0,0.0,0.0,0.0,0.0,0.0,0.0,0.0,0.0,0.0,0.0,0.0,0.0,real_stats
Raheem Mostert,RB,LV,0.0,0.0,351.32461538461536,3.713846153846154,20.661538461538463,141.88461538461536,0.51,0.0,0.0,0.0,0.0,0.0,0.0,0.0,0.0,0.0,0.0,0.0,0.0,0.0,0.0,real_stats
Raheim Sanders,RB,CLE,0.0,0.0,391.0,4.25,12.75,89.25,0.0,0.0,0.0,0.0,0.0,0.0,0.0,0.0,0.0,0.0,0.0,0.0,0.0,0.0,0.0,real_stats
Rashee Rice,WR,KC,0.0,0.0,26.084375,1.275,105.66562499999999,1183.51875,9.615625000000001,0.0,0.0,1.275,0.0,0.0,0.0,0.0,0.0,0.0,0.0,0.0,0.0,0.0,0.0,real_stats
Rasheen Ali,RB,BAL,0.0,0.0,45.03333333333334,0.0,7.2,54.4,0.8,0.0,0.0,0.0,0.0,0.0,0.0,0.0,0.0,0.0,0.0,0.0,0.0,0.0,0.0,real_stats
Rashid Shaheed,WR,SEA,0.0,0.0,65.93166666666666,0.0,55.419999999999995,758.7383333333332,4.1083333333333325,0.17,0.0,0.0,0.0,0.0,0.0,0.0,0.0,0.0,0.0,0.0,0.0,0.0,0.0,real_stats
Rashod Bateman,WR,BAL,0.0,0.0,2.86875,0.0,31.257692307692302,423.2444711538461,3.9786057692307693,0.0,0.0,0.7846153846153847,0.0,0.0,0.0,0.0,0.0,0.0,0.0,0.0,0.0,0.0,0.0,real_stats
Ray Davis,RB,BUF,0.0,0.0,324.1176470588235,0.8823529411764707,12.058823529411766,116.29411764705883,2.294117647058824,0.0,0.0,0.0,0.0,0.0,0.0,0.0,0.0,0.0,0.0,0.0,0.0,0.0,0.0,real_stats
Rhamondre Stevenson,RB,NE,0.0,0.0,797.8160714285714,7.933333333333334,40.739285714285714,349.53214285714284,1.7404761904761903,0.0,0.0,2.0238095238095237,0.0,0.0,0.0,0.0,0.0,0.0,0.0,0.0,0.0,0.0,0.0,real_stats
Rico Dowdle,RB,PIT,0.0,0.0,989.74375,4.45,36.46875,267.290625,1.715625,0.0,0.0,0.0,0.0,0.0,0.0,0.0,0.0,0.0,0.0,0.0,0.0,0.0,0.0,real_stats
Riley Leonard,QB,IND,1411.0,6.800000000000001,91.80000000000001,6.800000000000001,0.0,-10.2,0.0,0.0,0.0,0.0,0.0,0.0,0.0,0.0,0.0,0.0,0.0,0.0,0.0,0.0,0.0,real_stats
Riley Patterson,K,MIA,0.0,0.0,0.0,0.0,0.0,0.0,0.0,0.0,0.0,0.0,0.0,3.34,9.22,6.94,2.8200000000000003,40.97,0.0,0.0,0.0,0.0,0.0,real_stats
Roman Wilson,WR,PIT,0.0,0.0,0.0,0.0,15.692307692307693,217.0769230769231,2.6153846153846154,0.0,0.0,0.0,0.0,0.0,0.0,0.0,0.0,0.0,0.0,0.0,0.0,0.0,0.0,real_stats
Noah Brown,WR,WSH,0.0,0.0,-0.255,0.0,34.687727272727265,531.2577272727273,0.8963636363636364,0.0,0.0,0.0,0.0,0.0,0.0,0.0,0.0,0.0,0.0,0.0,0.0,0.0,0.0,real_stats
Noah Fant,TE,NO,0.0,0.0,0.0,0.0,37.22666666666666,343.92,2.72,0.0,0.0,0.0,0.0,0.0,0.0,0.0,0.0,0.0,0.0,0.0,0.0,0.0,0.0,real_stats
Noah Gray,TE,KC,0.0,0.0,-0.8500000000000001,0.0,27.5875,268.475,1.5500000000000003,0.0,0.0,0.0,0.0,0.0,0.0,0.0,0.0,0.0,0.0,0.0,0.0,0.0,0.0,real_stats
Olamide Zaccheaus,WR,ATL,0.0,0.0,17.9375,0.0,37.6125,350.6375,2.325,0.0,0.0,0.0,0.0,0.0,0.0,0.0,0.0,0.0,0.0,0.0,0.0,0.0,0.0,real_stats
Ollie Gordon II,RB,MIA,0.0,0.0,199.0,3.0,7.0,32.0,1.0,0.0,0.0,0.0,0.0,0.0,0.0,0.0,0.0,0.0,0.0,0.0,0.0,0.0,0.0,real_stats
Omarion Hampton,RB,LAC,0.0,0.0,1029.4444444444446,7.555555555555556,60.44444444444445,362.66666666666663,1.888888888888889,0.0,0.0,0.0,0.0,0.0,0.0,0.0,0.0,0.0,0.0,0.0,0.0,0.0,0.0,real_stats
Parker Romo,K,ATL,0.0,0.0,0.0,0.0,0.0,0.0,0.0,0.0,0.0,0.0,0.0,7.178571428571428,15.75,6.714285714285714,2.9642857142857135,29.32142857142857,0.0,0.0,0.0,0.0,0.0,real_stats
Parker Washington,WR,JAX,0.0,0.0,0.0,0.0,49.50833333333333,674.8625,4.504166666666666,0.0,0.0,0.25,0.0,0.0,0.0,0.0,0.0,0.0,0.0,0.0,0.0,0.0,0.0,real_stats
Pat Bryant,WR,DEN,0.0,0.0,0.0,0.0,35.13333333333334,428.4,1.1333333333333333,0.0,0.0,0.0,0.0,0.0,0.0,0.0,0.0,0.0,0.0,0.0,0.0,0.0,0.0,real_stats
Patrick Mahomes,QB,KC,4323.426339285714,27.23794642857143,451.00089285714284,4.174107142857142,0.9941964285714284,-6.754464285714286,0.0,0.0,0.0,0.0,0.0,0.0,0.0,0.0,0.0,0.0,0.0,0.0,0.0,0.0,0.0,real_stats
Phil Mafah,RB,DAL,0.0,0.0,306.0,17.0,34.0,187.0,0.0,0.0,0.0,0.0,0.0,0.0,0.0,0.0,0.0,0.0,0.0,0.0,0.0,0.0,0.0,real_stats
Philadelphia Eagles,DEF,PHI,0.0,0.0,0.0,0.0,0.0,0.0,0.0,0.0,0.0,0.0,0.0,0.0,0.0,0.0,0.0,0.0,0.0,0.0,0.0,0.0,334.95,real_stats
Philip Rivers,QB,IND,3082.666666666667,22.666666666666664,-5.666666666666666,0.0,0.0,0.0,0.0,0.0,0.0,0.0,0.0,0.0,0.0,0.0,0.0,0.0,0.0,0.0,0.0,0.0,0.0,real_stats
Pittsburgh Steelers,DEF,PIT,0.0,0.0,0.0,0.0,0.0,0.0,0.0,0.0,0.0,0.0,0.0,0.0,0.0,0.0,0.0,0.0,0.0,0.0,0.0,0.0,367.54999999999995,real_stats
Puka Nacua,WR,LAR,0.0,0.0,98.06022727272726,1.0238636363636364,128.51022727272726,1698.7124999999999,8.434090909090909,0.0,0.0,0.0,0.0,0.0,0.0,0.0,0.0,0.0,0.0,0.0,0.0,0.0,0.0,real_stats
Quentin Johnston,WR,LAC,0.0,0.0,8.149999999999999,0.0,58.44047619047619,801.6,8.395238095238094,0.0,0.0,0.0,0.0,0.0,0.0,0.0,0.0,0.0,0.0,0.0,0.0,0.0,0.0,real_stats
Miles Sanders,RB,DAL,0.0,0.0,446.4045454545454,3.482102272727273,33.97585227272727,158.2255681818182,0.38636363636363635,0.0,0.0,0.0,0.0,0.0,0.0,0.0,0.0,0.0,0.0,0.0,0.0,0.0,0.0,real_stats
Minnesota Vikings,DEF,MIN,0.0,0.0,0.0,0.0,0.0,0.0,0.0,0.0,0.0,0.0,0.0,0.0,0.0,0.0,0.0,0.0,0.0,0.0,0.0,0.0,337.09999999999997,real_stats
Mitchell Evans,TE,CAR,0.0,0.0,1.0,0.0,19.0,171.0,2.0,0.0,0.0,0.0,0.0,0.0,0.0,0.0,0.0,0.0,0.0,0.0,0.0,0.0,0.0,real_stats
Mitchell Tinsley,WR,CIN,0.0,0.0,0.0,0.0,8.0,116.0,2.0,0.0,0.0,0.0,0.0,0.0,0.0,0.0,0.0,0.0,0.0,0.0,0.0,0.0,0.0,real_stats
Mo Alie-Cox,TE,IND,0.0,0.0,0.0,0.0,12.705882352941178,125.82352941176471,1.0,0.0,0.0,0.0,0.0,0.0,0.0,0.0,0.0,0.0,0.0,0.0,0.0,0.0,0.0,real_stats
Najee Harris,RB,LAC,0.0,0.0,623.4,2.6999999999999997,23.55,181.25,0.0,0.0,0.0,0.0,0.0,0.0,0.0,0.0,0.0,0.0,0.0,0.0,0.0,0.0,0.0,real_stats
Nathan Carter,RB,ATL,0.0,0.0,145.71428571428572,0.0,0.0,0.0,0.0,0.0,0.0,0.0,0.0,0.0,0.0,0.0,0.0,0.0,0.0,0.0,0.0,0.0,0.0,real_stats
New England Patriots,DEF,NE,0.0,0.0,0.0,0.0,0.0,0.0,0.0,0.0,0.0,0.0,0.0,0.0,0.0,0.0,0.0,0.0,0.0,0.0,0.0,0.0,351.15,real_stats
New Orleans Saints,DEF,NO,0.0,0.0,0.0,0.0,0.0,0.0,0.0,0.0,0.0,0.0,0.0,0.0,0.0,0.0,0.0,0.0,0.0,0.0,0.0,0.0,378.35,real_stats
New York Giants,DEF,NYG,0.0,0.0,0.0,0.0,0.0,0.0,0.0,0.0,0.0,0.0,0.0,0.0,0.0,0.0,0.0,0.0,0.0,0.0,0.0,0.0,428.2,real_stats
New York Jets,DEF,NYJ,0.0,0.0,0.0,0.0,0.0,0.0,0.0,0.0,0.0,0.0,0.0,0.0,0.0,0.0,0.0,0.0,0.0,0.0,0.0,0.0,456.05,real_stats
Nick Chubb,RB,HOU,0.0,0.0,737.2049999999999,3.63375,16.59625,88.80375000000001,0.53125,0.0,0.0,0.0,0.0,0.0,0.0,0.0,0.0,0.0,0.0,0.0,0.0,0.0,0.0,real_stats
Nick Folk,K,ATL,0.0,0.0,0.0,0.0,0.0,0.0,0.0,0.0,0.0,0.0,0.0,6.055357142857143,7.694642857142856,7.7910714285714295,7.033928571428571,25.814285714285713,0.0,0.0,0.0,0.0,0.0,real_stats
Nick Westbrook-Ikhine,WR,IND,0.0,0.0,0.0,0.0,16.773333333333333,170.5504761904762,0.7285714285714284,0.0,0.0,0.24285714285714283,0.0,0.0,0.0,0.0,0.0,0.0,0.0,0.0,0.0,0.0,0.0,real_stats
Nico Collins,WR,HOU,0.0,0.0,11.389999999999999,0.68,85.96333333333334,1336.3416666666667,7.9191666666666665,0.0,0.0,0.8500000000000001,0.0,0.0,0.0,0.0,0.0,0.0,0.0,0.0,0.0,0.0,0.0,real_stats
Nikko Remigio,WR,KC,0.0,0.0,13.357142857142858,0.0,1.2142857142857142,25.5,0.0,0.0,0.0,0.0,0.0,0.0,0.0,0.0,0.0,0.0,0.0,0.0,0.0,0.0,0.0,real_stats
Mason Tipton,WR,NO,0.0,0.0,15.42857142857143,0.0,15.792207792207794,110.14285714285714,0.0,0.0,0.0,0.0,0.0,0.0,0.0,0.0,0.0,0.0,0.0,0.0,0.0,0.0,0.0,real_stats
Matt Gay,K,LV,0.0,0.0,0.0,0.0,0.0,0.0,0.0,0.0,0.0,0.0,0.0,7.140625,7.0874999999999995,8.009375,5.396875,36.115624999999994,0.0,0.0,0.0,0.0,0.0,real_stats
Matt Prater,K,BUF,0.0,0.0,0.0,0.0,0.0,0.0,0.0,0.0,0.0,0.0,0.0,4.6825,6.8725,8.1675,3.0925000000000002,45.205,0.0,0.0,0.0,0.0,0.0,real_stats
Matthew Golden,WR,GB,0.0,0.0,59.50000000000001,0.0,35.214285714285715,438.35714285714283,0.0,0.0,0.0,0.0,0.0,0.0,0.0,0.0,0.0,0.0,0.0,0.0,0.0,0.0,0.0,real_stats
Matthew Stafford,QB,LAR,4497.53125,36.99249999999999,22.540625,0.0,0.0,0.0,0.0,0.0,0.0,0.17,0.0,0.0,0.0,0.0,0.0,0.0,0.0,0.0,0.0,0.0,0.0,real_stats
Matthew Wright,K,BUF,0.0,0.0,0.0,0.0,0.0,0.0,0.0,0.0,0.0,0.0,0.0,6.0,11.0,12.0,1.0,18.0,0.0,0.0,0.0,0.0,0.0,real_stats
Max Brosmer,QB,MIN,697.0,0.0,23.375,0.0,0.0,0.0,0.0,0.0,0.0,0.0,0.0,0.0,0.0,0.0,0.0,0.0,0.0,0.0,0.0,0.0,0.0,real_stats
Miami Dolphins,DEF,MIA,0.0,0.0,0.0,0.0,0.0,0.0,0.0,0.0,0.0,0.0,0.0,0.0,0.0,0.0,0.0,0.0,0.0,0.0,0.0,0.0,404.04999999999995,real_stats
Michael Badgley,K,BUF,0.0,0.0,0.0,0.0,0.0,0.0,0.0,0.0,0.0,0.0,0.0,1.511111111111111,7.083333333333334,8.405555555555555,3.022222222222222,41.27222222222222,0.0,0.0,0.0,0.0,0.0,real_stats
Michael Carter,RB,TEN,0.0,0.0,478.6502564102564,2.201282051282051,45.55564102564102,307.4123076923077,0.17,0.0,0.0,0.0,0.0,0.0,0.0,0.0,0.0,0.0,0.0,0.0,0.0,0.0,0.0,real_stats
Michael Mayer,TE,LV,0.0,0.0,0.0,0.0,40.49303196803197,372.998001998002,1.1489010989010988,0.0,0.0,0.1821428571428571,0.0,0.0,0.0,0.0,0.0,0.0,0.0,0.0,0.0,0.0,0.0,real_stats
Michael Penix Jr.,QB,ATL,3417.6666666666665,15.0,104.33333333333333,2.3333333333333335,0.0,0.0,0.0,0.0,0.0,0.0,0.0,0.0,0.0,0.0,0.0,0.0,0.0,0.0,0.0,0.0,0.0,real_stats
Michael Pittman Jr.,WR,PIT,0.0,0.0,0.0,0.0,83.7,868.625,5.6343749999999995,0.0,0.0,0.9187500000000001,0.0,0.0,0.0,0.0,0.0,0.0,0.0,0.0,0.0,0.0,0.0,real_stats
Michael Wilson,WR,ARI,0.0,0.0,1.859375,0.0,66.73822115384614,859.989423076923,5.850961538461538,0.0,0.0,0.19615384615384618,0.0,0.0,0.0,0.0,0.0,0.0,0.0,0.0,0.0,0.0,0.0,real_stats
Mike Evans,WR,SF,0.0,0.0,0.0,0.0,72.56428571428572,962.2357142857143,9.114285714285714,0.0,0.0,0.0,0.0,0.0,0.0,0.0,0.0,0.0,0.0,0.0,0.0,0.0,0.0,real_stats
Mike Gesicki,TE,CIN,0.0,0.0,0.0,0.0,35.092307692307685,369.9692307692308,2.4923076923076923,0.0,0.0,0.0,0.0,0.0,0.0,0.0,0.0,0.0,0.0,0.0,0.0,0.0,0.0,real_stats
Luke McCaffrey,WR,WSH,0.0,0.0,0.0,0.0,19.96078431372549,320.078431372549,4.0,0.0,0.0,1.3333333333333333,0.0,0.0,0.0,0.0,0.0,0.0,0.0,0.0,0.0,0.0,0.0,real_stats
Luke Musgrave,TE,GB,0.0,0.0,0.0,0.0,29.709090909090904,310.40000000000003,0.3090909090909091,0.0,0.0,0.0,0.0,0.0,0.0,0.0,0.0,0.0,0.0,0.0,0.0,0.0,0.0,real_stats
Luke Schoonmaker,TE,DAL,0.0,0.0,0.0,0.0,17.823529411764703,164.05882352941177,0.29411764705882354,0.0,0.0,0.0,0.0,0.0,0.0,0.0,0.0,0.0,0.0,0.0,0.0,0.0,0.0,real_stats
Luther Burden III,WR,CHI,0.0,0.0,41.93333333333334,0.0,53.266666666666666,738.9333333333334,2.2666666666666666,0.0,0.0,0.0,0.0,0.0,0.0,0.0,0.0,0.0,0.0,0.0,0.0,0.0,0.0,real_stats
Mac Jones,QB,SF,3196.6181818181813,17.772727272727273,116.99090909090907,0.42500000000000004,0.0,0.0,0.0,0.0,0.0,0.0,0.0,0.0,0.0,0.0,0.0,0.0,0.0,0.0,0.0,0.0,0.0,real_stats
Malachi Corley,WR,CLE,0.0,0.0,131.67521367521368,0.0,11.820512820512821,81.8119658119658,0.0,0.0,0.0,0.0,0.0,0.0,0.0,0.0,0.0,0.0,0.0,0.0,0.0,0.0,0.0,real_stats
Malik Davis,RB,DAL,0.0,0.0,425.0,3.4000000000000004,3.4000000000000004,27.200000000000003,0.0,0.0,0.0,0.0,0.0,0.0,0.0,0.0,0.0,0.0,0.0,0.0,0.0,0.0,0.0,real_stats
Malik Heath,WR,ATL,0.0,0.0,0.0,0.0,11.775174825174824,135.97622377622378,0.8500000000000001,0.0,0.0,0.0,0.0,0.0,0.0,0.0,0.0,0.0,0.0,0.0,0.0,0.0,0.0,real_stats
Malik Nabers,WR,NYG,0.0,0.0,0.6666666666666666,0.0,90.33333333333333,1214.3333333333335,8.333333333333332,0.0,0.0,0.3333333333333333,0.0,0.0,0.0,0.0,0.0,0.0,0.0,0.0,0.0,0.0,0.0,real_stats
Malik Washington,WR,MIA,0.0,0.0,86.57563025210085,1.0630252100840338,41.75630252100841,303.40756302521015,2.1176470588235294,0.0,0.0,0.0,0.0,0.0,0.0,0.0,0.0,0.0,0.0,0.0,0.0,0.0,0.0,real_stats
Malik Willis,QB,MIA,1472.9285714285713,9.47142857142857,415.2857142857143,5.707142857142856,0.0,0.0,0.0,0.0,0.0,0.0,0.0,0.0,0.0,0.0,0.0,0.0,0.0,0.0,0.0,0.0,0.0,real_stats
Marcus Mariota,QB,WSH,2226.7939393939396,15.789393939393939,449.9333333333333,2.3439393939393938,0.0,0.0,0.0,0.0,0.0,0.0,0.0,0.0,0.0,0.0,0.0,0.0,0.0,0.0,0.0,0.0,0.0,real_stats
Mark Andrews,TE,BAL,0.0,0.0,38.4,0.8,53.699999999999996,522.56,6.04,0.0,0.0,0.0,0.0,0.0,0.0,0.0,0.0,0.0,0.0,0.0,0.0,0.0,0.0,real_stats
Marquez Valdes-Scantling,WR,DAL,0.0,0.0,1.2142857142857142,0.0,23.39473214285714,297.37098214285714,2.3936607142857143,0.0,0.0,0.0,0.0,0.0,0.0,0.0,0.0,0.0,0.0,0.0,0.0,0.0,0.0,real_stats
Marvin Mims Jr.,WR,DEN,0.0,0.0,68.32125,0.68,38.41625,404.794375,2.339375,0.159375,0.0,0.0,0.0,0.0,0.0,0.0,0.0,0.0,0.0,0.0,0.0,0.0,0.0,real_stats
Mason Taylor,TE,NYJ,0.0,0.0,0.0,0.0,57.53846153846154,482.53846153846155,1.3076923076923077,0.0,0.0,1.3076923076923077,0.0,0.0,0.0,0.0,0.0,0.0,0.0,0.0,0.0,0.0,0.0,real_stats
Kirk Cousins,QB,LV,3563.3548214285715,21.401785714285715,15.108749999999999,1.02,0.0,0.0,0.0,0.0,0.0,0.0,0.0,0.0,0.0,0.0,0.0,0.0,0.0,0.0,0.0,0.0,0.0,real_stats
Konata Mumpfield,WR,LAR,0.0,0.0,0.0,0.0,10.0,92.0,1.0,0.0,0.0,0.0,0.0,0.0,0.0,0.0,0.0,0.0,0.0,0.0,0.0,0.0,0.0,real_stats
Kyle Monangai,RB,CHI,0.0,0.0,783.0,5.0,18.0,164.0,0.0,0.0,0.0,2.0,0.0,0.0,0.0,0.0,0.0,0.0,0.0,0.0,0.0,0.0,0.0,real_stats
Kyle Pitts Sr.,TE,ATL,0.0,0.0,-0.8,0.0,81.0,875.7999999999998,4.6,0.0,0.0,0.0,0.0,0.0,0.0,0.0,0.0,0.0,0.0,0.0,0.0,0.0,0.0,real_stats
Kyle Williams,WR,NE,0.0,0.0,3.0,0.0,10.0,209.0,3.0,0.0,0.0,1.0,0.0,0.0,0.0,0.0,0.0,0.0,0.0,0.0,0.0,0.0,0.0,real_stats
Kyler Murray,QB,MIN,3498.6612499999997,20.6775,573.695,4.24625,0.0,0.0,0.0,0.0,0.0,0.25,0.0,0.0,0.0,0.0,0.0,0.0,0.0,0.0,0.0,0.0,0.0,real_stats
Kyren Williams,RB,LAR,0.0,0.0,1339.3468749999997,12.26875,37.43125,260.71875,2.96875,0.0,0.0,0.2125,0.0,0.0,0.0,0.0,0.0,0.0,0.0,0.0,0.0,0.0,0.0,real_stats
Ladd McConkey,WR,LAC,0.0,0.0,0.0,0.0,75.125,950.8125,6.6875,0.0,0.0,0.3125,0.0,0.0,0.0,0.0,0.0,0.0,0.0,0.0,0.0,0.0,0.0,real_stats
Lamar Jackson,QB,BAL,3629.1658653846152,30.551923076923075,633.4276442307693,3.3661057692307694,0.0,0.0,0.0,0.0,0.0,0.25,0.0,0.0,0.0,0.0,0.0,0.0,0.0,0.0,0.0,0.0,0.0,real_stats
Las Vegas Raiders,DEF,LV,0.0,0.0,0.0,0.0,0.0,0.0,0.0,0.0,0.0,0.0,0.0,0.0,0.0,0.0,0.0,0.0,0.0,0.0,0.0,0.0,417.34999999999997,real_stats
LeQuint Allen Jr.,RB,JAX,0.0,0.0,94.0,0.0,10.0,54.0,0.0,0.0,0.0,0.0,0.0,0.0,0.0,0.0,0.0,0.0,0.0,0.0,0.0,0.0,0.0,real_stats
Lil'Jordan Humphrey,WR,DEN,0.0,0.0,0.0,0.0,24.71764705882353,273.3764705882353,1.4941176470588236,0.0,0.0,0.0,0.0,0.0,0.0,0.0,0.0,0.0,0.0,0.0,0.0,0.0,0.0,real_stats
Los Angeles Chargers,DEF,LAC,0.0,0.0,0.0,0.0,0.0,0.0,0.0,0.0,0.0,0.0,0.0,0.0,0.0,0.0,0.0,0.0,0.0,0.0,0.0,0.0,338.95,real_stats
Los Angeles Rams,DEF,LAR,0.0,0.0,0.0,0.0,0.0,0.0,0.0,0.0,0.0,0.0,0.0,0.0,0.0,0.0,0.0,0.0,0.0,0.0,0.0,0.0,360.65,real_stats
Lucas Havrisik,K,GB,0.0,0.0,0.0,0.0,0.0,0.0,0.0,0.0,0.0,0.0,0.0,3.022222222222222,10.2,5.288888888888888,5.288888888888888,38.91111111111112,0.0,0.0,0.0,0.0,0.0,real_stats
Luke Farrell,TE,SF,0.0,0.0,0.0,0.0,11.0,85.0,2.0,0.0,0.0,0.0,0.0,0.0,0.0,0.0,0.0,0.0,0.0,0.0,0.0,0.0,0.0,real_stats
Kameron Johnson,WR,TB,0.0,0.0,20.176470588235293,0.0,2.8235294117647056,45.17647058823529,0.7058823529411764,0.0,0.0,0.0,0.0,0.0,0.0,0.0,0.0,0.0,0.0,0.0,0.0,0.0,0.0,real_stats
Kansas City Chiefs,DEF,KC,0.0,0.0,0.0,0.0,0.0,0.0,0.0,0.0,0.0,0.0,0.0,0.0,0.0,0.0,0.0,0.0,0.0,0.0,0.0,0.0,322.4,real_stats
Kareem Hunt,RB,KC,0.0,0.0,674.4699999999999,8.618461538461537,20.86923076923077,157.61846153846153,0.6,0.0,0.0,0.0,0.0,0.0,0.0,0.0,0.0,0.0,0.0,0.0,0.0,0.0,0.0,real_stats
Ke'Shawn Williams,WR,CIN,0.0,0.0,15.454545454545453,0.0,1.5454545454545454,7.727272727272727,0.0,0.0,0.0,0.0,0.0,0.0,0.0,0.0,0.0,0.0,0.0,0.0,0.0,0.0,0.0,real_stats
Keaton Mitchell,RB,LAC,0.0,0.0,419.2788461538462,1.4221153846153847,10.780288461538461,102.87451923076922,0.0,0.0,0.0,0.0,0.0,0.0,0.0,0.0,0.0,0.0,0.0,0.0,0.0,0.0,0.0,real_stats
Keenan Allen,WR,LAC,9.611538461538462,0.19615384615384618,1.176923076923077,0.0,89.61794871794874,920.8192307692307,5.756410256410256,0.0,0.0,0.0,0.0,0.0,0.0,0.0,0.0,0.0,0.0,0.0,0.0,0.0,0.0,real_stats
Kendre Miller,RB,NO,0.0,0.0,435.7869047619048,2.48422619047619,14.014880952380953,104.38303571428571,0.0,0.0,0.0,0.0,0.0,0.0,0.0,0.0,0.0,0.0,0.0,0.0,0.0,0.0,0.0,real_stats
Kene Nwangwu,RB,NYJ,0.0,0.0,60.44444444444444,0.0,0.0,0.0,0.0,0.0,0.0,0.0,0.0,0.0,0.0,0.0,0.0,0.0,0.0,0.0,0.0,0.0,0.0,real_stats
Kenneth Walker III,RB,KC,0.0,0.0,972.9875,6.839166666666667,39.821666666666665,319.12583333333333,0.5241666666666667,0.0,0.0,0.0,0.0,0.0,0.0,0.0,0.0,0.0,0.0,0.0,0.0,0.0,0.0,real_stats
Kenny Gainwell,RB,TB,2.7093749999999996,0.0,452.71250000000003,3.56875,52.58125,349.765625,1.8,0.0,0.0,0.159375,0.0,0.0,0.0,0.0,0.0,0.0,0.0,0.0,0.0,0.0,0.0,real_stats
Kenny Pickett,QB,CAR,1006.8249999999999,4.675,61.62499999999999,1.0625,0.0,0.0,0.0,0.0,0.0,0.0,0.0,0.0,0.0,0.0,0.0,0.0,0.0,0.0,0.0,0.0,0.0,real_stats
Keon Coleman,WR,BUF,0.0,0.0,3.4615384615384617,0.0,46.230769230769226,586.7692307692307,5.230769230769231,0.0,0.0,1.3076923076923077,0.0,0.0,0.0,0.0,0.0,0.0,0.0,0.0,0.0,0.0,0.0,real_stats
Kevin Austin Jr.,WR,NO,0.0,0.0,5.625,0.0,26.375,304.375,1.5,0.0,0.0,0.0,0.0,0.0,0.0,0.0,0.0,0.0,0.0,0.0,0.0,0.0,0.0,real_stats
Khalil Herbert,RB,NYJ,0.0,0.0,245.07321428571427,0.7285714285714285,8.742857142857144,41.892857142857146,0.2125,0.0,0.0,0.2125,0.0,0.0,0.0,0.0,0.0,0.0,0.0,0.0,0.0,0.0,0.0,real_stats
Khalil Shakir,WR,BUF,0.0,0.0,5.820833333333334,0.0,73.28333333333333,782.6291666666666,3.9833333333333334,0.0,0.0,0.0,0.0,0.0,0.0,0.0,0.0,0.0,0.0,0.0,0.0,0.0,0.0,real_stats
Kimani Vidal,RB,LAC,0.0,0.0,671.0384615384615,2.769230769230769,17.269230769230774,156.53846153846152,1.423076923076923,0.0,0.0,0.0,0.0,0.0,0.0,0.0,0.0,0.0,0.0,0.0,0.0,0.0,0.0,real_stats
Josh Williams,RB,TB,0.0,0.0,62.33333333333333,0.0,0.0,0.0,0.0,0.0,0.0,0.0,0.0,0.0,0.0,0.0,0.0,0.0,0.0,0.0,0.0,0.0,0.0,real_stats
Joshua Karty,K,ARI,0.0,0.0,0.0,0.0,0.0,0.0,0.0,0.0,0.0,0.0,0.0,7.441176470588236,7.147058823529411,5.676470588235294,3.264705882352941,43.911764705882355,0.0,0.0,0.0,0.0,0.0,real_stats
Joshua Palmer,WR,BUF,0.0,0.0,1.8545454545454543,0.0,36.67878787878788,522.9818181818182,0.6181818181818182,0.0,0.0,0.0,0.0,0.0,0.0,0.0,0.0,0.0,0.0,0.0,0.0,0.0,0.0,real_stats
JuJu Smith-Schuster,WR,NYG,0.0,0.0,0.0,0.0,31.987012987012985,337.39772727272725,1.438961038961039,0.0,0.0,0.0,0.0,0.0,0.0,0.0,0.0,0.0,0.0,0.0,0.0,0.0,0.0,real_stats
Jude McAtamney,K,NYG,0.0,0.0,0.0,0.0,0.0,0.0,0.0,0.0,0.0,0.0,0.0,3.0,8.0,0.0,0.0,32.0,0.0,0.0,0.0,0.0,0.0,real_stats
Julian Hill,TE,NE,0.0,0.0,0.0,0.0,16.607142857142858,151.25,0.0,0.0,0.0,0.8571428571428571,0.0,0.0,0.0,0.0,0.0,0.0,0.0,0.0,0.0,0.0,0.0,real_stats
Julius Chestnut,RB,TEN,0.0,0.0,58.235294117647065,0.0,0.5882352941176471,3.235294117647059,0.0,0.0,0.0,0.0,0.0,0.0,0.0,0.0,0.0,0.0,0.0,0.0,0.0,0.0,0.0,real_stats
Justice Hill,RB,BAL,0.0,0.0,221.138125,2.8014583333333336,37.7825,313.72791666666666,2.029375,0.0,0.0,0.0,0.0,0.0,0.0,0.0,0.0,0.0,0.0,0.0,0.0,0.0,0.0,real_stats
Justin Fields,QB,KC,2399.4628205128206,13.196794871794872,685.7647435897435,7.442948717948718,0.0,0.0,0.0,0.0,0.0,2.2666666666666666,0.0,0.0,0.0,0.0,0.0,0.0,0.0,0.0,0.0,0.0,0.0,real_stats
Justin Herbert,QB,LAC,3958.2086538461535,26.24807692307692,438.6980769230769,2.3634615384615385,0.19615384615384618,1.9615384615384617,0.0,0.0,0.0,0.6375,0.0,0.0,0.0,0.0,0.0,0.0,0.0,0.0,0.0,0.0,0.0,real_stats
Justin Jefferson,WR,MIN,5.5,0.0,1.89,0.0,93.49000000000001,1285.92,4.975,0.0,0.0,0.0,0.0,0.0,0.0,0.0,0.0,0.0,0.0,0.0,0.0,0.0,0.0,real_stats
Juwan Johnson,TE,NO,0.0,0.0,0.0,0.0,71.27692307692307,807.4461538461537,3.446153846153847,0.0,0.0,0.0,0.0,0.0,0.0,0.0,0.0,0.0,0.0,0.0,0.0,0.0,0.0,real_stats
Ka'imi Fairbairn,K,HOU,0.0,0.0,0.0,0.0,0.0,0.0,0.0,0.0,0.0,0.0,0.0,9.565,12.354999999999999,12.305000000000001,10.4325,32.0025,0.0,0.0,0.0,0.0,0.0,real_stats
KaVontae Turpin,WR,DAL,0.0,0.0,101.05125,0.159375,27.3425,394.52062499999994,2.3381250000000002,0.0,0.0,0.0,0.0,0.0,0.0,0.0,0.0,0.0,0.0,0.0,0.0,0.0,0.0,real_stats
Kaleb Johnson,RB,PIT,0.0,0.0,117.3,0.0,1.7000000000000002,15.300000000000002,0.0,0.0,0.0,0.0,0.0,0.0,0.0,0.0,0.0,0.0,0.0,0.0,0.0,0.0,0.0,real_stats
Kalif Raymond,WR,CHI,0.0,0.0,24.169999999999998,0.0,27.590833333333336,346.0158333333333,1.5383333333333333,0.0,0.0,0.0,0.0,0.0,0.0,0.0,0.0,0.0,0.0,0.0,0.0,0.0,0.0,real_stats
Joe Milton III,QB,DAL,1754.0000000000002,8.0,230.0,5.0,0.0,0.0,0.0,0.0,0.0,0.0,0.0,0.0,0.0,0.0,0.0,0.0,0.0,0.0,0.0,0.0,0.0,real_stats
Joey Slye,K,TEN,0.0,0.0,0.0,0.0,0.0,0.0,0.0,0.0,0.0,0.0,0.0,5.375,7.375,6.7625,7.687499999999999,27.625,0.0,0.0,0.0,0.0,0.0,real_stats
John Bates,TE,WSH,0.0,0.0,0.0,0.0,11.152941176470588,107.10588235294117,0.8,0.0,0.0,0.0,0.0,0.0,0.0,0.0,0.0,0.0,0.0,0.0,0.0,0.0,0.0,real_stats
John Metchie III,WR,CAR,0.0,0.0,-3.75,0.0,33.98076923076923,303.19230769230774,1.8846153846153846,0.0,0.0,0.0,0.0,0.0,0.0,0.0,0.0,0.0,0.0,0.0,0.0,0.0,0.0,real_stats
Johnny Mundt,TE,PHI,0.0,0.0,0.0,0.0,12.338235294117649,125.01470588235293,0.5882352941176471,0.0,0.0,0.0,0.0,0.0,0.0,0.0,0.0,0.0,0.0,0.0,0.0,0.0,0.0,real_stats
Jonathan Taylor,RB,IND,0.0,0.0,1574.3657142857141,15.924285714285713,37.909285714285716,307.1007142857143,1.7585714285714287,0.0,0.0,0.6,0.0,0.0,0.0,0.0,0.0,0.0,0.0,0.0,0.0,0.0,0.0,real_stats
Jonnu Smith,TE,PIT,0.0,0.0,41.74999999999999,0.6,52.3,441.5,3.65,0.0,0.0,0.0,0.0,0.0,0.0,0.0,0.0,0.0,0.0,0.0,0.0,0.0,0.0,real_stats
Jordan Addison,WR,MIN,0.0,0.0,64.98095238095237,1.0119047619047619,58.949999999999996,828.995238095238,6.235714285714285,0.0,0.0,0.0,0.0,0.0,0.0,0.0,0.0,0.0,0.0,0.0,0.0,0.0,0.0,real_stats
Jordan Love,QB,GB,3883.146666666667,27.523333333333333,195.88666666666668,0.8833333333333333,0.0,0.0,0.0,0.0,0.0,0.0,0.0,0.0,0.0,0.0,0.0,0.0,0.0,0.0,0.0,0.0,0.0,real_stats
Jordan Mason,RB,MIN,0.0,0.0,793.5625,5.3375,13.270833333333334,69.39166666666667,0.0,0.0,0.0,0.0,0.0,0.0,0.0,0.0,0.0,0.0,0.0,0.0,0.0,0.0,0.0,real_stats
Jordan Whittington,WR,LAR,0.0,0.0,12.470588235294118,0.0,20.03921568627451,218.37254901960785,0.0,0.0,0.0,0.0,0.0,0.0,0.0,0.0,0.0,0.0,0.0,0.0,0.0,0.0,0.0,real_stats
Josh Allen,QB,BUF,3779.45,26.35,558.75,13.65,0.0,1.75,0.25,0.0,0.0,0.0,0.0,0.0,0.0,0.0,0.0,0.0,0.0,0.0,0.0,0.0,0.0,real_stats
Josh Jacobs,RB,GB,0.0,0.0,1121.873846153846,13.766923076923076,40.7376923076923,335.3215384615384,0.9299999999999999,0.0,0.0,0.0,0.0,0.0,0.0,0.0,0.0,0.0,0.0,0.0,0.0,0.0,0.0,real_stats
Josh Johnson,QB,CIN,906.9666666666668,2.4,132.83333333333334,2.4,0.0,0.0,0.0,0.0,0.0,0.0,0.0,0.0,0.0,0.0,0.0,0.0,0.0,0.0,0.0,0.0,0.0,real_stats
Josh Oliver,TE,MIN,0.0,0.0,0.0,0.0,19.73333333333333,213.84999999999997,3.87,0.0,0.0,0.0,0.0,0.0,0.0,0.0,0.0,0.0,0.0,0.0,0.0,0.0,0.0,real_stats
Josh Reynolds,WR,NYJ,0.0,0.0,0.0,0.0,34.57888888888889,388.85111111111104,1.222222222222222,0.0,0.0,2.04,0.0,0.0,0.0,0.0,0.0,0.0,0.0,0.0,0.0,0.0,0.0,real_stats
Jaxon Smith-Njigba,WR,SEA,8.75,0.0,28.099999999999998,0.0,105.85,1452.5,8.1,0.0,0.0,0.0,0.0,0.0,0.0,0.0,0.0,0.0,0.0,0.0,0.0,0.0,0.0,real_stats
Jaxson Dart,QB,NYG,2758.8571428571427,18.214285714285715,591.3571428571429,10.928571428571429,0.0,0.0,0.0,0.0,0.0,0.0,0.0,0.0,0.0,0.0,0.0,0.0,0.0,0.0,0.0,0.0,0.0,real_stats
Jayden Daniels,QB,WSH,3212.8403361344535,21.0672268907563,738.6302521008404,5.193277310924369,0.0,0.0,0.0,0.0,0.0,0.29411764705882354,0.0,0.0,0.0,0.0,0.0,0.0,0.0,0.0,0.0,0.0,0.0,real_stats
Jayden Reed,WR,GB,0.0,0.0,100.51562499999999,0.56875,51.635714285714286,642.2629464285715,4.232142857142858,0.0,0.0,0.159375,0.0,0.0,0.0,0.0,0.0,0.0,0.0,0.0,0.0,0.0,0.0,real_stats
Jaydon Blue,RB,DAL,0.0,0.0,438.6,3.4000000000000004,3.4000000000000004,17.0,0.0,0.0,0.0,0.0,0.0,0.0,0.0,0.0,0.0,0.0,0.0,0.0,0.0,0.0,0.0,real_stats
Jaylen Waddle,WR,DEN,5.1,0.0,23.435714285714287,0.0,70.34761904761903,975.6178571428571,5.120238095238095,0.0,0.0,0.5666666666666667,0.0,0.0,0.0,0.0,0.0,0.0,0.0,0.0,0.0,0.0,0.0,real_stats
Jaylen Warren,RB,PIT,0.0,0.0,873.1083333333333,4.708333333333333,45.416666666666664,355.62083333333334,1.275,0.0,0.0,0.0,0.0,0.0,0.0,0.0,0.0,0.0,0.0,0.0,0.0,0.0,0.0,real_stats
Jaylen Wright,RB,MIA,0.0,0.0,428.59999999999997,2.4,7.0,55.466666666666676,0.0,0.0,0.0,0.0,0.0,0.0,0.0,0.0,0.0,0.0,0.0,0.0,0.0,0.0,0.0,real_stats
Jaylin Lane,WR,WSH,0.0,0.0,7.933333333333333,0.0,18.133333333333333,255.0,0.0,0.0,0.0,0.0,0.0,0.0,0.0,0.0,0.0,0.0,0.0,0.0,0.0,0.0,0.0,real_stats
Jaylin Noel,WR,HOU,0.0,0.0,12.0,0.0,26.0,292.0,2.0,0.0,0.0,0.0,0.0,0.0,0.0,0.0,0.0,0.0,0.0,0.0,0.0,0.0,0.0,real_stats
Jeremy McNichols,RB,WSH,0.0,0.0,232.76470588235293,1.8823529411764706,20.29411764705883,146.2941176470588,0.0,0.0,0.0,1.0,0.0,0.0,0.0,0.0,0.0,0.0,0.0,0.0,0.0,0.0,0.0,real_stats
Jeremy Ruckert,TE,NYJ,0.0,0.0,0.0,0.0,21.529411764705884,157.23529411764707,0.7058823529411764,0.0,0.0,0.0,0.0,0.0,0.0,0.0,0.0,0.0,0.0,0.0,0.0,0.0,0.0,real_stats
Jerome Ford,RB,WSH,0.0,0.0,350.7447802197802,1.5107142857142855,38.232142857142854,196.96895604395607,0.75,0.0,0.0,0.15,0.0,0.0,0.0,0.0,0.0,0.0,0.0,0.0,0.0,0.0,0.0,real_stats
Jimmy Horn Jr.,WR,CAR,0.0,0.0,90.23076923076923,0.0,14.384615384615385,141.23076923076925,0.0,0.0,0.0,0.0,0.0,0.0,0.0,0.0,0.0,0.0,0.0,0.0,0.0,0.0,0.0,real_stats
Joe Burrow,QB,CIN,4124.7699999999995,36.25,124.965,0.5,0.0,0.0,0.0,0.0,0.0,0.0,0.0,0.0,0.0,0.0,0.0,0.0,0.0,0.0,0.0,0.0,0.0,real_stats
Joe Flacco,QB,CIN,3704.7527884615383,24.77423076923077,42.29403846153846,0.7846153846153847,0.0,0.0,0.0,0.0,0.0,0.0,0.0,0.0,0.0,0.0,0.0,0.0,0.0,0.0,0.0,0.0,0.0,real_stats
Jaleel McLaughlin,RB,DEN,0.0,0.0,431.67499999999995,1.6906249999999998,16.125,78.61250000000001,0.83125,0.0,0.0,0.0,0.0,0.0,0.0,0.0,0.0,0.0,0.0,0.0,0.0,0.0,0.0,real_stats
Jalen Coker,WR,CAR,8.636363636363637,0.0,0.0,0.0,50.545454545454554,647.0909090909092,4.181818181818181,0.0,0.0,1.0909090909090908,0.0,0.0,0.0,0.0,0.0,0.0,0.0,0.0,0.0,0.0,0.0,real_stats
Jalen Hurts,QB,PHI,3456.5166666666664,24.4875,537.6375,11.316666666666668,0.0,0.0,0.0,0.0,0.0,0.0,0.0,0.0,0.0,0.0,0.0,0.0,0.0,0.0,0.0,0.0,0.0,real_stats
Jalen McMillan,WR,TB,0.0,0.0,19.538461538461537,0.0,50.23076923076923,711.3076923076924,3.0769230769230775,0.0,0.0,0.0,0.0,0.0,0.0,0.0,0.0,0.0,0.0,0.0,0.0,0.0,0.0,real_stats
Jalen Nailor,WR,LV,0.0,0.0,7.999999999999998,0.0,28.705882352941174,435.17647058823525,4.588235294117648,0.0,0.0,0.7058823529411764,0.0,0.0,0.0,0.0,0.0,0.0,0.0,0.0,0.0,0.0,0.0,real_stats
Jalen Tolbert,WR,MIA,0.0,0.0,0.0,0.0,23.230769230769226,265.96923076923076,1.446153846153846,0.0,0.0,1.0461538461538462,0.0,0.0,0.0,0.0,0.0,0.0,0.0,0.0,0.0,0.0,0.0,real_stats
Jamari Thrash,WR,CLE,0.0,0.0,0.0,0.0,18.88888888888889,202.11111111111111,0.0,0.0,0.0,0.0,0.0,0.0,0.0,0.0,0.0,0.0,0.0,0.0,0.0,0.0,0.0,real_stats
Jameis Winston,QB,NYG,2775.1589285714285,12.132738095238093,105.41011904761903,3.7541666666666664,3.4,112.19999999999999,3.4,0.0,0.0,0.0,0.0,0.0,0.0,0.0,0.0,0.0,0.0,0.0,0.0,0.0,0.0,real_stats
James Conner,RB,ARI,0.0,0.0,817.59375,6.898076923076923,44.980528846153845,271.5341346153846,4.057932692307692,0.0,0.0,0.53125,0.0,0.0,0.0,0.0,0.0,0.0,0.0,0.0,0.0,0.0,0.0,real_stats
James Cook III,RB,BUF,0.0,0.0,1408.9156249999999,11.75,34.9,309.88124999999997,2.3312500000000003,0.0,0.0,0.0,0.0,0.0,0.0,0.0,0.0,0.0,0.0,0.0,0.0,0.0,0.0,real_stats
Jameson Williams,WR,DET,0.0,0.0,30.645833333333336,0.49583333333333335,60.53333333333333,1029.0416666666667,6.6083333333333325,0.0,0.0,0.0,0.0,0.0,0.0,0.0,0.0,0.0,0.0,0.0,0.0,0.0,0.0,real_stats
Jared Goff,QB,DET,4581.9,34.15,44.14999999999999,0.3,0.25,1.75,0.25,0.0,0.0,0.0,0.0,0.0,0.0,0.0,0.0,0.0,0.0,0.0,0.0,0.0,0.0,real_stats
Jaret Patterson,RB,LAC,0.0,0.0,450.5,2.833333333333333,8.5,22.666666666666664,0.0,0.0,0.0,0.0,0.0,0.0,0.0,0.0,0.0,0.0,0.0,0.0,0.0,0.0,0.0,real_stats
Jason Myers,K,SEA,0.0,0.0,0.0,0.0,0.0,0.0,0.0,0.0,0.0,0.0,0.0,5.2,11.55,11.349999999999998,8.25,43.0,0.0,0.0,0.0,0.0,0.0,real_stats
Javonte Williams,RB,DAL,0.0,0.0,1017.2437500000001,8.490625,42.803124999999994,210.175,1.59375,0.0,0.0,0.31875,0.0,0.0,0.0,0.0,0.0,0.0,0.0,0.0,0.0,0.0,0.0,real_stats
Jawhar Jordan,RB,HOU,0.0,0.0,820.25,0.0,29.750000000000004,144.5,0.0,0.0,0.0,0.0,0.0,0.0,0.0,0.0,0.0,0.0,0.0,0.0,0.0,0.0,0.0,real_stats
Jacardia Wright,RB,SEA,0.0,0.0,340.0,0.0,0.0,0.0,0.0,0.0,0.0,0.0,0.0,0.0,0.0,0.0,0.0,0.0,0.0,0.0,0.0,0.0,0.0,real_stats
Jack Bech,WR,LV,0.0,0.0,0.0,0.0,21.25,238.00000000000003,0.0,0.0,0.0,0.0,0.0,0.0,0.0,0.0,0.0,0.0,0.0,0.0,0.0,0.0,0.0,real_stats
Jackson Hawes,TE,BUF,0.0,0.0,0.0,0.0,16.0,187.0,3.0,0.0,0.0,0.0,0.0,0.0,0.0,0.0,0.0,0.0,0.0,0.0,0.0,0.0,0.0,real_stats
Jacksonville Jaguars,DEF,JAX,0.0,0.0,0.0,0.0,0.0,0.0,0.0,0.0,0.0,0.0,0.0,0.0,0.0,0.0,0.0,0.0,0.0,0.0,0.0,0.0,366.0,real_stats
Jacob Saylors,RB,DET,0.0,0.0,11.6875,0.0,0.0,0.0,0.0,0.0,0.0,0.0,0.0,0.0,0.0,0.0,0.0,0.0,0.0,0.0,0.0,0.0,0.0,real_stats
Jacoby Brissett,QB,ARI,3081.5839285714287,20.369642857142857,171.48749999999998,0.7285714285714284,0.0,0.0,0.0,0.0,0.0,0.0,0.0,0.0,0.0,0.0,0.0,0.0,0.0,0.0,0.0,0.0,0.0,real_stats
Jacory Croskey-Merritt,RB,WSH,0.0,0.0,805.0,8.0,9.0,68.0,0.0,0.0,0.0,0.0,0.0,0.0,0.0,0.0,0.0,0.0,0.0,0.0,0.0,0.0,0.0,real_stats
Jahan Dotson,WR,ATL,0.0,0.0,3.25,0.0,22.9,288.9,1.2,0.0,0.0,0.0,0.0,0.0,0.0,0.0,0.0,0.0,0.0,0.0,0.0,0.0,0.0,real_stats
Jahdae Walker,WR,CHI,0.0,0.0,0.0,0.0,11.333333333333332,164.33333333333331,3.777777777777778,0.0,0.0,0.0,0.0,0.0,0.0,0.0,0.0,0.0,0.0,0.0,0.0,0.0,0.0,real_stats
Jahmyr Gibbs,RB,DET,0.0,0.0,1247.4499999999998,13.499999999999996,68.03999999999999,552.5699999999999,4.17,0.0,0.0,0.0,0.0,0.0,0.0,0.0,0.0,0.0,0.0,0.0,0.0,0.0,0.0,real_stats
Jake Bates,K,DET,0.0,0.0,0.0,0.0,0.0,0.0,0.0,0.0,0.0,0.0,0.0,5.11764705882353,8.588235294117649,8.411764705882353,4.588235294117648,56.94117647058823,0.0,0.0,0.0,0.0,0.0,real_stats
Jake Browning,QB,TB,2828.4977777777776,20.85333333333333,154.0577777777778,3.853333333333333,0.37777777777777777,-2.6444444444444444,0.0,0.0,0.0,0.0,0.0,0.0,0.0,0.0,0.0,0.0,0.0,0.0,0.0,0.0,0.0,real_stats
Jake Elliott,K,PHI,0.0,0.0,0.0,0.0,0.0,0.0,0.0,0.0,0.0,0.0,0.0,5.3999999999999995,7.15,7.25,3.7,43.099999999999994,0.0,0.0,0.0,0.0,0.0,real_stats
Jake Moody,K,WSH,0.0,0.0,0.0,0.0,0.0,0.0,0.0,0.0,0.0,0.0,0.0,9.448809523809524,10.651190476190475,8.088095238095237,3.780952380952381,35.714285714285715,0.0,0.0,0.0,0.0,0.0,real_stats
Jake Tonges,TE,SF,0.0,0.0,0.0,0.0,34.0,293.0,5.0,0.0,0.0,0.0,0.0,0.0,0.0,0.0,0.0,0.0,0.0,0.0,0.0,0.0,0.0,real_stats
Jakobi Meyers,WR,JAX,1.9124999999999999,0.159375,18.62916666666667,0.31875,83.77812499999999,951.9114583333334,4.320833333333333,0.0,0.0,0.2833333333333333,0.0,0.0,0.0,0.0,0.0,0.0,0.0,0.0,0.0,0.0,0.0,real_stats
Isaiah Hodgins,WR,NYG,0.0,0.0,0.0,0.0,23.628571428571423,269.4285714285714,2.5428571428571427,0.0,0.0,0.0,0.0,0.0,0.0,0.0,0.0,0.0,0.0,0.0,0.0,0.0,0.0,real_stats
Isaiah Likely,TE,NYG,0.0,0.0,0.0,0.0,35.32767857142857,412.02455357142856,3.0723214285714286,0.0,0.0,0.0,0.0,0.0,0.0,0.0,0.0,0.0,0.0,0.0,0.0,0.0,0.0,real_stats
Isaiah Williams,WR,NYJ,0.0,0.0,38.53333333333333,0.0,29.46666666666667,218.73333333333335,0.0,0.0,0.0,0.0,0.0,0.0,0.0,0.0,0.0,0.0,0.0,0.0,0.0,0.0,0.0,real_stats
Isiah Pacheco,RB,DET,0.0,0.0,721.0101648351648,2.6667582417582416,30.207692307692305,171.6532967032967,1.1489010989010988,0.0,0.0,0.0,0.0,0.0,0.0,0.0,0.0,0.0,0.0,0.0,0.0,0.0,0.0,real_stats
J.J. McCarthy,QB,MIN,2774.3999999999996,18.700000000000003,307.70000000000005,6.800000000000001,0.0,0.0,0.0,0.0,0.0,0.0,0.0,0.0,0.0,0.0,0.0,0.0,0.0,0.0,0.0,0.0,0.0,real_stats
J.K. Dobbins,RB,DEN,0.0,0.0,1139.4053846153845,9.572307692307692,26.78153846153846,126.00923076923077,0.0,0.0,0.0,0.0,0.0,0.0,0.0,0.0,0.0,0.0,0.0,0.0,0.0,0.0,0.0,real_stats
Ja'Marr Chase,WR,CIN,-1.115625,0.0,15.96875,0.0,127.375,1520.95,10.465625,0.0,0.0,0.0,0.0,0.0,0.0,0.0,0.0,0.0,0.0,0.0,0.0,0.0,0.0,real_stats
Ja'Tavion Sanders,TE,CAR,0.0,0.0,0.0,0.0,37.08173076923077,282.2596153846154,1.2355769230769231,0.0,0.0,0.0,0.0,0.0,0.0,0.0,0.0,0.0,0.0,0.0,0.0,0.0,0.0,real_stats
Elijah Arroyo,TE,SEA,0.0,0.0,0.0,0.0,19.615384615384613,234.07692307692312,1.3076923076923077,0.0,0.0,0.0,0.0,0.0,0.0,0.0,0.0,0.0,0.0,0.0,0.0,0.0,0.0,real_stats
Elijah Higgins,TE,ARI,0.0,0.0,0.0,0.0,27.058823529411768,263.05882352941177,0.5882352941176471,0.0,0.0,0.0,0.0,0.0,0.0,0.0,0.0,0.0,0.0,0.0,0.0,0.0,0.0,real_stats
Elijah Moore,WR,PHI,0.0,0.0,38.46666666666667,1.511111111111111,25.4,297.2444444444444,0.4,0.0,0.0,0.0,0.0,0.0,0.0,0.0,0.0,0.0,0.0,0.0,0.0,0.0,0.0,real_stats
Emanuel Wilson,RB,SEA,0.0,0.0,454.0642857142857,2.8,13.207142857142857,79.77857142857141,0.25,0.0,0.0,0.6,0.0,0.0,0.0,0.0,0.0,0.0,0.0,0.0,0.0,0.0,0.0,real_stats
Emari Demercado,RB,KC,0.0,0.0,369.43241758241754,0.6912087912087911,19.255769230769232,134.92115384615386,0.7846153846153847,0.0,0.0,0.0,0.0,0.0,0.0,0.0,0.0,0.0,0.0,0.0,0.0,0.0,0.0,real_stats
Emeka Egbuka,WR,TB,0.0,0.0,9.0,0.0,63.0,938.0000000000002,6.0,0.0,0.0,1.0,0.0,0.0,0.0,0.0,0.0,0.0,0.0,0.0,0.0,0.0,0.0,real_stats
Evan Hull,RB,HOU,0.0,0.0,136.0,0.0,2.833333333333333,17.0,0.0,0.0,0.0,0.0,0.0,0.0,0.0,0.0,0.0,0.0,0.0,0.0,0.0,0.0,0.0,real_stats
Evan McPherson,K,CIN,0.0,0.0,0.0,0.0,0.0,0.0,0.0,0.0,0.0,0.0,0.0,5.275,5.916666666666666,8.262500000000001,5.112500000000001,43.704166666666666,0.0,0.0,0.0,0.0,0.0,real_stats
Gabe Davis,WR,BUF,0.0,0.0,-0.3,0.0,35.64999999999999,432.775,3.5999999999999996,0.0,0.0,0.15,0.0,0.0,0.0,0.0,0.0,0.0,0.0,0.0,0.0,0.0,0.0,real_stats
Garrett Wilson,WR,NYJ,0.0,0.0,1.25,0.0,91.95714285714286,1007.8714285714285,8.028571428571427,0.0,0.0,0.25,0.0,0.0,0.0,0.0,0.0,0.0,0.0,0.0,0.0,0.0,0.0,real_stats
Geno Smith,QB,NYJ,3753.08,21.569999999999997,168.47,0.67,0.17,-0.34,0.0,0.0,0.0,0.0,0.0,0.0,0.0,0.0,0.0,0.0,0.0,0.0,0.0,0.0,0.0,real_stats
George Holani,RB,SEA,0.0,0.0,89.63636363636365,1.0909090909090908,3.1818181818181817,15.363636363636363,0.0,0.0,0.0,0.0,0.0,0.0,0.0,0.0,0.0,0.0,0.0,0.0,0.0,0.0,0.0,real_stats
George Pickens,WR,DAL,0.0,0.0,0.8785714285714286,0.0,83.16071428571428,1301.6142857142859,7.060714285714285,0.0,0.0,0.6,0.0,0.0,0.0,0.0,0.0,0.0,0.0,0.0,0.0,0.0,0.0,real_stats
Graham Gano,K,NYG,0.0,0.0,0.0,0.0,0.0,0.0,0.0,0.0,0.0,0.0,0.0,7.6075,9.54125,4.69625,3.84625,27.285,0.0,0.0,0.0,0.0,0.0,real_stats
Green Bay Packers,DEF,GB,0.0,0.0,0.0,0.0,0.0,0.0,0.0,0.0,0.0,0.0,0.0,0.0,0.0,0.0,0.0,0.0,0.0,0.0,0.0,0.0,353.0,real_stats
Greg Dortch,WR,DET,0.0,0.0,21.296875,0.85,37.724999999999994,305.22499999999997,3.61875,0.0,0.0,0.0,0.0,0.0,0.0,0.0,0.0,0.0,0.0,0.0,0.0,0.0,0.0,real_stats
Derrick Henry,RB,BAL,2.0999999999999996,0.3,1612.3,15.4,17.95,170.35,0.5,0.0,0.0,0.0,0.0,0.0,0.0,0.0,0.0,0.0,0.0,0.0,0.0,0.0,0.0,real_stats
Detroit Lions,DEF,DET,0.0,0.0,0.0,0.0,0.0,0.0,0.0,0.0,0.0,0.0,0.0,0.0,0.0,0.0,0.0,0.0,0.0,0.0,0.0,0.0,392.5499999999999,real_stats
Devaughn Vele,WR,NO,0.0,0.0,0.0,0.0,38.84615384615385,453.1538461538462,3.000000000000001,0.0,0.0,0.0,0.0,0.0,0.0,0.0,0.0,0.0,0.0,0.0,0.0,0.0,0.0,real_stats
Devin Neal,RB,NO,0.0,0.0,350.20000000000005,3.4000000000000004,28.900000000000002,176.8,0.0,0.0,0.0,0.0,0.0,0.0,0.0,0.0,0.0,0.0,0.0,0.0,0.0,0.0,0.0,real_stats
Devin Singletary,RB,NYG,0.9,0.15,520.7166666666667,4.733333333333333,21.25,153.26666666666665,0.0,0.0,0.0,0.0,0.0,0.0,0.0,0.0,0.0,0.0,0.0,0.0,0.0,0.0,0.0,real_stats
Devontez Walker,WR,BAL,0.0,0.0,0.0,0.0,8.5,192.66666666666669,4.25,0.0,0.0,0.0,0.0,0.0,0.0,0.0,0.0,0.0,0.0,0.0,0.0,0.0,0.0,real_stats
Dillon Gabriel,QB,CLE,1592.9,11.899999999999999,146.2,0.0,0.0,0.0,0.0,0.0,0.0,0.0,0.0,0.0,0.0,0.0,0.0,0.0,0.0,0.0,0.0,0.0,0.0,real_stats
Dont'e Thornton Jr.,WR,LV,0.0,0.0,0.0,0.0,11.333333333333332,153.0,0.0,0.0,0.0,0.0,0.0,0.0,0.0,0.0,0.0,0.0,0.0,0.0,0.0,0.0,0.0,real_stats
Dontayvion Wicks,WR,PHI,2.38,0.0,4.541428571428571,0.0,38.23714285714285,444.4057142857143,3.3871428571428566,0.0,0.0,0.0,0.0,0.0,0.0,0.0,0.0,0.0,0.0,0.0,0.0,0.0,0.0,real_stats
Drake London,WR,ATL,3.5062499999999996,0.0,-0.75,0.0,93.796875,1243.134375,8.51875,0.0,0.0,1.009375,0.0,0.0,0.0,0.0,0.0,0.0,0.0,0.0,0.0,0.0,0.0,real_stats
Drake Maye,QB,NE,3977.031674208145,27.65158371040724,479.57013574660635,3.5927601809954752,0.7058823529411764,1.4117647058823528,0.0,0.0,0.0,0.7058823529411764,0.0,0.0,0.0,0.0,0.0,0.0,0.0,0.0,0.0,0.0,0.0,real_stats
Drew Sample,TE,CIN,0.0,0.0,0.9411764705882353,0.0,16.470588235294116,106.88235294117648,1.0,0.0,0.0,0.0,0.0,0.0,0.0,0.0,0.0,0.0,0.0,0.0,0.0,0.0,0.0,real_stats
Dyami Brown,WR,WSH,0.6,0.0,28.763392857142854,0.0,24.34017857142857,272.3982142857143,1.1441964285714286,0.0,0.0,0.0,0.0,0.0,0.0,0.0,0.0,0.0,0.0,0.0,0.0,0.0,0.0,real_stats
Dylan Laube,RB,LV,0.0,0.0,9.0,0.0,3.0,18.0,0.0,0.0,0.0,0.0,0.0,0.0,0.0,0.0,0.0,0.0,0.0,0.0,0.0,0.0,0.0,real_stats
Dylan Sampson,RB,CLE,0.0,0.0,198.33333333333331,0.0,37.400000000000006,307.1333333333333,2.2666666666666666,0.0,0.0,0.0,0.0,0.0,0.0,0.0,0.0,0.0,0.0,0.0,0.0,0.0,0.0,real_stats
Eddy Pineiro,K,SF,0.0,0.0,0.0,0.0,0.0,0.0,0.0,0.0,0.0,0.0,0.0,6.412857142857143,8.29,9.975714285714286,5.471428571428571,35.91142857142857,0.0,0.0,0.0,0.0,0.0,real_stats
Davante Adams,WR,LAR,0.0,0.0,0.0,0.0,84.96785714285714,1069.1392857142855,13.82857142857143,0.0,0.0,0.30357142857142855,0.0,0.0,0.0,0.0,0.0,0.0,0.0,0.0,0.0,0.0,0.0,real_stats
David Montgomery,RB,HOU,2.7107142857142854,0.9035714285714286,849.7428571428572,10.810714285714285,28.24285714285714,240.0285714285714,0.0,0.0,0.0,0.782142857142857,0.0,0.0,0.0,0.0,0.0,0.0,0.0,0.0,0.0,0.0,0.0,real_stats
David Moore,WR,CAR,0.0,0.0,30.599999999999998,0.0,12.37142857142857,134.74285714285713,1.1142857142857143,0.0,0.0,0.0,0.0,0.0,0.0,0.0,0.0,0.0,0.0,0.0,0.0,0.0,0.0,real_stats
David Njoku,TE,LAC,0.0,0.0,0.0,0.0,54.6125,519.4916666666667,5.808333333333333,0.0,0.0,0.0,0.0,0.0,0.0,0.0,0.0,0.0,0.0,0.0,0.0,0.0,0.0,real_stats
David Sills V,WR,TB,0.0,0.0,0.0,0.0,18.0,191.0,2.0,0.0,0.0,0.0,0.0,0.0,0.0,0.0,0.0,0.0,0.0,0.0,0.0,0.0,0.0,real_stats
Davis Allen,TE,LAR,0.0,0.0,0.0,0.0,21.466666666666665,187.9333333333333,2.6266666666666665,0.0,0.0,0.0,0.0,0.0,0.0,0.0,0.0,0.0,0.0,0.0,0.0,0.0,0.0,real_stats
Davis Mills,QB,HOU,1854.275,9.350000000000001,117.51249999999999,1.7,0.0,0.0,0.0,0.0,0.0,0.0,0.0,0.0,0.0,0.0,0.0,0.0,0.0,0.0,0.0,0.0,0.0,real_stats
Dawson Knox,TE,BUF,0.0,0.0,0.0,0.0,32.286764705882355,391.5404411764706,3.136029411764706,0.0,0.0,0.7058823529411764,0.0,0.0,0.0,0.0,0.0,0.0,0.0,0.0,0.0,0.0,0.0,real_stats
De'Von Achane,RB,MIA,0.0,0.0,1272.8295454545455,8.454545454545455,68.4715909090909,504.7681818181818,4.745454545454546,0.0,0.0,0.0,0.0,0.0,0.0,0.0,0.0,0.0,0.0,0.0,0.0,0.0,0.0,real_stats
DeAndre Hopkins,WR,BAL,0.0,0.0,1.3499999999999999,0.0,39.324999999999996,518.5812500000001,3.578125,0.0,0.0,0.0,0.0,0.0,0.0,0.0,0.0,0.0,0.0,0.0,0.0,0.0,0.0,real_stats
DeMario Douglas,WR,NE,0.0,0.0,24.06785714285714,0.0,44.025000000000006,525.6321428571429,2.55,0.0,0.0,0.0,0.0,0.0,0.0,0.0,0.0,0.0,0.0,0.0,0.0,0.0,0.0,real_stats
DeVonta Smith,WR,PHI,0.0,0.0,0.3269230769230769,0.0,81.34014423076924,1047.0206730769232,6.131009615384615,0.0,0.0,0.0,0.0,0.0,0.0,0.0,0.0,0.0,0.0,0.0,0.0,0.0,0.0,real_stats
DeeJay Dallas,RB,JAX,0.0,0.0,53.35,0.0,1.6500000000000001,6.649999999999999,0.25,0.0,0.0,0.0,0.0,0.0,0.0,0.0,0.0,0.0,0.0,0.0,0.0,0.0,0.0,real_stats
Deebo Samuel,WR,WSH,0.0,0.0,124.59583333333333,1.7708333333333333,70.55,804.9358333333332,5.2275,0.0,0.0,0.0,0.0,0.0,0.0,0.0,0.0,0.0,0.0,0.0,0.0,0.0,0.0,real_stats
Demarcus Robinson,WR,SF,0.0,0.0,10.716071428571427,0.0,26.89642857142857,346.95178571428573,1.8214285714285714,0.0,0.0,0.9714285714285713,0.0,0.0,0.0,0.0,0.0,0.0,0.0,0.0,0.0,0.0,0.0,real_stats
Denver Broncos,DEF,DEN,0.0,0.0,0.0,0.0,0.0,0.0,0.0,0.0,0.0,0.0,0.0,0.0,0.0,0.0,0.0,0.0,0.0,0.0,0.0,0.0,326.29999999999995,real_stats
D'Ernest Johnson,RB,NE,0.0,0.0,91.48571428571428,0.0,5.142857142857142,50.14285714285714,0.0,0.0,0.0,0.0,0.0,0.0,0.0,0.0,0.0,0.0,0.0,0.0,0.0,0.0,0.0,real_stats
DJ Giddens,RB,IND,0.0,0.0,181.33333333333331,0.0,0.0,0.0,0.0,0.0,0.0,0.0,0.0,0.0,0.0,0.0,0.0,0.0,0.0,0.0,0.0,0.0,0.0,real_stats
DJ Moore,WR,BUF,1.2,0.6,69.30000000000001,0.7499999999999999,68.89999999999999,855.3,6.300000000000001,0.0,0.0,0.25,0.0,0.0,0.0,0.0,0.0,0.0,0.0,0.0,0.0,0.0,0.0,real_stats
DK Metcalf,WR,PIT,0.0,0.0,8.16,0.68,69.33874999999999,1036.6104166666667,6.7716666666666665,0.0,0.0,0.0,0.0,0.0,0.0,0.0,0.0,0.0,0.0,0.0,0.0,0.0,0.0,real_stats
Dak Prescott,QB,DAL,4459.4125,29.24375,171.1875,2.03125,0.0,0.0,0.0,0.0,0.0,0.0,0.0,0.0,0.0,0.0,0.0,0.0,0.0,0.0,0.0,0.0,0.0,real_stats
Dallas Cowboys,DEF,DAL,0.0,0.0,0.0,0.0,0.0,0.0,0.0,0.0,0.0,0.0,0.0,0.0,0.0,0.0,0.0,0.0,0.0,0.0,0.0,0.0,470.84999999999997,real_stats
Dalton Schultz,TE,HOU,0.0,0.0,0.0,0.0,78.97333333333333,765.5333333333333,3.5333333333333337,0.0,0.0,0.0,0.0,0.0,0.0,0.0,0.0,0.0,0.0,0.0,0.0,0.0,0.0,real_stats
Dameon Pierce,RB,PHI,0.0,0.0,262.41597402597404,1.1370129870129868,3.140584415584416,19.169155844155842,0.0,0.1821428571428571,0.0,0.0,0.0,0.0,0.0,0.0,0.0,0.0,0.0,0.0,0.0,0.0,0.0,real_stats
Daniel Bellinger,TE,TEN,0.0,0.0,0.0,0.0,19.362500000000004,251.825,1.275,0.0,0.0,0.0,0.0,0.0,0.0,0.0,0.0,0.0,0.0,0.0,0.0,0.0,0.0,real_stats
Daniel Carlson,K,LV,0.0,0.0,0.0,0.0,0.0,0.0,0.0,0.0,0.0,0.0,0.0,7.0,7.250000000000001,6.449999999999999,4.8999999999999995,23.150000000000002,0.0,0.0,0.0,0.0,0.0,real_stats
Daniel Jones,QB,IND,3699.1673076923075,19.157692307692308,328.8519230769231,5.198076923076924,0.0,0.0,0.0,0.0,0.0,0.0,0.0,0.0,0.0,0.0,0.0,0.0,0.0,0.0,0.0,0.0,0.0,real_stats
Dante Pettis,WR,NO,0.0,0.0,0.0,0.0,20.999999999999996,265.5,0.625,0.0,0.0,0.625,0.0,0.0,0.0,0.0,0.0,0.0,0.0,0.0,0.0,0.0,0.0,real_stats
Dare Ogunbowale,RB,HOU,0.0,0.0,50.4375,0.6,11.175000000000002,98.92499999999998,0.25,0.0,0.0,0.0,0.0,0.2125,0.0,0.0,0.0,0.0,0.0,0.0,0.0,0.0,0.0,real_stats
Darius Cooper,WR,PHI,0.0,0.0,0.0,0.0,11.769230769230768,120.30769230769232,0.0,0.0,0.0,0.0,0.0,0.0,0.0,0.0,0.0,0.0,0.0,0.0,0.0,0.0,0.0,real_stats
Darnell Washington,TE,PIT,0.0,0.0,0.0,0.0,28.838235294117645,331.8235294117648,1.0441176470588234,0.0,0.0,0.75,0.0,0.0,0.0,0.0,0.0,0.0,0.0,0.0,0.0,0.0,0.0,real_stats
Darren Waller,TE,MIA,0.0,0.0,6.044444444444444,0.0,51.0,584.0444444444443,9.35,0.0,0.0,0.0,0.0,0.0,0.0,0.0,0.0,0.0,0.0,0.0,0.0,0.0,0.0,real_stats
Chris Rodriguez Jr.,RB,JAX,0.0,0.0,522.4521367521368,6.044444444444444,3.2183760683760685,31.558974358974353,0.0,0.0,0.0,0.0,0.0,0.0,0.0,0.0,0.0,0.0,0.0,0.0,0.0,0.0,0.0,real_stats
Christian Kirk,WR,SF,-0.2125,0.0,1.275,0.0,48.42548076923077,556.1043269230769,1.9533653846153847,0.0,0.0,0.0,0.0,0.0,0.0,0.0,0.0,0.0,0.0,0.0,0.0,0.0,0.0,real_stats
Christian McCaffrey,RB,SF,0.0,0.0,1168.353125,8.231250000000001,87.815625,799.4125,5.315625,0.0,0.0,0.0,0.0,0.0,0.0,0.0,0.0,0.0,0.0,0.0,0.0,0.0,0.0,real_stats
Chuba Hubbard,RB,CAR,0.0,0.0,821.3633333333332,4.263333333333334,38.43333333333333,235.04,2.3233333333333333,0.0,0.0,0.2833333333333333,0.0,0.0,0.0,0.0,0.0,0.0,0.0,0.0,0.0,0.0,0.0,real_stats
Cincinnati Bengals,DEF,CIN,0.0,0.0,0.0,0.0,0.0,0.0,0.0,0.0,0.0,0.0,0.0,0.0,0.0,0.0,0.0,0.0,0.0,0.0,0.0,0.0,461.29999999999995,real_stats
Clayton Tune,QB,GB,242.45238095238093,0.0,125.39523809523808,0.3642857142857142,0.0,0.0,0.0,0.0,0.0,0.3642857142857142,0.0,0.0,0.0,0.0,0.0,0.0,0.0,0.0,0.0,0.0,0.0,real_stats
Cleveland Browns,DEF,CLE,0.0,0.0,0.0,0.0,0.0,0.0,0.0,0.0,0.0,0.0,0.0,0.0,0.0,0.0,0.0,0.0,0.0,0.0,0.0,0.0,390.45000000000005,real_stats
Clyde Edwards-Helaire,RB,KC,0.0,0.0,201.96,0.17,19.465,128.86,0.17,0.0,0.0,0.0,0.0,0.0,0.0,0.0,0.0,0.0,0.0,0.0,0.0,0.0,0.0,real_stats
Cody White,WR,SEA,0.0,0.0,0.0,0.0,5.1,153.0,1.7000000000000002,0.0,0.0,0.0,0.0,0.0,0.0,0.0,0.0,0.0,0.0,0.0,0.0,0.0,0.0,real_stats
Colby Parkinson,TE,LAR,0.0,0.0,0.0,0.0,40.49,387.98999999999995,5.99,0.0,0.0,0.0,0.0,0.0,0.0,0.0,0.0,0.0,0.0,0.0,0.0,0.0,0.0,real_stats
Cole Kmet,TE,CHI,0.0,0.0,0.3,0.0,41.824999999999996,447.5625,3.175,0.0,0.0,0.8875,0.0,0.0,0.0,0.0,0.0,0.0,0.0,0.0,0.0,0.0,0.0,real_stats
Colston Loveland,TE,CHI,0.0,0.0,-2.125,0.0,61.625,757.5625,6.375,0.0,0.0,0.0,0.0,0.0,0.0,0.0,0.0,0.0,0.0,0.0,0.0,0.0,0.0,real_stats
Corey Kiner,RB,ARI,0.0,0.0,246.5,0.0,8.5,63.75,0.0,0.0,0.0,0.0,0.0,0.0,0.0,0.0,0.0,0.0,0.0,0.0,0.0,0.0,0.0,real_stats
Courtland Sutton,WR,DEN,7.5,0.25,0.0,0.0,74.053125,1003.4875,7.793749999999999,0.0,0.0,0.6,0.0,0.0,0.0,0.0,0.0,0.0,0.0,0.0,0.0,0.0,0.0,real_stats
Curtis Samuel,WR,BUF,0.0,0.0,10.465625,0.159375,31.191964285714292,312.2004464285714,2.6410714285714287,0.0,0.0,0.0,0.0,0.0,0.0,0.0,0.0,0.0,0.0,0.0,0.0,0.0,0.0,real_stats
D'Andre Swift,RB,CHI,0.0,0.0,1099.8968750000001,8.034374999999999,38.390625,321.21875000000006,0.796875,0.0,0.0,0.25,0.0,0.0,0.0,0.0,0.0,0.0,0.0,0.0,0.0,0.0,0.0,real_stats
Casey Washington,WR,ATL,0.0,0.0,0.0,0.0,14.571428571428571,228.28571428571428,0.0,0.0,0.0,0.0,0.0,0.0,0.0,0.0,0.0,0.0,0.0,0.0,0.0,0.0,0.0,real_stats
Cedric Tillman,WR,CLE,0.0,0.0,-0.4746753246753248,0.0,31.506468531468528,383.62342657342657,2.728321678321678,0.0,0.0,0.38636363636363635,0.0,0.0,0.0,0.0,0.0,0.0,0.0,0.0,0.0,0.0,0.0,real_stats
CeeDee Lamb,WR,DAL,0.0,0.0,38.2404761904762,0.3,103.5095238095238,1385.3214285714284,5.685714285714285,0.0,0.0,0.43333333333333335,0.0,0.0,0.0,0.0,0.0,0.0,0.0,0.0,0.0,0.0,0.0,real_stats
Chad Ryland,K,ARI,0.0,0.0,0.0,0.0,0.0,0.0,0.0,0.0,0.0,0.0,0.0,5.561538461538462,8.546153846153846,7.2384615384615385,5.207692307692308,33.7,0.0,0.0,0.0,0.0,0.0,real_stats
Charlie Kolar,TE,LAC,0.0,0.0,0.6538461538461539,0.0,10.132307692307691,142.81692307692308,1.6969230769230768,0.0,0.0,0.0,0.0,0.0,0.0,0.0,0.0,0.0,0.0,0.0,0.0,0.0,0.0,real_stats
Charlie Smyth,K,NO,0.0,0.0,0.0,0.0,0.0,0.0,0.0,0.0,0.0,0.0,0.0,2.833333333333333,11.333333333333332,8.5,11.333333333333332,36.83333333333333,0.0,0.0,0.0,0.0,0.0,real_stats
Chase Brown,RB,CIN,0.0,0.0,912.40625,5.4593750000000005,58.71875,390.975,4.275,0.0,0.0,0.865625,0.0,0.0,0.0,0.0,0.0,0.0,0.0,0.0,0.0,0.0,0.0,real_stats
Chase McLaughlin,K,TB,0.0,0.0,0.0,0.0,0.0,0.0,0.0,0.0,0.0,0.0,0.0,7.55,8.95,4.8999999999999995,9.65,37.650000000000006,0.0,0.0,0.0,0.0,0.0,real_stats
Chicago Bears,DEF,CHI,0.0,0.0,0.0,0.0,0.0,0.0,0.0,0.0,0.0,0.0,0.0,0.0,0.0,0.0,0.0,0.0,0.0,0.0,0.0,0.0,398.34999999999997,real_stats
Chimere Dike,WR,TEN,0.0,0.0,18.0,0.0,48.0,423.0,4.0,0.0,0.0,0.0,0.0,0.0,0.0,0.0,0.0,0.0,0.0,0.0,0.0,0.0,0.0,real_stats
Chris Boswell,K,PIT,0.0,0.0,0.0,0.0,0.0,0.0,0.0,0.0,0.0,0.0,0.0,7.2,5.25,8.8,9.55,38.0,0.0,0.0,0.0,0.0,0.0,real_stats
Chris Brooks,RB,GB,0.0,0.0,145.48333333333335,0.2833333333333333,10.916666666666666,74.14999999999999,0.0,0.0,0.0,0.0,0.0,0.0,0.0,0.0,0.0,0.0,0.0,0.0,0.0,0.0,0.0,real_stats
Chris Godwin Jr.,WR,TB,0.0,0.0,7.6,0.2,66.46666666666667,748.7999999999998,3.422222222222222,0.0,0.0,1.711111111111111,0.0,0.0,0.0,0.0,0.0,0.0,0.0,0.0,0.0,0.0,0.0,real_stats
Chris Moore,WR,WSH,0.0,0.0,16.54285714285714,0.0,15.085714285714285,285.8857142857143,0.9714285714285713,0.0,0.0,0.0,0.0,0.0,0.0,0.0,0.0,0.0,0.0,0.0,0.0,0.0,0.0,real_stats
Chris Oladokun,QB,KC,1331.6666666666665,5.666666666666666,102.0,0.0,0.0,0.0,0.0,0.0,0.0,0.0,0.0,0.0,0.0,0.0,0.0,0.0,0.0,0.0,0.0,0.0,0.0,real_stats
Chris Olave,WR,NO,0.0,0.0,1.8062500000000001,0.0,94.615625,1132.890625,7.065625,0.0,0.0,0.159375,0.0,0.0,0.0,0.0,0.0,0.0,0.0,0.0,0.0,0.0,0.0,real_stats
Bryce Young,QB,CAR,3107.516517857143,20.969196428571426,253.6111607142857,3.096428571428571,0.0,0.0,0.0,0.0,0.0,0.159375,0.0,0.0,0.0,0.0,0.0,0.0,0.0,0.0,0.0,0.0,0.0,real_stats
Brycen Tremayne,WR,CAR,0.0,0.0,0.0,0.0,14.875000000000002,170.0,0.0,0.0,0.0,0.0,0.0,0.0,0.0,0.0,0.0,0.0,0.0,0.0,0.0,0.0,0.0,real_stats
Bucky Irving,RB,TB,0.0,0.0,1035.6,3.5529411764705885,49.82352941176471,447.69411764705876,3.6,0.0,0.0,0.0,0.0,0.0,0.0,0.0,0.0,0.0,0.0,0.0,0.0,0.0,0.0,real_stats
Buffalo Bills,DEF,BUF,0.0,0.0,0.0,0.0,0.0,0.0,0.0,0.0,0.0,0.0,0.0,0.0,0.0,0.0,0.0,0.0,0.0,0.0,0.0,0.0,357.65000000000003,real_stats
C.J. Stroud,QB,HOU,3845.695714285714,22.752857142857145,238.91142857142856,1.2385714285714284,0.17,0.0,0.0,0.0,0.0,0.17,0.0,0.0,0.0,0.0,0.0,0.0,0.0,0.0,0.0,0.0,0.0,real_stats
Cairo Santos,K,CHI,0.0,0.0,0.0,0.0,0.0,0.0,0.0,0.0,0.0,0.0,0.0,4.39,8.09,9.25,5.7700000000000005,37.42,0.0,0.0,0.0,0.0,0.0,real_stats
Caleb Williams,QB,CHI,3824.0588235294117,24.941176470588236,417.70588235294116,2.1176470588235294,1.4117647058823528,15.529411764705882,0.7058823529411764,0.0,0.0,0.0,0.0,0.0,0.0,0.0,0.0,0.0,0.0,0.0,0.0,0.0,0.0,real_stats
Calvin Austin III,WR,NYG,0.0,0.0,11.399999999999999,0.2,33.51428571428571,397.3714285714286,3.114285714285714,0.0,0.0,0.0,0.0,0.0,0.0,0.0,0.0,0.0,0.0,0.0,0.0,0.0,0.0,real_stats
Calvin Ridley,WR,TEN,0.0,0.0,17.2,0.25,52.171428571428564,848.1642857142858,2.1999999999999997,0.0,0.0,0.15,0.0,0.0,0.0,0.0,0.0,0.0,0.0,0.0,0.0,0.0,0.0,real_stats
Cam Akers,RB,SEA,54.4,1.7,204.1357142857143,1.2285714285714284,7.507142857142857,42.5,0.75,0.0,0.0,0.0,0.0,0.0,0.0,0.0,0.0,0.0,0.0,0.0,0.0,0.0,0.0,real_stats
Cam Little,K,JAX,0.0,0.0,0.0,0.0,0.0,0.0,0.0,0.0,0.0,0.0,0.0,5.882352941176471,8.117647058823529,8.0,7.11764705882353,43.235294117647065,0.0,0.0,0.0,0.0,0.0,real_stats
Cam Skattebo,RB,NYG,0.0,0.0,871.25,10.625,51.0,439.875,4.25,0.0,0.0,2.125,0.0,0.0,0.0,0.0,0.0,0.0,0.0,0.0,0.0,0.0,0.0,real_stats
Cam Ward,QB,TEN,3169.0,15.000000000000002,159.0,2.0,0.0,0.0,0.0,0.0,0.0,0.0,0.0,0.0,0.0,0.0,0.0,0.0,0.0,0.0,0.0,0.0,0.0,real_stats
Cameron Dicker,K,LAC,0.0,0.0,0.0,0.0,0.0,0.0,0.0,0.0,0.0,0.0,0.25,7.5,11.85,11.299999999999999,6.300000000000001,33.9,0.0,0.0,0.0,0.0,0.0,real_stats
Carolina Panthers,DEF,CAR,0.0,0.0,0.0,0.0,0.0,0.0,0.0,0.0,0.0,0.0,0.0,0.0,0.0,0.0,0.0,0.0,0.0,0.0,0.0,0.0,423.9,real_stats
Carson Wentz,QB,MIN,2855.6316666666667,14.79,187.67999999999998,1.275,0.0,0.0,0.0,0.0,0.0,0.0,0.0,0.0,0.0,0.0,0.0,0.0,0.0,0.0,0.0,0.0,0.0,real_stats
Bo Melton,WR,GB,0.0,0.0,46.522499999999994,0.0,12.71,202.14249999999998,1.1475,0.0,0.0,0.0,0.0,0.0,0.0,0.0,0.0,0.0,0.0,0.0,0.0,0.0,0.0,real_stats
Bo Nix,QB,DEN,3885.117647058824,26.176470588235293,377.7647058823529,4.705882352941177,0.29411764705882354,0.5882352941176471,0.29411764705882354,0.0,0.0,0.0,0.0,0.0,0.0,0.0,0.0,0.0,0.0,0.0,0.0,0.0,0.0,real_stats
Brady Cook,QB,NYJ,2512.6000000000004,6.800000000000001,166.60000000000002,0.0,0.0,0.0,0.0,0.0,0.0,0.0,0.0,0.0,0.0,0.0,0.0,0.0,0.0,0.0,0.0,0.0,0.0,real_stats
Braelon Allen,RB,NYJ,0.0,0.0,326.2352941176471,3.588235294117647,11.588235294117645,94.52941176470588,0.29411764705882354,0.0,0.0,0.0,0.0,0.0,0.0,0.0,0.0,0.0,0.0,0.0,0.0,0.0,0.0,real_stats
Brandin Cooks,WR,BUF,0.0,0.0,4.303125,0.0,35.97625,404.504375,2.55,0.0,0.0,0.159375,0.0,0.0,0.0,0.0,0.0,0.0,0.0,0.0,0.0,0.0,0.0,real_stats
Brandon Aubrey,K,DAL,0.0,0.0,3.6,0.0,0.0,0.0,0.0,0.0,0.0,0.0,0.0,8.350000000000001,6.95,10.1,11.6,43.05,0.0,0.0,0.0,0.0,0.0,real_stats
Brandon McManus,K,GB,0.0,0.0,0.0,0.0,0.0,0.0,0.0,0.0,0.0,0.0,0.0,9.817532467532468,10.805844155844156,4.994805194805195,4.094805194805195,40.155194805194796,0.0,0.0,0.0,0.0,0.0,real_stats
Brashard Smith,RB,KC,0.0,0.0,151.0,0.0,25.0,172.0,1.0,0.0,0.0,0.0,0.0,0.0,0.0,0.0,0.0,0.0,0.0,0.0,0.0,0.0,0.0,real_stats
Breece Hall,RB,NYJ,2.55,0.6375,1060.725,4.628125,49.490625,440.071875,2.034375,0.0,0.0,0.6812499999999999,0.0,0.0,0.0,0.0,0.0,0.0,0.0,0.0,0.0,0.0,0.0,real_stats
Brevyn Spann-Ford,TE,DAL,0.0,0.0,0.0,0.0,9.0,89.41176470588236,0.7058823529411764,0.0,0.0,0.0,0.0,0.0,0.0,0.0,0.0,0.0,0.0,0.0,0.0,0.0,0.0,real_stats
Brian Robinson Jr.,RB,ATL,0.0,0.0,607.1635714285715,4.478571428571428,16.99142857142857,125.82785714285717,0.68,0.0,0.0,0.17,0.0,0.0,0.0,0.0,0.0,0.0,0.0,0.0,0.0,0.0,0.0,real_stats
Brian Thomas Jr.,WR,JAX,0.0,0.0,32.11764705882353,0.8571428571428571,66.73109243697478,983.0588235294117,4.65546218487395,0.0,0.0,0.5882352941176471,0.0,0.0,0.0,0.0,0.0,0.0,0.0,0.0,0.0,0.0,0.0,real_stats
British Brooks,RB,HOU,0.0,0.0,88.4,0.0,0.0,0.0,0.0,0.0,0.0,0.0,0.0,0.0,0.0,0.0,0.0,0.0,0.0,0.0,0.0,0.0,0.0,real_stats
Brittain Brown,RB,CHI,0.0,0.0,209.66666666666669,5.666666666666666,0.0,0.0,0.0,0.0,0.0,0.0,0.0,0.0,0.0,0.0,0.0,0.0,0.0,0.0,0.0,0.0,0.0,real_stats
Brock Purdy,QB,SF,4232.858333333334,33.273958333333326,281.0666666666666,5.135416666666666,0.0,0.0,0.0,0.0,0.0,0.0,0.0,0.0,0.0,0.0,0.0,0.0,0.0,0.0,0.0,0.0,0.0,real_stats
Brock Wright,TE,DET,0.0,0.0,0.0,0.0,18.599675324675324,141.72045454545454,2.536688311688312,0.0,0.0,0.0,0.0,0.0,0.0,0.0,0.0,0.0,0.0,0.0,0.0,0.0,0.0,real_stats
Arizona Cardinals,DEF,ARI,0.0,0.0,0.0,0.0,0.0,0.0,0.0,0.0,0.0,0.0,0.0,0.0,0.0,0.0,0.0,0.0,0.0,0.0,0.0,0.0,455.8,real_stats
Ashton Dulin,WR,IND,0.0,0.0,58.99999999999999,0.0,5.666666666666666,128.33333333333334,0.3333333333333333,0.0,0.0,0.0,0.0,0.0,0.0,0.0,0.0,0.0,0.0,0.0,0.0,0.0,0.0,real_stats
Ashton Jeanty,RB,LV,0.0,0.0,974.9999999999999,5.0,55.0,346.0,5.0,0.0,0.0,0.0,0.0,0.0,0.0,0.0,0.0,0.0,0.0,0.0,0.0,0.0,0.0,real_stats
Atlanta Falcons,DEF,ATL,0.0,0.0,0.0,0.0,0.0,0.0,0.0,0.0,0.0,0.0,0.0,0.0,0.0,0.0,0.0,0.0,0.0,0.0,0.0,0.0,402.3,real_stats
Audric Estime,RB,NO,0.0,0.0,458.6593406593407,2.483516483516483,22.494505494505493,186.95604395604397,0.0,0.0,0.0,0.0,0.0,0.0,0.0,0.0,0.0,0.0,0.0,0.0,0.0,0.0,0.0,real_stats
Austin Ekeler,RB,WSH,0.0,0.0,463.66488095238094,2.327380952380952,47.18511904761904,402.83928571428567,0.1821428571428571,0.0,0.0,0.0,0.0,0.0,0.0,0.0,0.0,0.0,0.0,0.0,0.0,0.0,0.0,real_stats
Austin Hooper,TE,ATL,0.0,0.0,0.0,0.0,28.387500000000003,321.7625,2.025,0.0,0.0,0.0,0.0,0.0,0.0,0.0,0.0,0.0,0.0,0.0,0.0,0.0,0.0,real_stats
Baker Mayfield,QB,TB,3947.3999999999996,30.049999999999997,348.15,1.5,0.0,0.0,0.0,0.0,0.0,0.0,0.0,0.0,0.0,0.0,0.0,0.0,0.0,0.0,0.0,0.0,0.0,real_stats
Baltimore Ravens,DEF,BAL,0.0,0.0,0.0,0.0,0.0,0.0,0.0,0.0,0.0,0.0,0.0,0.0,0.0,0.0,0.0,0.0,0.0,0.0,0.0,0.0,371.04999999999995,real_stats
Bam Knight,RB,ARI,0.0,0.0,326.9666666666667,4.533333333333333,26.63333333333333,194.93333333333334,1.1333333333333333,0.0,0.0,0.0,0.0,0.0,0.0,0.0,0.0,0.0,0.0,0.0,0.0,0.0,0.0,real_stats
Ben Sauls,K,NYG,0.0,0.0,0.0,0.0,0.0,0.0,0.0,0.0,0.0,0.0,0.0,17.0,22.666666666666664,5.666666666666666,0.0,39.66666666666667,0.0,0.0,0.0,0.0,0.0,real_stats
Ben Sinnott,TE,WSH,0.0,0.0,0.0,0.0,11.6875,121.12499999999999,1.0625,0.0,0.0,0.0,0.0,0.0,0.0,0.0,0.0,0.0,0.0,0.0,0.0,0.0,0.0,real_stats
Bhayshul Tuten,RB,JAX,0.0,0.0,347.9333333333333,5.666666666666666,11.333333333333332,89.53333333333333,2.2666666666666666,0.0,0.0,0.0,0.0,0.0,0.0,0.0,0.0,0.0,0.0,0.0,0.0,0.0,0.0,real_stats
Bijan Robinson,RB,ATL,0.0,0.0,1397.2,8.299999999999999,71.35000000000001,672.8,3.25,0.0,0.0,0.8500000000000001,0.0,0.0,0.0,0.0,0.0,0.0,0.0,0.0,0.0,0.0,0.0,real_stats
Blake Corum,RB,LAR,0.0,0.0,587.4705882352941,4.235294117647059,7.705882352941176,42.470588235294116,0.0,0.0,0.0,0.0,0.0,0.0,0.0,0.0,0.0,0.0,0.0,0.0,0.0,0.0,0.0,real_stats
Blake Grupe,K,IND,0.0,0.0,0.0,0.0,0.0,0.0,0.0,0.0,0.0,0.0,0.0,8.237499999999999,9.774999999999999,4.8625,6.8625,29.6875,0.0,0.0,0.0,0.0,0.0,real_stats
AJ Barner,TE,SEA,0.0,0.0,9.882352941176471,0.7058823529411764,45.529411764705884,438.4117647058823,5.411764705882353,0.0,0.0,0.0,0.0,0.0,0.0,0.0,0.0,0.0,0.0,0.0,0.0,0.0,0.0,real_stats
AJ Dillon,RB,CAR,0.0,0.0,255.51809523809519,0.45333333333333337,10.815238095238094,91.34666666666665,0.0,0.0,0.0,0.0,0.0,0.0,0.0,0.0,0.0,0.0,0.0,0.0,0.0,0.0,0.0,real_stats
Aaron Jones Sr.,RB,MIN,0.0,0.0,902.3727272727273,3.4136363636363636,43.504545454545465,325.16363636363633,1.5818181818181818,0.0,0.0,0.0,0.0,0.0,0.0,0.0,0.0,0.0,0.0,0.0,0.0,0.0,0.0,real_stats
Aaron Rodgers,QB,PIT,3637.676470588235,26.235294117647058,77.22058823529413,0.75,0.75,-6.75,0.0,0.0,0.0,0.0,0.0,0.0,0.0,0.0,0.0,0.0,0.0,0.0,0.0,0.0,0.0,real_stats
Adam Thielen,WR,MIN,0.0,0.0,0.9,0.0,47.96249999999999,532.05,2.7249999999999996,0.0,0.0,0.7875000000000001,0.0,0.0,0.0,0.0,0.0,0.0,0.0,0.0,0.0,0.0,0.0,real_stats
Adam Trautman,TE,DEN,0.0,0.0,0.0,0.0,18.55,194.59999999999997,1.5499999999999998,0.0,0.0,0.0,0.0,0.0,0.0,0.0,0.0,0.0,0.0,0.0,0.0,0.0,0.0,real_stats
Alec Pierce,WR,IND,0.0,0.0,0.0,0.0,46.588125,978.015,6.239375,0.0,0.0,0.0,0.0,0.0,0.0,0.0,0.0,0.0,0.0,0.0,0.0,0.0,0.0,real_stats
Alvin Kamara,RB,NO,0.0,0.0,861.269080919081,3.7294705294705293,65.9543956043956,428.7197052947053,0.8032967032967033,0.0,0.0,0.5884615384615385,0.0,0.0,0.0,0.0,0.0,0.0,0.0,0.0,0.0,0.0,0.0,real_stats
Ameer Abdullah,RB,JAX,0.0,0.0,143.03629807692306,1.3158653846153847,26.028846153846153,166.65504807692307,0.796875,0.0,0.0,0.0,0.0,0.0,0.0,0.0,0.0,0.0,0.0,0.0,0.0,0.0,0.0,real_stats
Amon-Ra St. Brown,WR,DET,1.75,0.25,10.725,0.0,117.915625,1397.8031250000001,11.19375,0.0,0.0,0.0,0.0,0.0,0.0,0.0,0.0,0.0,0.0,0.0,0.0,0.0,0.0,real_stats
Andre Szmyt,K,CLE,0.0,0.0,0.0,0.0,0.0,0.0,0.0,0.0,0.0,0.0,0.0,4.0,10.0,5.0,5.0,25.0,0.0,0.0,0.0,0.0,0.0,real_stats
Andrei Iosivas,WR,CIN,0.0,0.0,11.2,0.0,29.5875,372.65000000000003,2.45,0.0,0.0,0.0,0.0,0.0,0.0,0.0,0.0,0.0,0.0,0.0,0.0,0.0,0.0,real_stats
Andy Borregales,K,NE,0.0,0.0,0.0,0.0,0.0,0.0,0.0,0.0,0.0,0.0,2.0,6.0,8.0,7.0,4.0,53.0,0.0,0.0,0.0,0.0,0.0,real_stats
Andy Dalton,QB,PHI,1754.5416666666665,9.208333333333332,29.18333333333333,0.0,0.0,0.0,0.0,0.0,0.0,0.0,0.0,0.0,0.0,0.0,0.0,0.0,0.0,0.0,0.0,0.0,0.0,real_stats
Antonio Gibson,RB,NE,0.0,0.0,392.974375,2.449375,17.48,125.73687499999998,0.31875,0.0,0.0,0.0,0.0,0.0,0.0,0.0,0.0,0.0,0.0,0.0,0.0,0.0,0.0,real_stats
Arian Smith,WR,NYJ,0.0,0.0,13.8125,0.0,7.437500000000001,55.25,0.0,0.0,0.0,0.0,0.0,0.0,0.0,0.0,0.0,0.0,0.0,0.0,0.0,0.0,0.0,real_stats
A.J. Brown,WR,NE,0.0,0.0,0.0,0.0,90.84384615384616,1253.19,8.098461538461539,0.0,0.0,0.0,0.0,0.0,0.0,0.0,0.0,0.0,0.0,0.0,0.0,0.0,0.0,real_stats
Tyler Loop,K,BAL,0.0,0.0,0.0,0.0,0.0,0.0,0.0,0.0,0.0,0.0,0.0,10.0,11.0,8.0,1.0,44.0,0.0,0.0,0.0,0.0,0.0,real_stats
Wan'Dale Robinson,WR,TEN,0.0,0.0,22.4775,0.17,92.10000000000001,910.425,3.4699999999999998,0.0,0.0,0.0,0.0,0.0,0.0,0.0,0.0,0.0,0.0,0.0,0.0,0.0,0.0,real_stats
Washington Commanders,DEF,WSH,0.0,0.0,0.0,0.0,0.0,0.0,0.0,0.0,0.0,0.0,0.0,0.0,0.0,0.0,0.0,0.0,0.0,0.0,0.0,0.0,446.05,real_stats
Wil Lutz,K,DEN,0.0,0.0,0.0,0.0,0.0,0.0,0.0,0.0,0.0,0.0,0.0,8.15,11.65,5.15,4.1,39.25,0.0,0.0,0.0,0.0,0.0,real_stats
Will Dissly,TE,LAC,0.0,0.0,0.0,0.0,20.77777777777778,183.22222222222223,0.0,0.0,0.0,0.0,0.0,0.0,0.0,0.0,0.0,0.0,0.0,0.0,0.0,0.0,0.0,real_stats
Will Reichard,K,MIN,0.0,0.0,0.0,0.0,0.0,0.0,0.0,0.0,0.0,0.0,0.0,6.158371040723982,8.660633484162897,6.864253393665158,10.84162895927602,36.497737556561084,0.0,0.0,0.0,0.0,0.0,real_stats
Will Shipley,RB,PHI,0.0,0.0,64.825,0.0,8.45,55.7375,0.0,0.0,0.0,0.0,0.0,0.0,0.0,0.0,0.0,0.0,0.0,0.0,0.0,0.0,0.0,real_stats
Woody Marks,RB,HOU,0.0,0.0,746.9375,2.125,25.5,221.0,3.1875,0.0,0.0,0.0,0.0,0.0,0.0,0.0,0.0,0.0,0.0,0.0,0.0,0.0,0.0,real_stats
Xavier Hutchinson,WR,HOU,0.0,0.0,21.009375,0.0,25.462499999999995,302.221875,1.8,0.0,0.0,0.0,0.0,0.0,0.0,0.0,0.0,0.0,0.0,0.0,0.0,0.0,0.0,real_stats
Xavier Legette,WR,CAR,0.0,0.0,7.5,0.0,43.31250000000001,445.7125,3.65,0.0,0.0,0.0,0.0,0.0,0.0,0.0,0.0,0.0,0.0,0.0,0.0,0.0,0.0,real_stats
Xavier Smith,WR,LAR,0.0,0.0,12.0,0.0,14.166666666666666,229.25,0.0,0.0,0.0,0.0,0.0,0.0,0.0,0.0,0.0,0.0,0.0,0.0,0.0,0.0,0.0,real_stats
Xavier Worthy,WR,KC,0.0,0.0,105.15966386554622,0.8823529411764707,53.35294117647059,643.6470588235295,2.6218487394957988,0.0,0.0,0.0,0.0,0.0,0.0,0.0,0.0,0.0,0.0,0.0,0.0,0.0,0.0,real_stats
Younghoe Koo,K,NYJ,0.0,0.0,0.0,0.0,0.0,0.0,0.0,0.0,0.0,0.0,1.7,5.325,6.417857142857143,6.875,2.2714285714285714,34.042857142857144,0.0,0.0,0.0,0.0,0.0,real_stats
Zach Charbonnet,RB,SEA,0.0,0.0,681.25625,9.809374999999998,28.509375,210.109375,0.25,0.0,0.0,0.6375,0.0,0.0,0.0,0.0,0.0,0.0,0.0,0.0,0.0,0.0,0.0,real_stats
Zamir White,RB,LV,0.0,0.0,219.26875,0.6812499999999999,12.237499999999997,71.4375,0.0,0.0,0.0,0.0,0.0,0.0,0.0,0.0,0.0,0.0,0.0,0.0,0.0,0.0,0.0,real_stats
Zane Gonzalez,K,MIA,0.0,0.0,0.0,0.0,0.0,0.0,0.0,0.0,0.0,0.0,0.0,1.3333333333333333,4.833333333333333,14.0,9.333333333333334,38.5,0.0,0.0,0.0,0.0,0.0,real_stats
Trey McBride,TE,ARI,0.0,0.0,0.53125,0.265625,117.234375,1171.5562499999999,7.581250000000001,0.0,0.0,0.0,0.0,0.0,0.0,0.0,0.0,0.0,0.0,0.0,0.0,0.0,0.0,real_stats
Treylon Burks,WR,WSH,0.0,0.0,5.5636363636363635,0.0,21.94545454545454,289.3090909090909,1.7,0.0,0.0,0.0,0.0,0.0,0.0,0.0,0.0,0.0,0.0,0.0,0.0,0.0,0.0,real_stats
Troy Franklin,WR,DEN,0.0,0.0,10.97058823529412,0.0,54.63235294117647,582.658088235294,4.860294117647059,0.0,0.0,2.1176470588235294,0.0,0.0,0.0,0.0,0.0,0.0,0.0,0.0,0.0,0.0,0.0,real_stats
Tua Tagovailoa,QB,ATL,3739.304545454545,26.26233766233766,61.3603896103896,0.0,0.0,0.0,0.0,0.0,0.0,0.0,0.0,0.0,0.0,0.0,0.0,0.0,0.0,0.0,0.0,0.0,0.0,real_stats
Tutu Atwell,WR,MIA,0.0,0.0,6.690625,0.0,22.835625,413.318125,1.498125,0.0,0.0,0.159375,0.0,0.0,0.0,0.0,0.0,0.0,0.0,0.0,0.0,0.0,0.0,real_stats
Ty Chandler,RB,NO,0.0,0.0,274.44999999999993,0.45,14.85,71.75,0.0,0.0,0.0,0.0,0.0,0.0,0.0,0.0,0.0,0.0,0.0,0.0,0.0,0.0,0.0,real_stats
Ty Johnson,RB,BUF,0.0,0.0,206.91000000000003,2.05,20.685000000000002,244.60999999999996,2.205,0.0,0.0,0.0,0.0,0.0,0.0,0.0,0.0,0.0,0.0,0.0,0.0,0.0,0.0,real_stats
Tyjae Spears,RB,TEN,0.0,0.0,400.49615384615385,3.285897435897436,53.732692307692304,344.2217948717948,0.5041666666666667,0.0,0.0,0.0,0.0,0.0,0.0,0.0,0.0,0.0,0.0,0.0,0.0,0.0,0.0,real_stats
Tyler Allgeier,RB,ARI,0.0,0.0,571.85,6.1499999999999995,14.349999999999998,108.55,0.15,0.0,0.0,0.4,0.0,0.0,0.0,0.0,0.0,0.0,0.0,0.0,0.0,0.0,0.0,real_stats
Tyler Badie,RB,DEN,0.0,0.0,160.58333333333334,0.0,19.25,102.41666666666666,0.0,0.0,0.0,0.0,0.0,0.0,0.0,0.0,0.0,0.0,0.0,0.0,0.0,0.0,0.0,real_stats
Tyler Conklin,TE,DET,0.0,0.0,1.5692307692307694,0.0,28.18918269230769,291.6617788461538,1.0625,0.0,0.0,0.265625,0.0,0.0,0.0,0.0,0.0,0.0,0.0,0.0,0.0,0.0,0.0,real_stats
Tyler Goodson,RB,ATL,0.0,0.0,99.87017045454544,0.265625,7.326420454545454,38.071306818181824,0.265625,0.0,0.0,0.0,0.0,0.0,0.0,0.0,0.0,0.0,0.0,0.0,0.0,0.0,0.0,real_stats
Tyler Higbee,TE,LAR,0.0,0.0,0.0,0.0,44.65333333333333,494.35999999999996,4.533333333333333,0.0,0.0,0.0,0.0,0.0,0.0,0.0,0.0,0.0,0.0,0.0,0.0,0.0,0.0,real_stats
Tyler Huntley,QB,BAL,1677.22,8.16,450.8399999999999,1.7000000000000002,0.0,0.0,0.0,0.0,0.0,0.0,0.0,0.0,0.0,0.0,0.0,0.0,0.0,0.0,0.0,0.0,0.0,real_stats
Tyler Johnson,WR,DAL,0.0,0.0,0.0,0.0,20.666666666666664,294.0,1.3333333333333333,0.0,0.0,0.0,0.0,0.0,0.0,0.0,0.0,0.0,0.0,0.0,0.0,0.0,0.0,real_stats
Tyler Lockett,WR,LV,0.0,0.0,0.0,0.0,41.400000000000006,411.5999999999999,1.8,0.0,0.0,0.4,0.0,0.0,0.0,0.0,0.0,0.0,0.0,0.0,0.0,0.0,0.0,real_stats
Fernando Mendoza,QB,LV,2822.470588235294,15.647058823529411,285.05882352941177,2.764705882352941,0.11764705882352941,0.11764705882352941,0.058823529411764705,0.0,0.0,0.29411764705882354,0.0,0.0,0.0,0.0,0.0,0.0,,,,,,draft_capital_model
Jeremiyah Love,RB,ARI,0.0,0.0,907.3333333333334,5.666666666666667,51.166666666666664,350.8333333333333,2.5,0.0,0.0,0.0,0.0,0.0,0.0,0.0,0.0,0.0,,,,,,draft_capital_model
Carnell Tate,WR,TEN,0.6551724137931034,0.0,24.482758620689655,0.25,57.03448275862069,757.8275862068965,4.75,0.07142857142857142,0.0,0.4642857142857143,0.0,0.0,0.0,0.0,0.0,0.0,,,,,,draft_capital_model
Jordyn Tyson,WR,NO,0.6551724137931034,0.0,24.482758620689655,0.25,57.03448275862069,757.8275862068965,4.75,0.07142857142857142,0.0,0.4642857142857143,0.0,0.0,0.0,0.0,0.0,0.0,,,,,,draft_capital_model
Ty Simpson,QB,LAR,2822.470588235294,15.647058823529411,285.05882352941177,2.764705882352941,0.11764705882352941,0.11764705882352941,0.058823529411764705,0.0,0.0,0.29411764705882354,0.0,0.0,0.0,0.0,0.0,0.0,,,,,,draft_capital_model
Kenyon Sadiq,TE,NYJ,0.0,0.0,4.75,0.25,79.75,849.25,4.25,0.0,0.0,0.0,,,,,,,,,,,,draft_capital_model
Makai Lemon,WR,PHI,0.6551724137931034,0.0,24.482758620689655,0.25,57.03448275862069,757.8275862068965,4.75,0.07142857142857142,0.0,0.4642857142857143,0.0,0.0,0.0,0.0,0.0,0.0,,,,,,draft_capital_model
KC Concepcion,WR,CLE,0.6551724137931034,0.0,24.482758620689655,0.25,57.03448275862069,757.8275862068965,4.75,0.07142857142857142,0.0,0.4642857142857143,0.0,0.0,0.0,0.0,0.0,0.0,,,,,,draft_capital_model
Omar Cooper Jr.,WR,NYJ,0.6551724137931034,0.0,24.482758620689655,0.25,57.03448275862069,757.8275862068965,4.75,0.07142857142857142,0.0,0.4642857142857143,0.0,0.0,0.0,0.0,0.0,0.0,,,,,,draft_capital_model
Jadarian Price,RB,SEA,0.0,0.0,907.3333333333334,5.666666666666667,51.166666666666664,350.8333333333333,2.5,0.0,0.0,0.0,0.0,0.0,0.0,0.0,0.0,0.0,,,,,,draft_capital_model
De'Zhaun Stribling,WR,SF,1.0909090909090908,0.0,26.681818181818183,0.36363636363636365,42.27272727272727,535.3636363636364,3.272727272727273,0.0,0.0,0.18181818181818182,0.0,0.0,0.0,0.0,0.0,0.0,,,,,,draft_capital_model
Denzel Boston,WR,CLE,1.0909090909090908,0.0,26.681818181818183,0.36363636363636365,42.27272727272727,535.3636363636364,3.272727272727273,0.0,0.0,0.18181818181818182,0.0,0.0,0.0,0.0,0.0,0.0,,,,,,draft_capital_model
Germie Bernard,WR,PIT,1.0909090909090908,0.0,26.681818181818183,0.36363636363636365,42.27272727272727,535.3636363636364,3.272727272727273,0.0,0.0,0.18181818181818182,0.0,0.0,0.0,0.0,0.0,0.0,,,,,,draft_capital_model
Eli Stowers,TE,PHI,0.0,0.0,0.1111111111111111,0.0,37.111111111111114,369.8888888888889,3.111111111111111,0.0,0.0,0.5555555555555556,,,,,,,,,,,,draft_capital_model
Nate Boerkircher,TE,JAX,0.0,0.0,0.1111111111111111,0.0,37.111111111111114,369.8888888888889,3.111111111111111,0.0,0.0,0.5555555555555556,,,,,,,,,,,,draft_capital_model
Marlin Klein,TE,HOU,0.0,0.0,0.1111111111111111,0.0,37.111111111111114,369.8888888888889,3.111111111111111,0.0,0.0,0.5555555555555556,,,,,,,,,,,,draft_capital_model
Max Klare,TE,LAR,0.0,0.0,0.1111111111111111,0.0,37.111111111111114,369.8888888888889,3.111111111111111,0.0,0.0,0.5555555555555556,,,,,,,,,,,,draft_capital_model
Carson Beck,QB,ARI,918.0,5.0,63.4,0.2,0.0,0.0,0.0,0.0,0.0,0.2,,,,,,,,,,,,draft_capital_model
Sam Roush,TE,CHI,0.0,0.0,4.0,0.3333333333333333,28.166666666666668,299.0,2.1666666666666665,0.0,0.0,0.16666666666666666,0.0,0.0,0.0,0.0,0.0,0.0,,,,,,draft_capital_model
Antonio Williams,WR,WSH,1.391304347826087,0.0,19.869565217391305,0.043478260869565216,20.565217391304348,257.7826086956522,1.391304347826087,0.043478260869565216,0.0,0.08695652173913043,0.0,0.0,0.0,0.0,0.0,0.0,,,,,,draft_capital_model
Oscar Delp,TE,NO,0.0,0.0,4.0,0.3333333333333333,28.166666666666668,299.0,2.1666666666666665,0.0,0.0,0.16666666666666666,0.0,0.0,0.0,0.0,0.0,0.0,,,,,,draft_capital_model
Malachi Fields,WR,NYG,1.391304347826087,0.0,19.869565217391305,0.043478260869565216,20.565217391304348,257.7826086956522,1.391304347826087,0.043478260869565216,0.0,0.08695652173913043,0.0,0.0,0.0,0.0,0.0,0.0,,,,,,draft_capital_model
Caleb Douglas,WR,MIA,1.391304347826087,0.0,19.869565217391305,0.043478260869565216,20.565217391304348,257.7826086956522,1.391304347826087,0.043478260869565216,0.0,0.08695652173913043,0.0,0.0,0.0,0.0,0.0,0.0,,,,,,draft_capital_model
Drew Allar,QB,PIT,918.0,5.0,63.4,0.2,0.0,0.0,0.0,0.0,0.0,0.2,,,,,,,,,,,,draft_capital_model
Zachariah Branch,WR,ATL,1.391304347826087,0.0,19.869565217391305,0.043478260869565216,20.565217391304348,257.7826086956522,1.391304347826087,0.043478260869565216,0.0,0.08695652173913043,0.0,0.0,0.0,0.0,0.0,0.0,,,,,,draft_capital_model
Ja'Kobi Lane,WR,BAL,1.391304347826087,0.0,19.869565217391305,0.043478260869565216,20.565217391304348,257.7826086956522,1.391304347826087,0.043478260869565216,0.0,0.08695652173913043,0.0,0.0,0.0,0.0,0.0,0.0,,,,,,draft_capital_model
Chris Brazzell II,WR,CAR,1.391304347826087,0.0,19.869565217391305,0.043478260869565216,20.565217391304348,257.7826086956522,1.391304347826087,0.043478260869565216,0.0,0.08695652173913043,0.0,0.0,0.0,0.0,0.0,0.0,,,,,,draft_capital_model
Ted Hurst,WR,TB,1.391304347826087,0.0,19.869565217391305,0.043478260869565216,20.565217391304348,257.7826086956522,1.391304347826087,0.043478260869565216,0.0,0.08695652173913043,0.0,0.0,0.0,0.0,0.0,0.0,,,,,,draft_capital_model
Will Kacmarek,TE,MIA,0.0,0.0,4.0,0.3333333333333333,28.166666666666668,299.0,2.1666666666666665,0.0,0.0,0.16666666666666666,0.0,0.0,0.0,0.0,0.0,0.0,,,,,,draft_capital_model
Zavion Thomas,WR,CHI,1.391304347826087,0.0,19.869565217391305,0.043478260869565216,20.565217391304348,257.7826086956522,1.391304347826087,0.043478260869565216,0.0,0.08695652173913043,0.0,0.0,0.0,0.0,0.0,0.0,,,,,,draft_capital_model
Kaelon Black,RB,SF,0.0,0.0,250.78571428571428,1.0769230769230769,11.5,83.5,0.5384615384615384,0.0,0.0,0.0,0.0,0.0,0.0,0.0,0.0,0.0,,,,,,draft_capital_model
Chris Bell,WR,MIA,1.391304347826087,0.0,19.869565217391305,0.043478260869565216,20.565217391304348,257.7826086956522,1.391304347826087,0.043478260869565216,0.0,0.08695652173913043,0.0,0.0,0.0,0.0,0.0,0.0,,,,,,draft_capital_model
Eli Raridon,TE,NE,0.0,0.0,4.0,0.3333333333333333,28.166666666666668,299.0,2.1666666666666665,0.0,0.0,0.16666666666666666,0.0,0.0,0.0,0.0,0.0,0.0,,,,,,draft_capital_model
Brenen Thompson,WR,LAC,0.3181818181818182,0.0,14.772727272727273,0.046511627906976744,19.34090909090909,228.22727272727272,1.6511627906976745,0.046511627906976744,0.0,0.16279069767441862,0.0,0.0,0.0,0.0,0.0,0.0,,,,,,draft_capital_model
Jonah Coleman,RB,DEN,0.0,0.0,276.08474576271186,1.7586206896551724,11.491525423728813,86.96610169491525,0.4482758620689655,0.034482758620689655,0.0,0.06896551724137931,0.0,0.0,0.0,0.0,0.0,0.0,,,,,,draft_capital_model
Cade Klubnik,QB,NYJ,597.5555555555555,2.888888888888889,34.111111111111114,0.5,0.1111111111111111,-0.8333333333333334,0.0,0.0,0.0,0.1111111111111111,,,,,,,,,,,,draft_capital_model
Elijah Sarratt,WR,BAL,0.3181818181818182,0.0,14.772727272727273,0.046511627906976744,19.34090909090909,228.22727272727272,1.6511627906976745,0.046511627906976744,0.0,0.16279069767441862,0.0,0.0,0.0,0.0,0.0,0.0,,,,,,draft_capital_model
Kaden Wetjen,WR,PIT,0.3181818181818182,0.0,14.772727272727273,0.046511627906976744,19.34090909090909,228.22727272727272,1.6511627906976745,0.046511627906976744,0.0,0.16279069767441862,0.0,0.0,0.0,0.0,0.0,0.0,,,,,,draft_capital_model
Mike Washington Jr.,RB,LV,0.0,0.0,276.08474576271186,1.7586206896551724,11.491525423728813,86.96610169491525,0.4482758620689655,0.034482758620689655,0.0,0.06896551724137931,0.0,0.0,0.0,0.0,0.0,0.0,,,,,,draft_capital_model
Skyler Bell,WR,BUF,0.3181818181818182,0.0,14.772727272727273,0.046511627906976744,19.34090909090909,228.22727272727272,1.6511627906976745,0.046511627906976744,0.0,0.16279069767441862,0.0,0.0,0.0,0.0,0.0,0.0,,,,,,draft_capital_model
Matthew Hibner,TE,BAL,0.0,0.0,0.15,0.05,18.85,187.25,1.5,0.0,0.0,0.05,0.0,0.0,0.0,0.0,0.0,0.0,,,,,,draft_capital_model
Bryce Lance,WR,NO,0.3181818181818182,0.0,14.772727272727273,0.046511627906976744,19.34090909090909,228.22727272727272,1.6511627906976745,0.046511627906976744,0.0,0.16279069767441862,0.0,0.0,0.0,0.0,0.0,0.0,,,,,,draft_capital_model
Colbie Young,WR,CIN,0.3181818181818182,0.0,14.772727272727273,0.046511627906976744,19.34090909090909,228.22727272727272,1.6511627906976745,0.046511627906976744,0.0,0.16279069767441862,0.0,0.0,0.0,0.0,0.0,0.0,,,,,,draft_capital_model
Reggie Virgil,WR,ARI,0.3181818181818182,0.0,14.772727272727273,0.046511627906976744,19.34090909090909,228.22727272727272,1.6511627906976745,0.046511627906976744,0.0,0.16279069767441862,0.0,0.0,0.0,0.0,0.0,0.0,,,,,,draft_capital_model
Justin Joly,TE,DEN,0.0,0.0,0.15,0.05,18.85,187.25,1.5,0.0,0.0,0.05,0.0,0.0,0.0,0.0,0.0,0.0,,,,,,draft_capital_model
Max Bredeson,TE,MIN,0.0,0.0,0.15,0.05,18.85,187.25,1.5,0.0,0.0,0.05,0.0,0.0,0.0,0.0,0.0,0.0,,,,,,draft_capital_model
Emmett Johnson,RB,KC,0.0,0.0,276.08474576271186,1.7586206896551724,11.491525423728813,86.96610169491525,0.4482758620689655,0.034482758620689655,0.0,0.06896551724137931,0.0,0.0,0.0,0.0,0.0,0.0,,,,,,draft_capital_model
Tanner Koziol,TE,JAX,0.0,0.0,0.15,0.05,18.85,187.25,1.5,0.0,0.0,0.05,0.0,0.0,0.0,0.0,0.0,0.0,,,,,,draft_capital_model
Nicholas Singleton,RB,TEN,0.0,0.0,276.08474576271186,1.7586206896551724,11.491525423728813,86.96610169491525,0.4482758620689655,0.034482758620689655,0.0,0.06896551724137931,0.0,0.0,0.0,0.0,0.0,0.0,,,,,,draft_capital_model
Kendrick Law,WR,DET,0.3181818181818182,0.0,14.772727272727273,0.046511627906976744,19.34090909090909,228.22727272727272,1.6511627906976745,0.046511627906976744,0.0,0.16279069767441862,0.0,0.0,0.0,0.0,0.0,0.0,,,,,,draft_capital_model
Riley Nowakowski,TE,PIT,0.0,0.0,0.15,0.05,18.85,187.25,1.5,0.0,0.0,0.05,0.0,0.0,0.0,0.0,0.0,0.0,,,,,,draft_capital_model
Joe Royer,TE,CLE,0.0,0.0,0.15,0.05,18.85,187.25,1.5,0.0,0.0,0.05,0.0,0.0,0.0,0.0,0.0,0.0,,,,,,draft_capital_model
Josh Cuevas,TE,BAL,0.0,0.0,0.15,0.05,18.85,187.25,1.5,0.0,0.0,0.05,0.0,0.0,0.0,0.0,0.0,0.0,,,,,,draft_capital_model
Adam Randall,RB,BAL,0.0,0.0,276.08474576271186,1.7586206896551724,11.491525423728813,86.96610169491525,0.4482758620689655,0.034482758620689655,0.0,0.06896551724137931,0.0,0.0,0.0,0.0,0.0,0.0,,,,,,draft_capital_model
Cyrus Allen,WR,KC,0.3181818181818182,0.0,14.772727272727273,0.046511627906976744,19.34090909090909,228.22727272727272,1.6511627906976745,0.046511627906976744,0.0,0.16279069767441862,0.0,0.0,0.0,0.0,0.0,0.0,,,,,,draft_capital_model
Kevin Coleman Jr.,WR,MIA,0.3181818181818182,0.0,14.772727272727273,0.046511627906976744,19.34090909090909,228.22727272727272,1.6511627906976745,0.046511627906976744,0.0,0.16279069767441862,0.0,0.0,0.0,0.0,0.0,0.0,,,,,,draft_capital_model
Cole Payton,QB,PHI,597.5555555555555,2.888888888888889,34.111111111111114,0.5,0.1111111111111111,-0.8333333333333334,0.0,0.0,0.0,0.1111111111111111,,,,,,,,,,,,draft_capital_model
Seydou Traore,TE,MIA,0.0,0.0,0.15,0.05,18.85,187.25,1.5,0.0,0.0,0.05,0.0,0.0,0.0,0.0,0.0,0.0,,,,,,draft_capital_model
Taylen Green,QB,CLE,597.5555555555555,2.888888888888889,34.111111111111114,0.5,0.1111111111111111,-0.8333333333333334,0.0,0.0,0.0,0.1111111111111111,,,,,,,,,,,,draft_capital_model
Bauer Sharp,TE,TB,0.0,0.0,0.15,0.05,18.85,187.25,1.5,0.0,0.0,0.05,0.0,0.0,0.0,0.0,0.0,0.0,,,,,,draft_capital_model
Kaytron Allen,RB,WSH,0.0,0.0,276.08474576271186,1.7586206896551724,11.491525423728813,86.96610169491525,0.4482758620689655,0.034482758620689655,0.0,0.06896551724137931,0.0,0.0,0.0,0.0,0.0,0.0,,,,,,draft_capital_model
Barion Brown,WR,NO,0.3181818181818182,0.0,14.772727272727273,0.046511627906976744,19.34090909090909,228.22727272727272,1.6511627906976745,0.046511627906976744,0.0,0.16279069767441862,0.0,0.0,0.0,0.0,0.0,0.0,,,,,,draft_capital_model
Josh Cameron,WR,JAX,0.3181818181818182,0.0,14.772727272727273,0.046511627906976744,19.34090909090909,228.22727272727272,1.6511627906976745,0.046511627906976744,0.0,0.16279069767441862,0.0,0.0,0.0,0.0,0.0,0.0,,,,,,draft_capital_model
Malik Benson,WR,LV,0.3181818181818182,0.0,14.772727272727273,0.046511627906976744,19.34090909090909,228.22727272727272,1.6511627906976745,0.046511627906976744,0.0,0.16279069767441862,0.0,0.0,0.0,0.0,0.0,0.0,,,,,,draft_capital_model
CJ Daniels,WR,LAR,0.3181818181818182,0.0,14.772727272727273,0.046511627906976744,19.34090909090909,228.22727272727272,1.6511627906976745,0.046511627906976744,0.0,0.16279069767441862,0.0,0.0,0.0,0.0,0.0,0.0,,,,,,draft_capital_model
Demond Claiborne,RB,MIN,0.0,0.0,276.08474576271186,1.7586206896551724,11.491525423728813,86.96610169491525,0.4482758620689655,0.034482758620689655,0.0,0.06896551724137931,0.0,0.0,0.0,0.0,0.0,0.0,,,,,,draft_capital_model
Emmanuel Henderson Jr.,WR,SEA,0.3181818181818182,0.0,14.772727272727273,0.046511627906976744,19.34090909090909,228.22727272727272,1.6511627906976745,0.046511627906976744,0.0,0.16279069767441862,0.0,0.0,0.0,0.0,0.0,0.0,,,,,,draft_capital_model
CJ Williams,WR,JAX,0.3181818181818182,0.0,14.772727272727273,0.046511627906976744,19.34090909090909,228.22727272727272,1.6511627906976745,0.046511627906976744,0.0,0.16279069767441862,0.0,0.0,0.0,0.0,0.0,0.0,,,,,,draft_capital_model
Lewis Bond,WR,HOU,0.3181818181818182,0.0,14.772727272727273,0.046511627906976744,19.34090909090909,228.22727272727272,1.6511627906976745,0.046511627906976744,0.0,0.16279069767441862,0.0,0.0,0.0,0.0,0.0,0.0,,,,,,draft_capital_model
Trey Smack,K,GB,0.0,0.0,0.0,0.0,0.0,0.0,0.0,0.0,0.0,0.0,0.1,6.4,8.0,5.6,4.2,36.0,,,,,,draft_capital_model
Anthony Smith,WR,DAL,0.3181818181818182,0.0,14.772727272727273,0.046511627906976744,19.34090909090909,228.22727272727272,1.6511627906976745,0.046511627906976744,0.0,0.16279069767441862,0.0,0.0,0.0,0.0,0.0,0.0,,,,,,draft_capital_model
Jack Endries,TE,CIN,0.0,0.0,0.15,0.05,18.85,187.25,1.5,0.0,0.0,0.05,0.0,0.0,0.0,0.0,0.0,0.0,,,,,,draft_capital_model
Athan Kaliakmanis,QB,WSH,597.5555555555555,2.888888888888889,34.111111111111114,0.5,0.1111111111111111,-0.8333333333333334,0.0,0.0,0.0,0.1111111111111111,,,,,,,,,,,,draft_capital_model
Jaren Kanak,TE,TEN,0.0,0.0,0.15,0.05,18.85,187.25,1.5,0.0,0.0,0.05,0.0,0.0,0.0,0.0,0.0,0.0,,,,,,draft_capital_model
Eli Heidenreich,RB,PIT,0.0,0.0,276.08474576271186,1.7586206896551724,11.491525423728813,86.96610169491525,0.4482758620689655,0.034482758620689655,0.0,0.06896551724137931,0.0,0.0,0.0,0.0,0.0,0.0,,,,,,draft_capital_model
Behren Morton,QB,NE,597.5555555555555,2.888888888888889,34.111111111111114,0.5,0.1111111111111111,-0.8333333333333334,0.0,0.0,0.0,0.1111111111111111,,,,,,,,,,,,draft_capital_model
Seth McGowan,RB,IND,0.0,0.0,276.08474576271186,1.7586206896551724,11.491525423728813,86.96610169491525,0.4482758620689655,0.034482758620689655,0.0,0.06896551724137931,0.0,0.0,0.0,0.0,0.0,0.0,,,,,,draft_capital_model
Jam Miller,RB,NE,0.0,0.0,276.08474576271186,1.7586206896551724,11.491525423728813,86.96610169491525,0.4482758620689655,0.034482758620689655,0.0,0.06896551724137931,0.0,0.0,0.0,0.0,0.0,0.0,,,,,,draft_capital_model
Carsen Ryan,TE,CLE,0.0,0.0,0.15,0.05,18.85,187.25,1.5,0.0,0.0,0.05,0.0,0.0,0.0,0.0,0.0,0.0,,,,,,draft_capital_model
Garrett Nussmeier,QB,KC,597.5555555555555,2.888888888888889,34.111111111111114,0.5,0.1111111111111111,-0.8333333333333334,0.0,0.0,0.0,0.1111111111111111,,,,,,,,,,,,draft_capital_model
Deion Burks,WR,IND,0.3181818181818182,0.0,14.772727272727273,0.046511627906976744,19.34090909090909,228.22727272727272,1.6511627906976745,0.046511627906976744,0.0,0.16279069767441862,0.0,0.0,0.0,0.0,0.0,0.0,,,,,,draft_capital_model
Dallen Bentley,TE,DEN,0.0,0.0,0.15,0.05,18.85,187.25,1.5,0.0,0.0,0.05,0.0,0.0,0.0,0.0,0.0,0.0,,,,,,draft_capital_model
