rank,name,position,pos_rank,team,adp
1,Jahmyr Gibbs,RB,1,DET,1.2
2,Bijan Robinson,RB,2,ATL,1.8
3,Ja'Marr Chase,WR,1,CIN,4.7
4,Puka Nacua,WR,2,LAR,5.2
5,Christian McCaffrey,RB,3,SF,5.8
6,Jonathan Taylor,RB,4,IND,6.2
7,Jaxon Smith-Njigba,WR,3,SEA,7.0
8,Amon-Ra St. Brown,WR,4,DET,9.7
9,James Cook,RB,5,BUF,10.0
10,CeeDee Lamb,WR,5,DAL,12.2
11,Ashton Jeanty,RB,6,LV,13.2
12,Devon Achane,RB,7,MIA,14.3
13,Saquon Barkley,RB,8,PHI,15.2
14,Justin Jefferson,WR,6,MIN,15.5
15,Derrick Henry,RB,9,BAL,16.7
16,Omarion Hampton,RB,10,LAC,16.8
17,Drake London,WR,7,ATL,17.8
18,Chase Brown,RB,11,CIN,18.2
19,Kenneth Walker,RB,12,KC,18.8
20,Brock Bowers,TE,1,LV,23.0
21,Nico Collins,WR,8,HOU,23.8
22,Jeremiyah Love,RB,13,ARI,24.5
23,Trey McBride,TE,2,ARI,25.2
24,George Pickens,WR,9,DAL,25.2
25,Rashee Rice,WR,10,KC,25.8
26,A.J. Brown,WR,11,NE,26.7
27,Kyren Williams,RB,14,LAR,27.3
28,Josh Jacobs,RB,15,GB,28.0
29,Breece Hall,RB,16,NYJ,28.7
30,Josh Allen,QB,1,BUF,28.8
31,Chris Olave,WR,12,NO,32.2
32,Javonte Williams,RB,17,DAL,35.0
33,Malik Nabers,WR,13,NYG,36.8
34,Tee Higgins,WR,14,CIN,38.0
35,Zay Flowers,WR,15,BAL,38.2
36,DeVonta Smith,WR,16,PHI,38.3
37,Emeka Egbuka,WR,17,TB,38.8
38,Travis Etienne,RB,18,NO,39.0
39,Cam Skattebo,RB,19,NYG,39.2
40,Tetairoa McMillan,WR,18,CAR,39.3
41,Garrett Wilson,WR,19,NYJ,40.7
42,Colston Loveland,TE,3,CHI,43.2
43,Jaylen Waddle,WR,20,DEN,45.8
44,Bucky Irving,RB,20,TB,46.7
45,Lamar Jackson,QB,2,BAL,46.7
46,Terry McLaurin,WR,21,WAS,47.8
47,Quinshon Judkins,RB,21,CLE,48.3
48,D'Andre Swift,RB,22,CHI,49.0
49,Luther Burden,WR,22,CHI,49.7
50,Davante Adams,WR,23,LAR,50.2
51,Ladd McConkey,WR,24,LAC,50.3
52,Jameson Williams,WR,25,DET,52.2
53,David Montgomery,RB,23,HOU,52.5
54,TreVeyon Henderson,RB,24,NE,53.8
55,Tyler Warren,TE,4,IND,54.5
56,Bhayshul Tuten,RB,25,JAX,55.2
57,Drake Maye,QB,3,NE,55.2
58,Rome Odunze,WR,26,CHI,58.3
59,Joe Burrow,QB,4,CIN,60.8
60,Jayden Daniels,QB,5,WAS,61.0
61,DJ Moore,WR,27,BUF,61.8
62,Christian Watson,WR,28,GB,63.7
63,Mike Evans,WR,29,SF,65.8
64,Tony Pollard,RB,26,TEN,71.0
65,Jadarian Price,RB,27,SEA,71.2
66,Jordyn Tyson,WR,30,NO,72.0
67,Marvin Harrison,WR,31,ARI,72.7
68,Jalen Hurts,QB,6,PHI,72.8
69,Carnell Tate,WR,32,TEN,73.2
70,Jaylen Warren,RB,28,PIT,74.5
71,Alec Pierce,WR,33,IND,75.3
72,Kyle Pitts,TE,5,ATL,77.2
73,Rhamondre Stevenson,RB,29,NE,78.2
74,DK Metcalf,WR,34,PIT,78.2
75,Brian Thomas,WR,35,JAX,78.2
76,Sam LaPorta,TE,6,DET,79.2
77,Rico Dowdle,RB,30,PIT,79.7
78,Parker Washington,WR,36,JAX,79.7
79,Chuba Hubbard,RB,31,CAR,80.2
80,Harold Fannin,TE,7,CLE,81.2
81,Courtland Sutton,WR,37,DEN,81.2
82,Tucker Kraft,TE,8,GB,81.3
83,Dak Prescott,QB,7,DAL,82.0
84,RJ Harvey,RB,32,DEN,82.3
85,Makai Lemon,WR,38,PHI,83.6
86,Caleb Williams,QB,8,CHI,85.7
87,Justin Herbert,QB,9,LAC,86.0
88,Jaxson Dart,QB,10,NYG,88.2
89,Trevor Lawrence,QB,11,JAX,88.5
90,Ricky Pearsall,WR,39,SF,93.6
91,J.K. Dobbins,RB,33,DEN,93.7
92,Kyle Monangai,RB,34,CHI,94.5
93,Patrick Mahomes,QB,12,KC,96.0
94,Brock Purdy,QB,13,SF,96.8
95,Jordan Addison,WR,40,MIN,97.2
96,Michael Pittman,WR,41,PIT,98.0
97,Chris Godwin,WR,42,TB,98.7
98,Blake Corum,RB,35,LAR,99.2
99,Michael Wilson,WR,43,ARI,99.2
100,George Kittle,TE,9,SF,99.2
101,Quentin Johnston,WR,44,LAC,101.3
102,Jakobi Meyers,WR,45,JAX,101.7
103,Dallas Goedert,TE,10,PHI,101.8
104,Dalton Kincaid,TE,11,BUF,102.8
105,Travis Kelce,TE,12,KC,103.3
106,Kenneth Gainwell,RB,36,TB,105.3
107,Jayden Reed,WR,46,GB,106.0
108,Matthew Stafford,QB,14,LAR,107.3
109,Wan'Dale Robinson,WR,47,TEN,110.0
110,Aaron Jones,RB,37,MIN,110.7
111,Jacory Croskey-Merritt,RB,38,WAS,110.7
112,Isaiah Likely,TE,13,NYG,111.2
113,Jonathon Brooks,RB,39,CAR,111.2
114,Josh Downs,WR,48,IND,111.4
115,Jordan Mason,RB,40,MIN,111.7
116,Bo Nix,QB,15,DEN,113.2
117,Rachaad White,RB,41,WAS,113.5
118,Mark Andrews,TE,14,BAL,114.5
119,Xavier Worthy,WR,49,KC,116.2
120,Jake Ferguson,TE,15,DAL,119.8
121,Matthew Golden,WR,50,GB,120.6
122,KC Concepcion,WR,51,CLE,124.2
123,Romeo Doubs,WR,52,NE,125.2
124,Jared Goff,QB,16,DET,125.5
125,Jayden Higgins,WR,53,HOU,128.2
126,Khalil Shakir,WR,54,BUF,131.4
127,Zach Charbonnet,RB,42,SEA,132.2
128,Tyrone Tracy,RB,43,NYG,133.2
129,Woody Marks,RB,44,HOU,133.8
130,Jalen Coker,WR,55,CAR,134.4
131,Kyler Murray,QB,17,MIN,135.2
132,Hunter Henry,TE,16,NE,135.3
133,Tyler Shough,QB,18,NO,135.3
134,Chris Rodriguez,RB,45,JAX,136.0
135,Brandon Aubrey,K,1,DAL,136.5
136,Baker Mayfield,QB,19,TB,136.8
137,Brenton Strange,TE,17,JAX,139.5
138,Stefon Diggs,WR,56,,141.0
139,Isiah Pacheco,RB,46,DET,142.7
140,Tyler Allgeier,RB,47,ARI,142.8
141,Tyjae Spears,RB,48,TEN,144.2
142,Oronde Gadsden,TE,18,LAC,144.2
143,Jordan Love,QB,20,GB,144.8
144,Rashid Shaheed,WR,57,SEA,144.8
145,Brian Robinson,RB,49,ATL,145.5
146,Kenyon Sadiq,TE,19,NYJ,145.6
147,Keaton Mitchell,RB,50,LAC,146.2
148,Travis Hunter,WR,58,JAX,146.4
149,Juwan Johnson,TE,20,NO,147.6
150,Alvin Kamara,RB,51,NO,148.4
151,Malik Willis,QB,21,MIA,150.4
152,Tank Bigsby,RB,52,PHI,151.8
153,T.J. Hockenson,TE,21,MIN,153.2
154,Jonah Coleman,RB,53,DEN,154.6
155,Jalen McMillan,WR,59,TB,155.8
156,Chig Okonkwo,TE,22,WAS,156.0
157,Jason Myers,K,2,SEA,158.3
158,Omar Cooper Jr.,WR,60,NYJ,159.4
159,Ka'imi Fairbairn,K,3,HOU,159.8
160,Denzel Boston,WR,61,CLE,160.6
161,Cameron Dicker,K,4,LAC,160.8
162,Jauan Jennings,WR,62,MIN,164.0
163,Braelon Allen,RB,54,NYJ,165.0
164,Dylan Sampson,RB,55,CLE,165.6
165,Daniel Jones,QB,22,IND,167.5
166,Adonai Mitchell,WR,63,NYJ,167.6
167,Jalen Nailor,WR,64,LV,169.0
168,Dalton Schultz,TE,23,HOU,169.4
169,Antonio Williams,WR,65,WAS,169.4
170,Mike Washington Jr.,RB,56,LV,171.0
171,Tre Tucker,WR,66,LV,171.0
172,Sam Darnold,QB,23,SEA,171.7
173,Cam Little,K,5,JAX,173.5
174,Emmett Johnson,RB,57,KC,173.8
175,Jerry Jeudy,WR,67,CLE,174.0
176,AJ Barner,TE,24,SEA,175.0
177,Deebo Samuel,WR,68,,176.0
178,Terrance Ferguson,TE,25,LAR,177.2
179,Ray Davis,RB,58,BUF,177.4
180,James Conner,RB,59,ARI,180.2
181,C.J. Stroud,QB,24,HOU,181.2
182,Kaytron Allen,RB,60,WAS,181.8
183,Jake Bates,K,6,DET,184.3
184,Greg Dulcich,TE,26,MIA,185.3
185,Tre Harris,WR,69,LAC,187.8
186,Cam Ward,QB,25,TEN,188.0
187,Calvin Ridley,WR,70,TEN,188.2
188,Isaac TeSlaa,WR,71,DET,189.8
189,Harrison Mevis,K,7,LAR,190.3
190,Ryan Flournoy,WR,72,DAL,190.8
191,MarShawn Lloyd,RB,61,GB,191.5
192,Nicholas Singleton,RB,62,TEN,192.6
193,Jordan James,RB,63,SF,192.8
194,Tank Dell,WR,73,HOU,193.5
195,Gunnar Helm,TE,27,TEN,194.6
196,Eddy Pineiro,K,8,SF,195.0
197,Tyler Loop,K,9,BAL,195.3
198,Demond Claiborne,RB,64,MIN,196.2
199,Jaydon Blue,RB,65,DAL,196.6
200,Cairo Santos,K,10,CHI,198.3
201,Bryce Young,QB,26,CAR,201.0
202,Will Reichard,K,11,MIN,203.7
203,Kaelon Black,RB,66,SF,205.3
204,Kimani Vidal,RB,67,LAC,205.4
205,Sean Tucker,RB,68,TB,205.4
206,Germie Bernard,WR,74,PIT,205.6
207,Justice Hill,RB,69,BAL,206.3
208,Zachariah Branch,WR,75,ATL,206.4
209,Jaylin Noel,WR,76,HOU,206.8
210,Malik Washington,WR,77,MIA,207.3
211,Emanuel Wilson,RB,70,SEA,210.5
212,Pat Freiermuth,TE,28,PIT,210.5
213,George Holani,RB,71,SEA,210.5
214,Brandon Aiyuk,WR,78,SF,210.6
215,Eli Stowers,TE,29,,211.0
216,Darnell Mooney,WR,79,NYG,211.2
217,Harrison Butker,K,12,KC,211.7
218,Cade Otton,TE,30,TB,212.8
219,De'Zhaun Stribling,WR,80,SF,213.2
220,Tyreek Hill,WR,81,,219.2
221,Rashod Bateman,WR,82,BAL,219.6
222,Chase McLaughlin,K,13,TB,224.7
223,Chris Boswell,K,14,PIT,225.7
224,Fernando Mendoza,QB,27,LV,226.4
225,Kayshon Boutte,WR,83,NE,226.8
226,David Njoku,TE,31,LAC,227.2
227,Jaylen Wright,RB,72,MIA,227.4
228,Evan McPherson,K,15,CIN,227.7
229,Jacoby Brissett,QB,28,ARI,227.8
230,Eli Stowers,TE,32,PHI,228.0
231,Chris Bell,WR,84,MIA,228.0
232,Dontayvion Wicks,WR,85,PHI,228.5
233,Jack Bech,WR,86,LV,229.0
234,Pat Bryant,WR,87,DEN,229.8
235,Colby Parkinson,TE,33,LAR,230.4
236,Cooper Kupp,WR,88,SEA,233.4
237,Nick Folk,K,16,ATL,235.8
238,Ted Hurst,WR,89,TB,236.4
239,Christian Kirk,WR,90,SF,237.8
240,Emari Demercado,RB,73,KC,240.8
241,Trey Benson,RB,74,ARI,240.8
242,Samaje Perine,RB,75,CIN,242.3
243,LeQuint Allen,RB,76,JAX,243.0
244,Ollie Gordon II,RB,77,MIA,244.5
245,Geno Smith,QB,29,NYJ,244.5
246,Elijah Sarratt,WR,91,BAL,244.8
247,DJ Giddens,RB,78,IND,245.0
248,Keon Coleman,WR,92,BUF,246.2
249,Evan Engram,TE,34,DEN,246.3
250,Tory Horton,WR,93,SEA,247.4
251,Aaron Rodgers,QB,30,PIT,247.5
252,Jake Tonges,TE,35,SF,247.8
253,Shedeur Sanders,QB,31,CLE,249.0
254,Chris Brooks,RB,79,GB,249.3
255,Chris Brazzell II,WR,94,CAR,249.6
256,Andy Borregales,K,17,NE,251.3
257,Mason Taylor,TE,36,NYJ,251.4
258,Jalen Tolbert,WR,95,MIA,253.0
259,Michael Penix,QB,32,ATL,253.3
260,Mike Gesicki,TE,37,CIN,253.8
261,Ja'Kobi Lane,WR,96,BAL,255.6
262,Deshaun Watson,QB,33,CLE,256.3
263,Adam Randall,RB,80,BAL,258.3
264,Kaleb Johnson,RB,81,PIT,259.4
265,Troy Franklin,WR,97,DEN,261.8
266,Darius Slayton,WR,98,NYG,262.7
267,Tua Tagovailoa,QB,34,ATL,264.6
268,Ty Johnson,RB,82,BUF,264.8
269,Malachi Fields,WR,99,NYG,266.4
270,Michael Mayer,TE,38,LV,267.3
271,Devaughn Vele,WR,100,NO,268.5
272,Savion Williams,WR,101,GB,269.3
273,Darnell Washington,TE,39,PIT,269.8
274,Kirk Cousins,QB,35,LV,270.3
275,Theo Johnson,TE,40,NYG,270.6
276,Isaiah Davis,RB,83,NYJ,271.0
277,Tyquan Thornton,WR,102,KC,272.3
278,Wil Lutz,K,18,DEN,272.7
279,Chimere Dike,WR,103,TEN,273.8
280,Xavier Legette,WR,104,CAR,274.3
281,Jake Elliott,K,19,PHI,274.7
282,Jahan Dotson,WR,105,ATL,277.0
283,Malik Davis,RB,84,DAL,277.5
284,Charlie Smyth,K,20,NO,277.7
285,Marvin Mims,WR,106,DEN,279.0
286,Seth McGowan,RB,85,IND,279.0
287,Kyle Williams,WR,107,,280.0
288,Carson Beck,QB,36,ARI,283.0
289,Trey Smack,K,21,GB,286.0
290,Dawson Knox,TE,41,BUF,286.3
291,Elijah Arroyo,TE,42,SEA,287.0
292,Skyler Bell,WR,108,BUF,289.5
293,Kyle Williams,WR,109,NE,290.7
294,Andrei Iosivas,WR,110,CIN,291.3
295,Tahj Brooks,RB,86,CIN,291.3
296,J.J. McCarthy,QB,37,MIN,291.8
297,Elic Ayomanor,WR,111,TEN,294.3
298,Trevor Etienne,RB,87,CAR,298.0
299,Tyler Bass,K,22,BUF,298.0
300,Hollywood Brown,WR,112,PHI,298.3
301,Erick All,TE,43,CIN,299.5
302,Treylon Burks,WR,113,WAS,302.7
303,Kendre Miller,RB,88,NO,305.8
304,Ja'Tavion Sanders,TE,44,CAR,306.3
305,Devin Singletary,RB,89,NYG,307.7
306,Cole Kmet,TE,45,CHI,309.3
307,Justin Fields,QB,38,KC,309.7
308,Zavion Thomas,WR,114,CHI,310.3
309,Charlie Kolar,TE,46,LAC,312.5
310,Jalen Royals,WR,115,KC,316.5
311,Kevin Coleman Jr.,WR,116,MIA,318.7
312,Caleb Douglas,WR,117,MIA,322.3
313,Kalif Raymond,WR,118,CHI,322.3
314,Brashard Smith,RB,90,KC,323.0
315,Noah Fant,TE,47,NO,323.0
316,Konata Mumpfield,WR,119,LAR,323.3
317,Isaiah Bond,WR,120,CLE,325.3
318,KaVontae Turpin,WR,121,DAL,325.3
319,Jake Moody,K,23,WAS,327.3
320,DeMario Douglas,WR,122,NE,328.8
321,Tyler Higbee,TE,48,LAR,329.3
322,Kendrick Bourne,WR,123,ARI,329.3
323,Mac Jones,QB,39,SF,329.8
324,Zane Gonzalez,K,24,MIA,330.5
325,Joe Flacco,QB,40,CIN,332.0
326,Max Klare,TE,49,LAR,333.3
327,Mack Hollins,WR,124,NE,333.3
328,Noah Gray,TE,50,KC,333.8
329,Blake Grupe,K,25,IND,334.0
330,Devontez Walker,WR,125,BAL,334.0
331,Joey Slye,K,26,TEN,335.0
332,Tez Johnson,WR,126,TB,335.7
333,Chad Ryland,K,27,ARI,337.0
334,Olamide Zaccheaus,WR,127,ATL,337.3
335,Matt Gay,K,28,LV,337.5
336,Dyami Brown,WR,128,WAS,337.7
337,Eli Raridon,TE,51,NE,340.8
338,Dont'e Thornton,WR,129,LV,344.0
339,Calvin Austin,WR,130,NYG,347.5
340,Mitchell Evans,TE,52,CAR,348.3
341,Joshua Palmer,WR,131,BUF,348.7
342,Tommy Tremble,TE,53,CAR,349.3
343,Tutu Atwell,WR,132,MIA,356.3
344,Ben Sinnott,TE,54,WAS,356.8
345,Devin Neal,RB,91,NO,357.2
346,Austin Hooper,TE,55,ATL,357.3
347,Keenan Allen,WR,133,,362.2
348,KeAndre Lambert-Smith,WR,134,LAC,364.0
349,Xavier Hutchinson,WR,135,HOU,364.7
350,Andre Szmyt,K,29,CLE,365.0
351,Luke Musgrave,TE,56,GB,365.0
352,Daniel Bellinger,TE,57,TEN,365.0
353,Oscar Delp,TE,58,NO,365.3
354,Ryan Fitzgerald,K,30,CAR,366.0
355,Greg Dortch,WR,136,DET,366.7
356,Elijah Higgins,WR,137,ARI,369.3
357,Jarquez Hunter,RB,92,LAR,372.0
358,Najee Harris,RB,93,,372.8
359,Jackson Hawes,TE,59,BUF,374.7
360,Adam Trautman,TE,60,DEN,376.0
361,Van Jefferson,WR,138,WAS,377.0
362,Josh Oliver,TE,61,MIN,377.0
363,Jawhar Jordan,RB,94,HOU,378.8
364,Jahdae Walker,WR,139,CHI,379.0
365,Luke McCaffrey,WR,140,WAS,379.3
366,Daniel George,WR,141,,383.0
367,John Metchie,WR,142,CAR,383.8
368,Cyrus Allen,WR,143,KC,384.5
369,Bryce Lance,WR,144,NO,385.0
370,Phil Mafah,RB,95,DAL,385.0
371,Audric Estime,RB,96,NO,386.3
372,Demarcus Robinson,WR,145,SF,389.3
373,Isaac Guerendo,RB,97,SF,392.3
374,Brock Wright,TE,62,DET,394.0
375,Nate Boerkircher,TE,63,JAX,395.3
376,Cedric Tillman,WR,146,CLE,396.0
377,Brenen Thompson,WR,147,LAC,397.7
378,Mitchell Tinsley,WR,148,CIN,398.0
379,Nick Westbrook-Ikhine,WR,149,IND,407.7
380,Tanner Hudson,TE,64,CIN,409.7
381,Tanner Koziol,TE,65,JAX,411.0
382,Zonovan Knight,RB,98,ARI,413.0
383,RJ Maryland,TE,66,GB,414.0
384,Tyrell Shavers,WR,150,BUF,414.3
385,Will Kacmarek,TE,67,MIA,415.0
386,Jerome Ford,RB,99,WAS,415.3
387,Malik Benson,WR,151,LV,416.8
388,Cade Stover,TE,68,HOU,418.0
389,Tim Patrick,WR,152,NYJ,418.3
390,Lance Mason,TE,69,SEA,418.5
391,Marcus Mariota,QB,41,WAS,419.3
392,JuJu Smith-Schuster,WR,153,NYG,423.7
393,Davis Allen,TE,70,LAR,424.0
394,Sam Roush,TE,71,CHI,426.7
395,Mitch Van Vooren,WR,154,NE,428.0
396,Spencer Rattler,QB,42,NO,428.3
397,Drew Sample,TE,72,CIN,429.0
398,Eli Heidenreich,RB,100,PIT,430.0
399,Tre Watson,TE,73,KC,430.0
400,Josh Cuevas,TE,74,BAL,431.0
401,Carson Wentz,QB,43,MIN,432.0
402,Marquez Valdes-Scantling,WR,155,DAL,433.0
403,Jaylin Lane,WR,156,WAS,434.0
404,John Bates,TE,75,WAS,435.0
405,Matthew Hibner,TE,76,BAL,439.0
406,Justin Joly,TE,77,DEN,440.5
407,Devin Culp,TE,78,TB,444.3
408,Mo Alie-Cox,TE,79,IND,444.7
409,Joe Royer,TE,80,CLE,445.7
410,Lil'Jordan Humphrey,WR,157,DEN,446.0
411,Michael Carter,RB,101,TEN,446.0
412,Tyler Conklin,TE,81,DET,446.3
413,Jeremy Ruckert,TE,82,NYJ,447.0
414,Colbie Young,WR,158,CIN,448.0
415,Marlin Klein,TE,83,HOU,448.7
416,John Michael Gyllenborg,TE,84,KC,449.5
417,Cade Klubnik,QB,44,,450.0
418,Foster Moreau,TE,85,HOU,453.0
419,Marshall Lang,TE,86,MIN,457.0
420,Kareem Hunt,RB,102,,459.5
421,Odell Beckham,WR,159,NYG,460.7
422,Darren Waller,TE,87,,461.7
423,Will Shipley,RB,103,PHI,462.8
424,Ty Simpson,QB,45,LAR,463.0
425,JJ Galbreath,TE,88,PIT,466.0
426,Tyler Johnson,WR,160,DAL,467.0
427,Jaleel McLaughlin,RB,104,DEN,467.3
428,Nate Adkins,TE,89,DEN,467.7
429,Nick Chubb,RB,105,,469.3
430,Spencer Shrader,K,31,IND,473.7
431,Michael Trigg,TE,90,DAL,474.4
432,Jordan Whittington,WR,161,LAR,475.0
433,Kevin Austin,WR,162,NO,476.7
434,Jeff Caldwell,WR,163,KC,477.5
435,Anthony Richardson,QB,46,IND,478.3
436,Bub Means,WR,164,NO,480.7
437,Deion Burks,WR,165,IND,481.0
438,Luke Schoonmaker,TE,91,DAL,482.0
439,Isaiah Williams,WR,166,NYJ,484.0
440,Kyle Juszczyk,RB,106,SF,484.3
441,David Moore,WR,167,CAR,484.7
442,Robert Tonyan,TE,92,PIT,484.7
443,Ian Thomas,TE,93,LV,487.0
444,Bryce Pierre,TE,94,,487.0
445,Zach Ertz,TE,95,,490.7
446,Joel Wilson,TE,96,TEN,491.5
447,Roman Wilson,WR,168,PIT,491.7
448,Qadir Ismail,WR,169,CHI,492.0
449,Jason Sanders,K,32,NYJ,493.0
450,Barion Brown,WR,170,NO,493.0
451,David Sills,WR,171,TB,493.3
452,Theo Wease Jr.,WR,172,MIA,494.5
453,Chris Manhertz,TE,97,NYG,495.0
454,Isaiah Hodgins,WR,173,NYG,496.7
455,Aaron Anderson,WR,174,CLE,498.0
456,Grant Calcaterra,TE,98,PHI,498.3
457,Ashton Dulin,WR,175,IND,499.3
458,Jonnu Smith,TE,99,,501.3
459,DeAndre Hopkins,WR,176,,502.7
460,Jimmy Horn Jr.,WR,177,CAR,504.3
461,Ben Sims,TE,100,MIA,507.3
462,Jameis Winston,QB,47,NYG,507.7
463,Reggie Virgil,WR,178,ARI,508.3
464,Brevin Jordan,TE,101,HOU,509.0
465,Luke Farrell,TE,102,SF,510.0
466,Malachi Corley,WR,179,CLE,510.0
467,J'Mari Taylor,RB,107,JAX,510.5
468,Xavier Smith,WR,180,LAR,510.7
