flock_list_no,name,position,team,age,games_played,snap_pct,fpts,pos_rank,overall_rank
34,Josh Allen,QB,BUF,30.1,17,91.68,21.45,1,1
1,Jahmyr Gibbs,RB,DET,24.3,17,67.67,21.58,3,4
2,Bijan Robinson,RB,ATL,24.4,17,79.05,21.81,2,3
66,Drake Maye,QB,NE,23.9,17,97.08,20.7,2,2
5,Ja'Marr Chase,WR,CIN,26.4,16,95.8,19.6,3,10
6,Jaxon Smith-Njigba,WR,SEA,24.4,17,78.85,21.17,2,6
7,Puka Nacua,WR,LAR,25.1,16,69.68,23.44,1,2
65,Jayden Daniels,QB,WAS,25.6,7,90.45,16.33,17,34
53,Lamar Jackson,QB,BAL,29.5,13,93.75,16.53,16,20
10,Amon-Ra St. Brown,WR,DET,26.7,17,86.18,19.06,4,7
70,Caleb Williams,QB,CHI,24.6,17,98.77,18.72,7,5
11,Ashton Jeanty,RB,LV,22.6,17,78.35,14.42,16,18
23,Jeremiyah Love,RB,ARI,21.1,,,,,
14,Malik Nabers,WR,NYG,23.0,4,78.7,14.28,14,213
15,Justin Jefferson,WR,MIN,27.1,17,94.71,11.85,32,44
19,Brock Bowers,TE,LV,23.6,12,85.49,14.68,2,66
17,CeeDee Lamb,WR,DAL,27.3,14,74.28,14.35,12,45
67,Joe Burrow,QB,CIN,29.6,8,89.66,16.81,15,29
19,Drake London,WR,ATL,25.0,12,91.47,16.83,7,42
26,Trey McBride,TE,ARI,26.6,17,91.75,18.58,1,9
13,Omarion Hampton,RB,LAC,23.3,9,64.04,15.08,13,93
108,Patrick Mahomes,QB,KC,30.8,14,97.67,20.41,4,11
23,Tetairoa McMillan,WR,CAR,23.3,17,88.76,12.44,24,35
15,Devon Achane,RB,MIA,24.7,16,76.31,20.18,5,8
77,Justin Herbert,QB,LAC,28.3,16,97.54,17.93,11,10
80,Trevor Lawrence,QB,JAX,26.8,17,98.76,19.89,5,4
27,George Pickens,WR,DAL,25.3,17,83.33,17.17,6,12
40,Colston Loveland,TE,CHI,22.3,16,63.94,10.32,16,76
72,Jalen Hurts,QB,PHI,27.9,16,97.94,18.69,8,8
30,Carnell Tate,WR,TEN,21.5,,,,,
104,Bo Nix,QB,DEN,26.4,17,99.91,17.93,10,7
93,Brock Purdy,QB,SF,26.5,9,99.13,19.71,6,23
94,Jaxson Dart,QB,NYG,23.2,14,83.26,17.26,14,13
34,Emeka Egbuka,WR,TB,23.7,17,79.27,11.51,35,46
12,James Cook,RB,BUF,26.8,17,57.63,17.78,6,11
36,Rashee Rice,WR,KC,26.2,8,74.02,18.76,5,81
9,Jonathan Taylor,RB,IND,27.5,17,88.91,21.31,4,5
38,Nico Collins,WR,HOU,27.3,15,78.06,15.08,10,24
39,Chris Olave,WR,NO,26.0,16,73.58,16.75,8,15
40,Garrett Wilson,WR,NYJ,26.0,7,89.83,14.21,15,138
18,Kenneth Walker,RB,KC,25.7,17,47.46,11.29,29,49
42,Jordyn Tyson,WR,NO,21.9,,,,,
43,Ladd McConkey,WR,LAC,24.7,16,79.03,11.31,37,60
44,Makai Lemon,WR,PHI,22.1,,,,,
45,Luther Burden,WR,CHI,22.6,15,39.67,8.53,55,101
232,Fernando Mendoza,QB,LV,22.8,,,,,
61,Tyler Warren,TE,IND,24.1,17,88.31,11.09,10,50
14,Chase Brown,RB,CIN,26.3,17,67.7,16.62,7,13
27,Breece Hall,RB,NYJ,25.1,16,64.3,12.98,21,38
56,Quinshon Judkins,RB,CLE,22.7,14,51.07,12.13,26,72
49,TreVeyon Henderson,RB,NE,23.7,17,46.23,12.13,25,40
84,Dak Prescott,QB,DAL,32.9,17,95.61,18.46,9,6
55,Jadarian Price,RB,SEA,22.8,,,,,
54,Zay Flowers,WR,BAL,25.8,17,87.91,14.31,13,19
55,Rome Odunze,WR,CHI,24.1,12,88.21,12.18,28,84
56,Brian Thomas,WR,JAX,23.8,14,87.26,9.91,47,89
137,Jordan Love,QB,GB,27.7,15,94.01,15.68,21,15
7,Christian McCaffrey,RB,SF,30.1,17,84.16,24.51,1,1
116,Jared Goff,QB,DET,31.7,17,98.8,17.47,12,9
60,DeVonta Smith,WR,PHI,27.7,17,85.23,11.87,31,43
61,Tee Higgins,WR,CIN,27.5,15,83.83,14.11,16,34
42,Cam Skattebo,RB,NYG,24.4,8,53.4,15.96,9,104
73,Tucker Kraft,TE,GB,25.7,8,86.85,14.65,4,117
102,Harold Fannin,TE,CLE,22.0,16,77.21,11.65,8,54
30,Kyren Williams,RB,LAR,25.9,17,69.86,15.49,11,16
66,A.J. Brown,WR,NE,29.0,15,91.81,14.69,11,28
67,Marvin Harrison,WR,ARI,23.9,12,72.1,10.65,41,102
16,Saquon Barkley,RB,PHI,29.4,16,79.52,14.52,15,22
54,Bucky Irving,RB,TB,23.9,10,63.36,13.85,18,90
156,Cam Ward,QB,TEN,24.1,17,95.31,10.98,39,22
31,Javonte Williams,RB,DAL,26.2,16,68.82,15.18,12,20
125,Baker Mayfield,QB,TB,31.2,17,97.06,16.0,19,12
73,Jaylen Waddle,WR,DEN,27.6,16,78.49,12.13,29,47
131,Tyler Shough,QB,NO,26.8,11,68.1,14.36,24,26
75,Jameson Williams,WR,DET,25.3,17,91.34,12.94,21,29
115,Kyler Murray,QB,MIN,28.9,5,99.06,15.56,22,38
151,C.J. Stroud,QB,HOU,24.8,14,90.92,14.9,23,21
43,Travis Etienne,RB,NO,27.5,17,65.14,14.94,14,17
148,Kenyon Sadiq,TE,NYJ,21.3,,,,,
80,KC Concepcion,WR,CLE,21.8,,,,,
57,Bhayshul Tuten,RB,JAX,23.4,15,23.35,5.91,56,157
35,Josh Jacobs,RB,GB,28.4,15,60.35,15.81,10,21
85,Sam LaPorta,TE,DET,25.5,9,90.24,11.88,7,131
88,Kyle Pitts,TE,ATL,25.8,17,88.32,12.4,5,36
85,Omar Cooper Jr.,WR,NYJ,22.6,,,,,
20,Derrick Henry,RB,BAL,32.5,17,55.89,16.44,8,14
152,Sam Darnold,QB,SEA,29.1,17,96.45,13.85,27,14
88,Jordan Addison,WR,MIN,24.4,14,85.99,9.65,49,94
89,Travis Hunter,WR,JAX,23.1,7,100.0,9.11,52,197
90,Alec Pierce,WR,IND,26.2,15,92.45,12.22,27,57
50,D'Andre Swift,RB,CHI,27.5,16,58.19,14.29,17,23
92,DJ Moore,WR,BUF,29.2,17,85.3,10.01,46,71
93,Christian Watson,WR,GB,27.2,10,68.89,13.24,19,95
158,Daniel Jones,QB,IND,29.1,13,91.44,17.42,13,18
95,Michael Wilson,WR,ARI,26.4,17,81.73,12.98,20,27
96,Terry McLaurin,WR,WAS,30.8,10,70.46,11.42,36,121
163,Bryce Young,QB,CAR,25.0,16,96.63,13.63,28,19
98,Davante Adams,WR,LAR,33.5,14,72.06,15.92,9,25
316,Ty Simpson,QB,LAR,23.5,,,,,
114,Matthew Stafford,QB,LAR,38.4,17,99.18,20.61,3,3
51,David Montgomery,RB,HOU,29.1,17,37.2,9.82,33,73
136,Malik Willis,QB,MIA,27.1,4,41.15,12.8,30,43
142,Oronde Gadsden,TE,LAC,23.0,15,61.4,8.76,20,96
104,Mike Evans,WR,SF,32.9,8,66.78,10.6,42,166
105,Michael Pittman,WR,PIT,28.8,17,91.1,11.91,30,41
134,Jonah Coleman,RB,DEN,22.9,,,,,
107,Quentin Johnston,WR,LAC,24.8,14,77.74,12.23,26,70
108,Wan'Dale Robinson,WR,TEN,25.5,16,91.07,13.62,17,31
109,DK Metcalf,WR,PIT,28.6,15,88.06,12.48,23,53
110,Denzel Boston,WR,CLE,22.6,,,,,
111,Ricky Pearsall,WR,SF,25.8,9,79.23,9.84,48,157
226,Eli Stowers,TE,PHI,23.2,,,,,
113,Xavier Worthy,WR,KC,23.2,14,72.05,7.85,60,129
97,RJ Harvey,RB,DEN,25.4,17,42.03,12.15,24,39
115,Parker Washington,WR,JAX,24.3,16,67.34,10.79,39,69
116,Josh Downs,WR,IND,24.9,16,63.17,8.53,56,92
109,George Kittle,TE,SF,32.7,11,82.27,14.68,3,78
69,Jaylen Warren,RB,PIT,27.7,16,50.46,13.57,19,32
99,Kyle Monangai,RB,CHI,24.1,17,41.29,8.63,38,83
101,Jonathon Brooks,RB,CAR,23.0,,,,,
121,Jayden Higgins,WR,HOU,23.6,17,58.77,7.62,61,99
74,Chuba Hubbard,RB,CAR,27.1,15,47.14,8.36,42,107
133,Dalton Kincaid,TE,BUF,26.7,12,38.33,10.51,14,106
124,Matthew Golden,WR,GB,22.9,14,53.6,5.0,95,188
130,Isaiah Likely,TE,NYG,26.2,14,56.97,4.41,43,202
126,Jayden Reed,WR,GB,26.2,7,43.55,6.93,70,232
127,Chris Godwin,WR,TB,30.4,9,71.28,9.22,51,169
123,Jake Ferguson,TE,DAL,27.5,17,68.04,11.06,11,52
129,Jakobi Meyers,WR,JAX,29.7,16,85.79,10.99,38,67
130,Courtland Sutton,WR,DEN,30.7,17,86.64,12.92,22,30
91,Rachaad White,RB,WAS,27.5,17,49.73,8.41,41,87
105,Blake Corum,RB,LAR,25.6,17,28.86,7.19,49,111
98,Rico Dowdle,RB,PIT,28.1,17,55.42,12.72,23,33
134,Romeo Doubs,WR,NE,26.2,16,79.11,10.34,45,75
79,Rhamondre Stevenson,RB,NE,28.4,14,59.56,12.77,22,62
136,Germie Bernard,WR,PIT,22.6,,,,,
147,Brenton Strange,TE,JAX,25.5,12,75.16,9.83,18,115
113,Kenneth Gainwell,RB,TB,27.3,17,49.95,13.02,20,26
139,Jalen Coker,WR,CAR,24.7,11,69.02,8.22,57,151
76,Tony Pollard,RB,TEN,29.2,17,62.29,10.93,30,55
118,Jacory Croskey-Merritt,RB,WAS,25.2,17,39.38,8.25,43,88
170,Zach Charbonnet,RB,SEA,25.5,16,48.78,11.34,28,59
86,J.K. Dobbins,RB,DEN,27.6,10,52.05,11.59,27,120
262,Tua Tagovailoa,QB,ATL,28.4,14,95.89,11.48,34,25
283,Michael Penix,QB,ATL,26.2,9,93.17,13.36,29,33
146,Antonio Williams,WR,WAS,22.0,,,,,
147,Jalen McMillan,WR,TB,24.6,4,52.25,7.48,63,282
148,Chris Bell,WR,MIA,22.0,,,,,
149,Tyler Allgeier,RB,ARI,26.2,17,29.56,7.24,48,110
124,Chris Rodriguez,RB,JAX,26.8,13,31.46,7.08,50,148
173,Nicholas Singleton,RB,TEN,22.5,,,,,
135,Tyrone Tracy,RB,NYG,26.6,15,55.39,10.72,31,79
153,Brandon Aiyuk,WR,SF,28.3,0,,0.0,,
154,Elijah Sarratt,WR,BAL,23.1,,,,,
111,Jordan Mason,RB,MIN,27.1,16,43.91,8.06,44,100
156,Cole Beck,WR,,31.3,,,,,
282,Max Klare,TE,LAR,23.0,,,,,
301,Carson Beck,QB,ARI,23.6,,,,,
139,Woody Marks,RB,HOU,25.5,16,52.83,9.44,34,80
309,Drew Allar,QB,PIT,22.3,,,,,
144,Dallas Goedert,TE,PHI,31.5,15,85.01,12.34,6,56
145,Chig Okonkwo,TE,WAS,26.8,17,63.06,7.29,27,109
163,Khalil Shakir,WR,BUF,26.4,16,61.44,10.4,44,74
164,De'Zhaun Stribling,WR,SF,23.6,,,,,
165,Jauan Jennings,WR,MIN,29.0,15,82.54,11.55,34,68
129,Mark Andrews,TE,BAL,30.8,17,62.94,7.71,24,97
164,T.J. Hockenson,TE,MIN,29.0,15,79.93,7.52,26,126
110,Aaron Jones,RB,MIN,31.6,12,58.55,9.89,32,114
169,AJ Barner,TE,SEA,24.2,17,78.75,8.66,21,82
157,Dylan Sampson,RB,CLE,21.8,15,25.95,5.84,59,160
171,Rashid Shaheed,WR,SEA,27.9,18,59.28,8.03,58,86
141,Isiah Pacheco,RB,DET,27.4,13,51.88,6.72,52,161
173,Zachariah Branch,WR,ATL,22.3,,,,,
167,Kaytron Allen,RB,WAS,23.5,,,,,
175,Deebo Samuel,WR,,30.5,16,72.78,11.76,33,51
176,Jaylin Noel,WR,HOU,23.8,17,27.45,4.02,110,191
177,Troy Franklin,WR,DEN,23.4,17,60.19,10.42,43,65
285,Shedeur Sanders,QB,CLE,24.4,8,93.62,10.61,40,37
153,Tyjae Spears,RB,TEN,25.1,13,46.38,8.59,39,127
121,Travis Kelce,TE,KC,36.8,17,83.21,11.36,9,48
209,Terrance Ferguson,TE,LAR,23.3,14,38.54,3.72,47,223
313,Mac Jones,QB,SF,27.8,11,74.96,11.82,32,30
195,Gunnar Helm,TE,TEN,23.8,16,52.77,5.73,35,149
184,Stefon Diggs,WR,,32.6,17,56.59,12.37,25,37
185,Ja'Kobi Lane,WR,BAL,21.9,,,,,
186,Jack Bech,WR,LV,23.6,16,36.71,2.65,139,245
187,Chris Brazzell II,WR,CAR,22.0,,,,,
188,Ted Hurst,WR,TB,22.0,,,,,
189,Tre Harris,WR,LAC,24.4,17,48.26,4.08,108,190
190,Kayshon Boutte,WR,NE,24.2,14,69.22,8.86,53,108
260,Eli Raridon,TE,NE,22.4,,,,,
192,Charlie Kolar,TE,LAC,27.4,17,38.57,2.13,65,260
180,Emmett Johnson,RB,KC,22.7,,,,,
201,Braelon Allen,RB,NYJ,22.5,4,24.06,3.83,75,334
195,Tory Horton,WR,SEA,23.6,8,46.83,7.39,64,208
190,Demond Claiborne,RB,MIN,22.8,,,,,
197,Elic Ayomanor,WR,TEN,23.1,16,80.72,7.28,65,118
159,Tank Bigsby,RB,PHI,24.9,17,12.88,3.16,81,219
174,Alvin Kamara,RB,NO,31.0,11,57.36,9.15,35,135
278,Kaleb Johnson,RB,PIT,22.9,10,,8.8,,
201,Chimere Dike,WR,TEN,23.6,17,59.8,6.71,72,122
263,Kaelon Black,RB,SF,24.7,,,,,
203,Jerry Jeudy,WR,CLE,27.2,17,86.67,7.1,68,113
206,Jacoby Brissett,QB,ARI,33.6,14,86.65,16.25,18,16
311,J.J. McCarthy,QB,MIN,23.5,10,90.95,12.54,31,32
206,Isaac TeSlaa,WR,DET,24.4,17,39.87,4.46,100,175
224,Geno Smith,QB,NYJ,35.7,15,97.04,11.59,33,24
208,Malachi Fields,WR,NYG,22.0,,,,,
200,David Njoku,TE,LAC,30.0,12,64.84,7.19,28,163
210,Tyreek Hill,WR,,32.4,4,69.05,13.38,18,220
162,Hunter Henry,TE,NE,31.6,17,79.28,10.52,13,62
212,Keon Coleman,WR,BUF,23.1,13,66.28,7.88,59,134
165,Brian Robinson,RB,ATL,27.3,17,15.92,3.68,77,201
214,Adonai Mitchell,WR,NYJ,23.8,16,49.89,5.62,88,152
166,Juwan Johnson,TE,NO,29.8,17,65.06,10.58,12,61
216,Tre Tucker,WR,LV,25.3,17,95.42,9.51,50,77
185,Mike Washington Jr.,RB,LV,23.0,,,,,
218,Skyler Bell,WR,BUF,24.0,,,,,
219,Malik Washington,WR,MIA,25.5,17,57.51,6.51,73,128
171,Dalton Schultz,TE,HOU,30.0,17,72.36,10.45,15,64
203,Aaron Rodgers,QB,PIT,42.6,16,95.98,14.19,25,17
222,Tez Johnson,WR,TB,24.1,16,47.31,5.78,81,146
223,Pat Bryant,WR,DEN,23.6,15,47.26,4.99,96,178
279,Trey Benson,RB,ARI,24.0,4,49.01,8.85,37,263
212,Cade Otton,TE,TB,27.2,16,93.17,7.64,25,111
213,Pat Freiermuth,TE,PIT,27.7,17,50.53,6.68,31,124
275,Mason Taylor,TE,NYJ,22.2,13,81.48,6.84,30,155
146,Keaton Mitchell,RB,LAC,24.5,13,15.93,4.26,71,214
183,Greg Dulcich,TE,MIA,26.3,10,41.24,6.28,33,199
230,Caleb Douglas,WR,MIA,22.8,,,,,
306,Oscar Delp,TE,NO,22.9,,,,,
267,Justin Joly,TE,DEN,22.0,,,,,
233,Calvin Ridley,WR,TEN,31.6,7,58.58,6.76,71,238
304,Anthony Richardson,QB,IND,24.1,2,9.16,1.08,,
265,Deshaun Watson,QB,CLE,30.8,,,,,
236,Kyle Williams,WR,NE,23.7,17,30.13,2.89,135,229
299,Theo Johnson,TE,NYG,25.4,15,86.24,8.52,23,102
288,Devin Neal,RB,NO,22.9,11,32.11,5.45,61,204
221,Adam Randall,RB,BAL,22.0,,,,,
251,DJ Giddens,RB,IND,22.9,10,9.57,0.96,99,362
241,Darnell Mooney,WR,NYG,28.7,15,82.35,5.49,89,170
205,Elijah Arroyo,TE,SEA,23.3,13,39.24,2.84,57,257
229,Jordan James,RB,SF,22.3,3,0.0,0.0,,
215,Kimani Vidal,RB,LAC,24.9,13,55.41,9.07,36,116
197,Ray Davis,RB,BUF,26.7,17,,58.1,,
246,Taysom Hill,TE,,35.9,13,20.35,3.21,53,246
315,Justin Fields,QB,KC,27.3,9,90.62,15.85,20,28
248,Xavier Legette,WR,CAR,25.4,15,69.72,5.95,78,154
237,James Conner,RB,ARI,31.2,3,50.53,11.1,,
223,Jaydon Blue,RB,DAL,22.5,5,24.67,4.08,72,310
296,Kirk Cousins,QB,LV,37.9,11,76.14,9.41,43,35
308,Cade Klubnik,QB,NYJ,22.7,,,,,
253,Keenan Allen,WR,,34.2,17,55.9,10.75,40,58
280,Michael Mayer,TE,LV,25.0,13,60.28,5.68,36,180
255,Bryce Lance,WR,NO,23.0,,,,,
256,Jalen Nailor,WR,LV,27.4,17,66.73,5.92,79,135
257,Tank Dell,WR,HOU,26.7,,,,,
258,Jack Endries,TE,CIN,22.0,,,,,
243,Ollie Gordon II,RB,MIA,22.5,17,22.11,3.18,80,217
260,Joe Mixon,RB,,30.0,,,,,
268,Colby Parkinson,TE,LAR,27.5,15,61.8,8.65,22,98
187,Emanuel Wilson,RB,SEA,27.2,17,31.01,5.56,60,143
263,Cedric Tillman,WR,CLE,26.2,13,63.36,4.62,98,204
230,Ja'Tavion Sanders,TE,CAR,23.3,13,49.49,4.15,44,218
265,Jalen Milroe,QB,SEA,23.6,3,1.76,-0.53,,
266,Rashod Bateman,WR,BAL,26.6,13,69.42,4.26,105,214
267,Ryan Flournoy,WR,DAL,26.7,16,43.19,7.13,67,123
268,Eli Heidenreich,RB,PIT,23.0,,,,,
269,Cooper Kupp,WR,SEA,33.1,16,76.66,7.27,66,119
270,Dontayvion Wicks,WR,PHI,25.1,14,48.57,5.41,90,176
271,Devaughn Vele,WR,NO,28.6,13,45.31,5.1,94,194
168,Sean Tucker,RB,TB,24.7,17,15.39,5.38,62,150
196,Brashard Smith,RB,KC,23.2,17,17.06,3.72,76,198
270,Evan Engram,TE,DEN,31.9,16,42.16,6.43,32,133
255,Isaiah Davis,RB,NYJ,24.4,16,28.21,4.45,68,185
277,Jaylen Wright,RB,MIA,23.3,10,20.8,4.82,65,234
277,Hollywood Brown,WR,PHI,29.1,16,53.86,8.61,54,91
278,Jarquez Hunter,RB,LAR,23.5,5,58.77,0.0,118,435
279,Jam Miller,RB,NE,22.2,,,,,
269,Seth McGowan,RB,IND,24.0,,,,,
219,Najee Harris,RB,,28.3,3,20.0,3.87,,
282,Cole Payton,QB,PHI,23.7,,,,,
283,Zach Wilson,QB,NO,26.9,4,10.21,0.35,62,62
256,Kendre Miller,RB,NO,24.1,7,23.45,4.76,66,267
285,Brenen Thompson,WR,LAC,23.0,,,,,
286,Kevin Coleman Jr.,WR,MIA,22.8,,,,,
287,Ben Sinnott,TE,WAS,24.1,16,33.53,1.78,73,288
264,Isaac Guerendo,RB,SF,26.0,14,0.0,0.0,118,435
289,Taylen Green,QB,CLE,23.7,,,,,
290,Gardner Minshew,QB,ARI,30.1,4,14.93,-0.08,65,65
291,Marvin Mims,WR,DEN,24.3,15,37.96,5.8,80,162
295,Trevor Etienne,RB,CAR,22.0,17,4.32,0.81,102,343
293,Tahj Brooks,RB,CIN,24.2,16,4.38,0.4,109,380
294,Desmond Reid,RB,,21.9,,,,,
295,Ja'Lynn Polk,WR,NO,24.2,,,,,
296,J'Mari Taylor,RB,JAX,24.0,,,,,
297,Raheim Sanders,RB,CLE,24.0,4,23.67,5.08,64,312
234,George Holani,RB,SEA,26.6,11,4.53,1.35,94,337
299,Dont'e Thornton Jr.,WR,LV,23.6,15,45.05,1.57,160,303
300,Barion Brown,WR,NO,22.6,,,,,
301,Jaydn Ott,RB,KC,23.6,,,,,
302,Jonnu Smith,TE,,30.9,17,51.52,5.01,39,165
303,Jalen Tolbert,WR,MIA,27.4,13,51.69,3.56,116,241
300,Luke Musgrave,TE,GB,25.9,17,40.31,2.89,56,229
305,Kareem Hunt,RB,,30.9,17,47.87,8.55,40,85
306,Tanner Koziol,TE,JAX,22.0,,,,,
307,Sam Roush,TE,CHI,22.0,,,,,
308,Jalen Royals,WR,KC,23.4,7,,2.4,,
309,Zach Ertz,TE,,35.7,13,66.87,9.72,19,105
211,MarShawn Lloyd,RB,GB,25.5,,,,,
286,LeQuint Allen,RB,JAX,21.9,17,23.04,1.46,92,298
312,Erick All,TE,CIN,25.8,,,,,
313,Jerome Ford,RB,WAS,26.8,13,31.62,3.35,79,244
314,Joe Flacco,QB,CIN,41.5,13,77.26,11.28,37,27
315,Tyquan Thornton,WR,KC,25.9,14,38.68,5.77,82,172
316,Christian Kirk,WR,SF,29.6,13,48.05,4.45,101,212
317,Nick Chubb,RB,,30.5,15,32.17,5.89,58,159
214,Mike Gesicki,TE,CIN,30.8,13,38.88,5.44,38,187
319,Elijah Moore,WR,PHI,26.3,9,30.88,3.18,127,287
320,Eric McAlister,WR,,,,,,,
321,Marlin Klein,TE,HOU,23.8,,,,,
322,DeMario Douglas,WR,NE,25.6,17,27.3,5.64,86,142
323,Savion Williams,WR,GB,24.6,12,10.68,2.13,152,295
324,Zavion Thomas,WR,CHI,22.0,,,,,
325,Gabe Davis,WR,,27.3,6,59.15,5.15,93,278
281,Noah Gray,TE,KC,27.2,16,51.86,2.42,61,250
327,Audric Estime,RB,NO,22.8,7,29.77,6.87,51,236
328,Isaiah Bond,WR,CLE,22.3,,,,,
329,Jake Browning,QB,TB,30.2,5,71.04,9.75,42,45
330,Efton Chism,WR,NE,24.0,8,15.52,2.06,154,330
331,Roman Wilson,WR,PIT,25.1,13,33.59,2.97,133,251
253,Darnell Washington,TE,PIT,24.9,16,56.56,4.59,42,182
333,Russell Wilson,QB,,37.6,6,52.88,8.31,44,44
334,Roschon Johnson,RB,CHI,25.4,7,0.86,0.24,112,425
335,C.J. Daniels,WR,LAR,24.0,,,,,
336,Jordan Whittington,WR,LAR,25.8,17,38.19,2.14,151,259
337,Sam Howell,QB,DAL,25.8,0,,0.0,,
338,Spencer Rattler,QB,NO,25.8,9,75.5,11.02,38,36
339,Dillon Gabriel,QB,CLE,25.5,10,56.57,7.01,47,40
340,Damien Martinez,RB,GB,22.4,,,,,
208,Cole Kmet,TE,CHI,27.3,16,70.18,4.92,41,173
342,Garrett Nussmeier,QB,KC,24.4,,,,,
241,Justice Hill,RB,BAL,28.7,10,37.0,6.52,54,195
344,Treylon Burks,WR,WAS,26.3,8,59.91,3.63,115,285
345,Lewis Bond,WR,HOU,23.0,,,,,
346,Curtis Samuel,WR,,29.9,6,40.0,3.52,118,307
347,Cyrus Allen,WR,KC,23.0,,,,,
348,Tai Felton,WR,MIN,23.3,17,3.66,0.32,198,387
349,Amari Cooper,WR,,32.1,,,,,
307,Marcus Mariota,QB,WAS,32.7,11,75.14,11.41,36,31
351,Will Levis,QB,TEN,27.0,,,,,
194,Devin Singletary,RB,NYG,28.8,17,26.95,6.4,55,130
353,Andrei Iosivas,WR,CIN,26.7,17,77.73,5.29,92,152
188,Dawson Knox,TE,BUF,29.7,17,57.99,6.1,34,132
355,Jimmy Horn Jr.,WR,CAR,23.8,13,19.03,2.21,149,286
356,Adam Thielen,WR,,35.9,16,37.24,2.64,140,248
357,Austin Ekeler,RB,,31.1,2,51.11,6.55,,
305,Jameis Winston,QB,NYG,32.5,3,69.86,14.43,,
289,Jake Tonges,TE,SF,27.0,17,34.48,5.49,37,144
360,Antonio Gibson,RB,,28.0,5,16.88,3.44,78,325
361,Deuce Vaughn,RB,,24.7,,,,,
362,Cole Payton,QB,,20.0,,,,,
363,Daniel Bellinger,TE,TEN,25.8,16,50.46,3.73,46,206
364,Will Howard,QB,PIT,24.8,0,,0.0,,
365,DeAndre Hopkins,WR,,34.1,17,33.63,3.94,112,193
366,Darren Waller,TE,,33.8,9,45.5,9.86,17,156
367,Malachi Corley,WR,CLE,24.3,13,24.55,2.43,144,273
368,Emari Demercado,RB,KC,27.5,13,22.1,4.48,67,209
369,Tyler Lockett,WR,,33.8,17,50.3,3.95,111,192
370,Phil Mafah,RB,DAL,23.7,1,16.66,10.9,,
371,Quinn Ewers,QB,MIA,23.3,5,62.89,6.64,48,47
372,Le'Veon Moss,RB,,23.6,,,,,
373,Kalel Mullings,RB,TEN,23.8,9,1.9,0.08,115,430
374,Zonovan Knight,RB,ARI,25.2,12,34.34,7.74,45,145
375,John Metchie,WR,CAR,26.0,16,46.7,4.49,99,184
376,Noah Brown,WR,,30.5,4,42.21,3.33,122,346
377,Joshua Palmer,WR,BUF,26.8,12,50.45,4.36,103,222
378,Will Shipley,RB,PHI,23.9,15,12.17,1.17,97,322
379,Raheem Mostert,RB,,34.3,12,19.94,2.45,83,284
380,Miles Sanders,RB,,29.2,4,23.02,6.68,53,293
381,Jalin Hyatt,WR,NYG,24.8,8,30.37,1.06,173,369
382,Xavier Restrepo,WR,TEN,24.2,2,20.89,3.55,,
294,Noah Fant,TE,NO,28.6,15,38.2,4.99,40,178
384,Joe Milton,QB,DAL,26.3,4,19.69,2.58,55,56
385,Kendrick Law,WR,DET,23.1,,,,,
250,Samaje Perine,RB,CIN,30.8,15,34.72,5.19,63,174
387,Jahan Dotson,WR,ATL,26.3,17,57.33,2.95,134,227
388,Michael Carter,RB,TEN,27.2,13,44.69,7.62,46,139
389,Kaden Wetjen,WR,PIT,24.3,,,,,
390,Deion Burks,WR,IND,23.5,,,,,
391,Jaleel McLaughlin,RB,DEN,25.8,8,14.69,3.93,74,275
392,Darius Slayton,WR,NYG,29.5,14,82.48,7.06,69,140
393,Dameon Pierce,RB,PHI,26.4,5,6.59,0.72,103,406
394,Rondale Moore,WR,,26.1,,,,,
395,Diego Pavia,QB,,24.4,,,,,
396,Dyami Brown,WR,WAS,26.7,14,41.6,3.55,117,228
397,Jalon Daniels,QB,TB,23.7,,,,,
398,Jaylin Lane,WR,WAS,24.2,15,36.17,2.48,141,255
399,Calvin Austin,WR,NYG,27.3,14,52.96,6.16,76,164
400,Reggie Virgil,WR,ARI,22.2,,,,,
401,Davis Mills,QB,HOU,27.7,6,70.07,11.43,35,41
402,Aidan O'Connell,QB,LV,27.9,1,82.25,4.78,,
403,Luke McCaffrey,WR,WAS,25.3,9,31.17,5.7,85,226
404,Javon Baker,WR,,24.4,,,,,
405,Jonathan Mingo,WR,DAL,25.2,6,17.84,0.58,191,407
406,Derek Carr,QB,,35.3,,,,,
407,Jared Wiley,TE,KC,25.7,5,10.48,0.28,105,427
408,Tyler Higbee,TE,LAR,33.5,10,56.44,7.11,29,186
409,Tutu Atwell,WR,MIA,26.8,10,27.76,3.12,130,276
410,Will Dissly,TE,,30.0,9,30.23,2.3,62,308
411,Malik Benson,WR,LV,23.7,,,,,
412,Josh Cuevas,TE,BAL,22.8,,,,,
413,Jaheim Bell,TE,PIT,25.1,,,,,
414,Brandin Cooks,WR,,32.8,15,52.66,3.46,119,224
314,Luke Schoonmaker,TE,DAL,27.8,17,31.27,1.6,77,292
416,Arian Smith,WR,NYJ,24.7,16,38.0,0.84,183,345
417,Riley Leonard,QB,IND,23.8,5,42.29,5.8,49,49
418,Tahj Washington,WR,MIA,25.1,6,12.83,0.78,184,393
419,Seydou Traore,TE,MIA,23.9,,,,,
420,Matthew Hibner,TE,BAL,24.3,,,,,
421,Kendrick Bourne,WR,ARI,30.9,16,57.26,5.76,84,147
422,Khalil Herbert,RB,,28.2,7,11.55,0.94,100,378
423,Alexander Mattison,RB,,28.1,,,,,
424,KeAndre Lambert-Smith,WR,LAC,24.7,,,,,
425,Tyler Conklin,TE,DET,30.9,13,18.09,1.33,80,324
426,Zack Moss,RB,,28.6,,,,,
427,Jermaine Burton,WR,,25.0,0,,0.0,,
428,Jeremy McNichols,RB,WAS,30.5,17,30.69,4.28,70,183
429,AJ Dillon,RB,CAR,28.2,7,9.97,1.3,95,366
430,Rasheen Ali,RB,BAL,25.4,15,12.97,1.61,90,300
431,Zay Jones,WR,,31.3,8,48.89,3.79,114,280
236,Ty Johnson,RB,BUF,28.8,17,29.9,5.9,57,137
433,Demarcus Robinson,WR,SF,31.8,14,46.14,4.16,106,210
434,Greg Dortch,WR,DET,28.1,12,34.89,6.26,75,177
435,Xavier Hutchinson,WR,HOU,26.1,17,58.42,5.76,83,141
436,Odell Beckham,WR,NYG,33.7,,,,,
437,Mike Williams,WR,,31.8,,,,,
438,Brevin Jordan,TE,HOU,26.0,,,,,
439,Kenny Pickett,QB,CAR,28.1,6,25.73,1.29,57,57
192,Chris Brooks,RB,GB,,,,1.92,,
303,Malik Davis,RB,DAL,,,,4.06,,
